value,datetime,datetime_utc,tz_time,geo_id,geo_name
275088.0,2025-01-01T00:00:00.000+01:00,2024-12-31T23:00:00Z,2024-12-31T23:00:00.000Z,8741,Península
266231.0,2025-01-01T01:00:00.000+01:00,2025-01-01T00:00:00Z,2025-01-01T00:00:00.000Z,8741,Península
251434.0,2025-01-01T02:00:00.000+01:00,2025-01-01T01:00:00Z,2025-01-01T01:00:00.000Z,8741,Península
237297.0,2025-01-01T03:00:00.000+01:00,2025-01-01T02:00:00Z,2025-01-01T02:00:00.000Z,8741,Península
227683.0,2025-01-01T04:00:00.000+01:00,2025-01-01T03:00:00Z,2025-01-01T03:00:00.000Z,8741,Península
224407.0,2025-01-01T05:00:00.000+01:00,2025-01-01T04:00:00Z,2025-01-01T04:00:00.000Z,8741,Península
226497.0,2025-01-01T06:00:00.000+01:00,2025-01-01T05:00:00Z,2025-01-01T05:00:00.000Z,8741,Península
231572.0,2025-01-01T07:00:00.000+01:00,2025-01-01T06:00:00Z,2025-01-01T06:00:00.000Z,8741,Península
233673.0,2025-01-01T08:00:00.000+01:00,2025-01-01T07:00:00Z,2025-01-01T07:00:00.000Z,8741,Península
238841.0,2025-01-01T09:00:00.000+01:00,2025-01-01T08:00:00Z,2025-01-01T08:00:00.000Z,8741,Península
251665.0,2025-01-01T10:00:00.000+01:00,2025-01-01T09:00:00Z,2025-01-01T09:00:00.000Z,8741,Península
263004.0,2025-01-01T11:00:00.000+01:00,2025-01-01T10:00:00Z,2025-01-01T10:00:00.000Z,8741,Península
269922.0,2025-01-01T12:00:00.000+01:00,2025-01-01T11:00:00Z,2025-01-01T11:00:00.000Z,8741,Península
276649.0,2025-01-01T13:00:00.000+01:00,2025-01-01T12:00:00Z,2025-01-01T12:00:00.000Z,8741,Península
280221.0,2025-01-01T14:00:00.000+01:00,2025-01-01T13:00:00Z,2025-01-01T13:00:00.000Z,8741,Península
269987.0,2025-01-01T15:00:00.000+01:00,2025-01-01T14:00:00Z,2025-01-01T14:00:00.000Z,8741,Península
272028.0,2025-01-01T16:00:00.000+01:00,2025-01-01T15:00:00Z,2025-01-01T15:00:00.000Z,8741,Península
284764.0,2025-01-01T17:00:00.000+01:00,2025-01-01T16:00:00Z,2025-01-01T16:00:00.000Z,8741,Península
314542.0,2025-01-01T18:00:00.000+01:00,2025-01-01T17:00:00Z,2025-01-01T17:00:00.000Z,8741,Península
330184.0,2025-01-01T19:00:00.000+01:00,2025-01-01T18:00:00Z,2025-01-01T18:00:00.000Z,8741,Península
342931.0,2025-01-01T20:00:00.000+01:00,2025-01-01T19:00:00Z,2025-01-01T19:00:00.000Z,8741,Península
344966.0,2025-01-01T21:00:00.000+01:00,2025-01-01T20:00:00Z,2025-01-01T20:00:00.000Z,8741,Península
327020.0,2025-01-01T22:00:00.000+01:00,2025-01-01T21:00:00Z,2025-01-01T21:00:00.000Z,8741,Península
296240.0,2025-01-01T23:00:00.000+01:00,2025-01-01T22:00:00Z,2025-01-01T22:00:00.000Z,8741,Península
267994.0,2025-01-02T00:00:00.000+01:00,2025-01-01T23:00:00Z,2025-01-01T23:00:00.000Z,8741,Península
247345.0,2025-01-02T01:00:00.000+01:00,2025-01-02T00:00:00Z,2025-01-02T00:00:00.000Z,8741,Península
234266.0,2025-01-02T02:00:00.000+01:00,2025-01-02T01:00:00Z,2025-01-02T01:00:00.000Z,8741,Península
227382.0,2025-01-02T03:00:00.000+01:00,2025-01-02T02:00:00Z,2025-01-02T02:00:00.000Z,8741,Península
226557.0,2025-01-02T04:00:00.000+01:00,2025-01-02T03:00:00Z,2025-01-02T03:00:00.000Z,8741,Península
235091.0,2025-01-02T05:00:00.000+01:00,2025-01-02T04:00:00Z,2025-01-02T04:00:00.000Z,8741,Península
268671.0,2025-01-02T06:00:00.000+01:00,2025-01-02T05:00:00Z,2025-01-02T05:00:00.000Z,8741,Península
312150.0,2025-01-02T07:00:00.000+01:00,2025-01-02T06:00:00Z,2025-01-02T06:00:00.000Z,8741,Península
349226.0,2025-01-02T08:00:00.000+01:00,2025-01-02T07:00:00Z,2025-01-02T07:00:00.000Z,8741,Península
370746.0,2025-01-02T09:00:00.000+01:00,2025-01-02T08:00:00Z,2025-01-02T08:00:00.000Z,8741,Península
372447.0,2025-01-02T10:00:00.000+01:00,2025-01-02T09:00:00Z,2025-01-02T09:00:00.000Z,8741,Península
364897.0,2025-01-02T11:00:00.000+01:00,2025-01-02T10:00:00Z,2025-01-02T10:00:00.000Z,8741,Península
358172.0,2025-01-02T12:00:00.000+01:00,2025-01-02T11:00:00Z,2025-01-02T11:00:00.000Z,8741,Península
357356.0,2025-01-02T13:00:00.000+01:00,2025-01-02T12:00:00Z,2025-01-02T12:00:00.000Z,8741,Península
362041.0,2025-01-02T14:00:00.000+01:00,2025-01-02T13:00:00Z,2025-01-02T13:00:00.000Z,8741,Península
358253.0,2025-01-02T15:00:00.000+01:00,2025-01-02T14:00:00Z,2025-01-02T14:00:00.000Z,8741,Península
360041.0,2025-01-02T16:00:00.000+01:00,2025-01-02T15:00:00Z,2025-01-02T15:00:00.000Z,8741,Península
370187.0,2025-01-02T17:00:00.000+01:00,2025-01-02T16:00:00Z,2025-01-02T16:00:00.000Z,8741,Península
394769.0,2025-01-02T18:00:00.000+01:00,2025-01-02T17:00:00Z,2025-01-02T17:00:00.000Z,8741,Península
406318.0,2025-01-02T19:00:00.000+01:00,2025-01-02T18:00:00Z,2025-01-02T18:00:00.000Z,8741,Península
413541.0,2025-01-02T20:00:00.000+01:00,2025-01-02T19:00:00Z,2025-01-02T19:00:00.000Z,8741,Península
409713.0,2025-01-02T21:00:00.000+01:00,2025-01-02T20:00:00Z,2025-01-02T20:00:00.000Z,8741,Península
378405.0,2025-01-02T22:00:00.000+01:00,2025-01-02T21:00:00Z,2025-01-02T21:00:00.000Z,8741,Península
338398.0,2025-01-02T23:00:00.000+01:00,2025-01-02T22:00:00Z,2025-01-02T22:00:00.000Z,8741,Península
307183.0,2025-01-03T00:00:00.000+01:00,2025-01-02T23:00:00Z,2025-01-02T23:00:00.000Z,8741,Península
281206.0,2025-01-03T01:00:00.000+01:00,2025-01-03T00:00:00Z,2025-01-03T00:00:00.000Z,8741,Península
262929.0,2025-01-03T02:00:00.000+01:00,2025-01-03T01:00:00Z,2025-01-03T01:00:00.000Z,8741,Península
253835.0,2025-01-03T03:00:00.000+01:00,2025-01-03T02:00:00Z,2025-01-03T02:00:00.000Z,8741,Península
250691.0,2025-01-03T04:00:00.000+01:00,2025-01-03T03:00:00Z,2025-01-03T03:00:00.000Z,8741,Península
255892.0,2025-01-03T05:00:00.000+01:00,2025-01-03T04:00:00Z,2025-01-03T04:00:00.000Z,8741,Península
285387.0,2025-01-03T06:00:00.000+01:00,2025-01-03T05:00:00Z,2025-01-03T05:00:00.000Z,8741,Península
324578.0,2025-01-03T07:00:00.000+01:00,2025-01-03T06:00:00Z,2025-01-03T06:00:00.000Z,8741,Península
359019.0,2025-01-03T08:00:00.000+01:00,2025-01-03T07:00:00Z,2025-01-03T07:00:00.000Z,8741,Península
378026.0,2025-01-03T09:00:00.000+01:00,2025-01-03T08:00:00Z,2025-01-03T08:00:00.000Z,8741,Península
380814.0,2025-01-03T10:00:00.000+01:00,2025-01-03T09:00:00Z,2025-01-03T09:00:00.000Z,8741,Península
376271.0,2025-01-03T11:00:00.000+01:00,2025-01-03T10:00:00Z,2025-01-03T10:00:00.000Z,8741,Península
374364.0,2025-01-03T12:00:00.000+01:00,2025-01-03T11:00:00Z,2025-01-03T11:00:00.000Z,8741,Península
375293.0,2025-01-03T13:00:00.000+01:00,2025-01-03T12:00:00Z,2025-01-03T12:00:00.000Z,8741,Península
374710.0,2025-01-03T14:00:00.000+01:00,2025-01-03T13:00:00Z,2025-01-03T13:00:00.000Z,8741,Península
364641.0,2025-01-03T15:00:00.000+01:00,2025-01-03T14:00:00Z,2025-01-03T14:00:00.000Z,8741,Península
365195.0,2025-01-03T16:00:00.000+01:00,2025-01-03T15:00:00Z,2025-01-03T15:00:00.000Z,8741,Península
375163.0,2025-01-03T17:00:00.000+01:00,2025-01-03T16:00:00Z,2025-01-03T16:00:00.000Z,8741,Península
396066.0,2025-01-03T18:00:00.000+01:00,2025-01-03T17:00:00Z,2025-01-03T17:00:00.000Z,8741,Península
401761.0,2025-01-03T19:00:00.000+01:00,2025-01-03T18:00:00Z,2025-01-03T18:00:00.000Z,8741,Península
405431.0,2025-01-03T20:00:00.000+01:00,2025-01-03T19:00:00Z,2025-01-03T19:00:00.000Z,8741,Península
399162.0,2025-01-03T21:00:00.000+01:00,2025-01-03T20:00:00Z,2025-01-03T20:00:00.000Z,8741,Península
368871.0,2025-01-03T22:00:00.000+01:00,2025-01-03T21:00:00Z,2025-01-03T21:00:00.000Z,8741,Península
336422.0,2025-01-03T23:00:00.000+01:00,2025-01-03T22:00:00Z,2025-01-03T22:00:00.000Z,8741,Península
309947.0,2025-01-04T00:00:00.000+01:00,2025-01-03T23:00:00Z,2025-01-03T23:00:00.000Z,8741,Península
283126.0,2025-01-04T01:00:00.000+01:00,2025-01-04T00:00:00Z,2025-01-04T00:00:00.000Z,8741,Península
262074.0,2025-01-04T02:00:00.000+01:00,2025-01-04T01:00:00Z,2025-01-04T01:00:00.000Z,8741,Península
251117.0,2025-01-04T03:00:00.000+01:00,2025-01-04T02:00:00Z,2025-01-04T02:00:00.000Z,8741,Península
246095.0,2025-01-04T04:00:00.000+01:00,2025-01-04T03:00:00Z,2025-01-04T03:00:00.000Z,8741,Península
246860.0,2025-01-04T05:00:00.000+01:00,2025-01-04T04:00:00Z,2025-01-04T04:00:00.000Z,8741,Península
255813.0,2025-01-04T06:00:00.000+01:00,2025-01-04T05:00:00Z,2025-01-04T05:00:00.000Z,8741,Península
274357.0,2025-01-04T07:00:00.000+01:00,2025-01-04T06:00:00Z,2025-01-04T06:00:00.000Z,8741,Península
293901.0,2025-01-04T08:00:00.000+01:00,2025-01-04T07:00:00Z,2025-01-04T07:00:00.000Z,8741,Península
317882.0,2025-01-04T09:00:00.000+01:00,2025-01-04T08:00:00Z,2025-01-04T08:00:00.000Z,8741,Península
334080.0,2025-01-04T10:00:00.000+01:00,2025-01-04T09:00:00Z,2025-01-04T09:00:00.000Z,8741,Península
331752.0,2025-01-04T11:00:00.000+01:00,2025-01-04T10:00:00Z,2025-01-04T10:00:00.000Z,8741,Península
325617.0,2025-01-04T12:00:00.000+01:00,2025-01-04T11:00:00Z,2025-01-04T11:00:00.000Z,8741,Península
327982.0,2025-01-04T13:00:00.000+01:00,2025-01-04T12:00:00Z,2025-01-04T12:00:00.000Z,8741,Península
331271.0,2025-01-04T14:00:00.000+01:00,2025-01-04T13:00:00Z,2025-01-04T13:00:00.000Z,8741,Península
328006.0,2025-01-04T15:00:00.000+01:00,2025-01-04T14:00:00Z,2025-01-04T14:00:00.000Z,8741,Península
326166.0,2025-01-04T16:00:00.000+01:00,2025-01-04T15:00:00Z,2025-01-04T15:00:00.000Z,8741,Península
333689.0,2025-01-04T17:00:00.000+01:00,2025-01-04T16:00:00Z,2025-01-04T16:00:00.000Z,8741,Península
352662.0,2025-01-04T18:00:00.000+01:00,2025-01-04T17:00:00Z,2025-01-04T17:00:00.000Z,8741,Península
360433.0,2025-01-04T19:00:00.000+01:00,2025-01-04T18:00:00Z,2025-01-04T18:00:00.000Z,8741,Península
368957.0,2025-01-04T20:00:00.000+01:00,2025-01-04T19:00:00Z,2025-01-04T19:00:00.000Z,8741,Península
369987.0,2025-01-04T21:00:00.000+01:00,2025-01-04T20:00:00Z,2025-01-04T20:00:00.000Z,8741,Península
344168.0,2025-01-04T22:00:00.000+01:00,2025-01-04T21:00:00Z,2025-01-04T21:00:00.000Z,8741,Península
316879.0,2025-01-04T23:00:00.000+01:00,2025-01-04T22:00:00Z,2025-01-04T22:00:00.000Z,8741,Península
291109.0,2025-01-05T00:00:00.000+01:00,2025-01-04T23:00:00Z,2025-01-04T23:00:00.000Z,8741,Península
267429.0,2025-01-05T01:00:00.000+01:00,2025-01-05T00:00:00Z,2025-01-05T00:00:00.000Z,8741,Península
249421.0,2025-01-05T02:00:00.000+01:00,2025-01-05T01:00:00Z,2025-01-05T01:00:00.000Z,8741,Península
237390.0,2025-01-05T03:00:00.000+01:00,2025-01-05T02:00:00Z,2025-01-05T02:00:00.000Z,8741,Península
233139.0,2025-01-05T04:00:00.000+01:00,2025-01-05T03:00:00Z,2025-01-05T03:00:00.000Z,8741,Península
231892.0,2025-01-05T05:00:00.000+01:00,2025-01-05T04:00:00Z,2025-01-05T04:00:00.000Z,8741,Península
238348.0,2025-01-05T06:00:00.000+01:00,2025-01-05T05:00:00Z,2025-01-05T05:00:00.000Z,8741,Península
249012.0,2025-01-05T07:00:00.000+01:00,2025-01-05T06:00:00Z,2025-01-05T06:00:00.000Z,8741,Península
261969.0,2025-01-05T08:00:00.000+01:00,2025-01-05T07:00:00Z,2025-01-05T07:00:00.000Z,8741,Península
283072.0,2025-01-05T09:00:00.000+01:00,2025-01-05T08:00:00Z,2025-01-05T08:00:00.000Z,8741,Península
302489.0,2025-01-05T10:00:00.000+01:00,2025-01-05T09:00:00Z,2025-01-05T09:00:00.000Z,8741,Península
309545.0,2025-01-05T11:00:00.000+01:00,2025-01-05T10:00:00Z,2025-01-05T10:00:00.000Z,8741,Península
314260.0,2025-01-05T12:00:00.000+01:00,2025-01-05T11:00:00Z,2025-01-05T11:00:00.000Z,8741,Península
323751.0,2025-01-05T13:00:00.000+01:00,2025-01-05T12:00:00Z,2025-01-05T12:00:00.000Z,8741,Península
327954.0,2025-01-05T14:00:00.000+01:00,2025-01-05T13:00:00Z,2025-01-05T13:00:00.000Z,8741,Península
321398.0,2025-01-05T15:00:00.000+01:00,2025-01-05T14:00:00Z,2025-01-05T14:00:00.000Z,8741,Península
320090.0,2025-01-05T16:00:00.000+01:00,2025-01-05T15:00:00Z,2025-01-05T15:00:00.000Z,8741,Península
321957.0,2025-01-05T17:00:00.000+01:00,2025-01-05T16:00:00Z,2025-01-05T16:00:00.000Z,8741,Península
333463.0,2025-01-05T18:00:00.000+01:00,2025-01-05T17:00:00Z,2025-01-05T17:00:00.000Z,8741,Península
335851.0,2025-01-05T19:00:00.000+01:00,2025-01-05T18:00:00Z,2025-01-05T18:00:00.000Z,8741,Península
343165.0,2025-01-05T20:00:00.000+01:00,2025-01-05T19:00:00Z,2025-01-05T19:00:00.000Z,8741,Península
346234.0,2025-01-05T21:00:00.000+01:00,2025-01-05T20:00:00Z,2025-01-05T20:00:00.000Z,8741,Península
328654.0,2025-01-05T22:00:00.000+01:00,2025-01-05T21:00:00Z,2025-01-05T21:00:00.000Z,8741,Península
304054.0,2025-01-05T23:00:00.000+01:00,2025-01-05T22:00:00Z,2025-01-05T22:00:00.000Z,8741,Península
278684.0,2025-01-06T00:00:00.000+01:00,2025-01-05T23:00:00Z,2025-01-05T23:00:00.000Z,8741,Península
256218.0,2025-01-06T01:00:00.000+01:00,2025-01-06T00:00:00Z,2025-01-06T00:00:00.000Z,8741,Península
238617.0,2025-01-06T02:00:00.000+01:00,2025-01-06T01:00:00Z,2025-01-06T01:00:00.000Z,8741,Península
228073.0,2025-01-06T03:00:00.000+01:00,2025-01-06T02:00:00Z,2025-01-06T02:00:00.000Z,8741,Península
223004.0,2025-01-06T04:00:00.000+01:00,2025-01-06T03:00:00Z,2025-01-06T03:00:00.000Z,8741,Península
224203.0,2025-01-06T05:00:00.000+01:00,2025-01-06T04:00:00Z,2025-01-06T04:00:00.000Z,8741,Península
230791.0,2025-01-06T06:00:00.000+01:00,2025-01-06T05:00:00Z,2025-01-06T05:00:00.000Z,8741,Península
240924.0,2025-01-06T07:00:00.000+01:00,2025-01-06T06:00:00Z,2025-01-06T06:00:00.000Z,8741,Península
252711.0,2025-01-06T08:00:00.000+01:00,2025-01-06T07:00:00Z,2025-01-06T07:00:00.000Z,8741,Península
272750.0,2025-01-06T09:00:00.000+01:00,2025-01-06T08:00:00Z,2025-01-06T08:00:00.000Z,8741,Península
289170.0,2025-01-06T10:00:00.000+01:00,2025-01-06T09:00:00Z,2025-01-06T09:00:00.000Z,8741,Península
297463.0,2025-01-06T11:00:00.000+01:00,2025-01-06T10:00:00Z,2025-01-06T10:00:00.000Z,8741,Península
297918.0,2025-01-06T12:00:00.000+01:00,2025-01-06T11:00:00Z,2025-01-06T11:00:00.000Z,8741,Península
301475.0,2025-01-06T13:00:00.000+01:00,2025-01-06T12:00:00Z,2025-01-06T12:00:00.000Z,8741,Península
296316.0,2025-01-06T14:00:00.000+01:00,2025-01-06T13:00:00Z,2025-01-06T13:00:00.000Z,8741,Península
284012.0,2025-01-06T15:00:00.000+01:00,2025-01-06T14:00:00Z,2025-01-06T14:00:00.000Z,8741,Península
282461.0,2025-01-06T16:00:00.000+01:00,2025-01-06T15:00:00Z,2025-01-06T15:00:00.000Z,8741,Península
292659.0,2025-01-06T17:00:00.000+01:00,2025-01-06T16:00:00Z,2025-01-06T16:00:00.000Z,8741,Península
319758.0,2025-01-06T18:00:00.000+01:00,2025-01-06T17:00:00Z,2025-01-06T17:00:00.000Z,8741,Península
335029.0,2025-01-06T19:00:00.000+01:00,2025-01-06T18:00:00Z,2025-01-06T18:00:00.000Z,8741,Península
346877.0,2025-01-06T20:00:00.000+01:00,2025-01-06T19:00:00Z,2025-01-06T19:00:00.000Z,8741,Península
349413.0,2025-01-06T21:00:00.000+01:00,2025-01-06T20:00:00Z,2025-01-06T20:00:00.000Z,8741,Península
334080.0,2025-01-06T22:00:00.000+01:00,2025-01-06T21:00:00Z,2025-01-06T21:00:00.000Z,8741,Península
303824.0,2025-01-06T23:00:00.000+01:00,2025-01-06T22:00:00Z,2025-01-06T22:00:00.000Z,8741,Península
278464.0,2025-01-07T00:00:00.000+01:00,2025-01-06T23:00:00Z,2025-01-06T23:00:00.000Z,8741,Península
257973.0,2025-01-07T01:00:00.000+01:00,2025-01-07T00:00:00Z,2025-01-07T00:00:00.000Z,8741,Península
245482.0,2025-01-07T02:00:00.000+01:00,2025-01-07T01:00:00Z,2025-01-07T01:00:00.000Z,8741,Península
241077.0,2025-01-07T03:00:00.000+01:00,2025-01-07T02:00:00Z,2025-01-07T02:00:00.000Z,8741,Península
242624.0,2025-01-07T04:00:00.000+01:00,2025-01-07T03:00:00Z,2025-01-07T03:00:00.000Z,8741,Península
251870.0,2025-01-07T05:00:00.000+01:00,2025-01-07T04:00:00Z,2025-01-07T04:00:00.000Z,8741,Península
290743.0,2025-01-07T06:00:00.000+01:00,2025-01-07T05:00:00Z,2025-01-07T05:00:00.000Z,8741,Península
341017.0,2025-01-07T07:00:00.000+01:00,2025-01-07T06:00:00Z,2025-01-07T06:00:00.000Z,8741,Península
383748.0,2025-01-07T08:00:00.000+01:00,2025-01-07T07:00:00Z,2025-01-07T07:00:00.000Z,8741,Península
398445.0,2025-01-07T09:00:00.000+01:00,2025-01-07T08:00:00Z,2025-01-07T08:00:00.000Z,8741,Península
396230.0,2025-01-07T10:00:00.000+01:00,2025-01-07T09:00:00Z,2025-01-07T09:00:00.000Z,8741,Península
386870.0,2025-01-07T11:00:00.000+01:00,2025-01-07T10:00:00Z,2025-01-07T10:00:00.000Z,8741,Península
378822.0,2025-01-07T12:00:00.000+01:00,2025-01-07T11:00:00Z,2025-01-07T11:00:00.000Z,8741,Península
382094.0,2025-01-07T13:00:00.000+01:00,2025-01-07T12:00:00Z,2025-01-07T12:00:00.000Z,8741,Península
383935.0,2025-01-07T14:00:00.000+01:00,2025-01-07T13:00:00Z,2025-01-07T13:00:00.000Z,8741,Península
383136.0,2025-01-07T15:00:00.000+01:00,2025-01-07T14:00:00Z,2025-01-07T14:00:00.000Z,8741,Península
387114.0,2025-01-07T16:00:00.000+01:00,2025-01-07T15:00:00Z,2025-01-07T15:00:00.000Z,8741,Península
400049.0,2025-01-07T17:00:00.000+01:00,2025-01-07T16:00:00Z,2025-01-07T16:00:00.000Z,8741,Península
423614.0,2025-01-07T18:00:00.000+01:00,2025-01-07T17:00:00Z,2025-01-07T17:00:00.000Z,8741,Península
435442.0,2025-01-07T19:00:00.000+01:00,2025-01-07T18:00:00Z,2025-01-07T18:00:00.000Z,8741,Península
446168.0,2025-01-07T20:00:00.000+01:00,2025-01-07T19:00:00Z,2025-01-07T19:00:00.000Z,8741,Península
436138.0,2025-01-07T21:00:00.000+01:00,2025-01-07T20:00:00Z,2025-01-07T20:00:00.000Z,8741,Península
389989.0,2025-01-07T22:00:00.000+01:00,2025-01-07T21:00:00Z,2025-01-07T21:00:00.000Z,8741,Península
344306.0,2025-01-07T23:00:00.000+01:00,2025-01-07T22:00:00Z,2025-01-07T22:00:00.000Z,8741,Península
315876.0,2025-01-08T00:00:00.000+01:00,2025-01-07T23:00:00Z,2025-01-07T23:00:00.000Z,8741,Península
290801.0,2025-01-08T01:00:00.000+01:00,2025-01-08T00:00:00Z,2025-01-08T00:00:00.000Z,8741,Península
275867.0,2025-01-08T02:00:00.000+01:00,2025-01-08T01:00:00Z,2025-01-08T01:00:00.000Z,8741,Península
269501.0,2025-01-08T03:00:00.000+01:00,2025-01-08T02:00:00Z,2025-01-08T02:00:00.000Z,8741,Península
269468.0,2025-01-08T04:00:00.000+01:00,2025-01-08T03:00:00Z,2025-01-08T03:00:00.000Z,8741,Península
278575.0,2025-01-08T05:00:00.000+01:00,2025-01-08T04:00:00Z,2025-01-08T04:00:00.000Z,8741,Península
316059.0,2025-01-08T06:00:00.000+01:00,2025-01-08T05:00:00Z,2025-01-08T05:00:00.000Z,8741,Península
373378.0,2025-01-08T07:00:00.000+01:00,2025-01-08T06:00:00Z,2025-01-08T06:00:00.000Z,8741,Península
407636.0,2025-01-08T08:00:00.000+01:00,2025-01-08T07:00:00Z,2025-01-08T07:00:00.000Z,8741,Península
412287.0,2025-01-08T09:00:00.000+01:00,2025-01-08T08:00:00Z,2025-01-08T08:00:00.000Z,8741,Península
407502.0,2025-01-08T10:00:00.000+01:00,2025-01-08T09:00:00Z,2025-01-08T09:00:00.000Z,8741,Península
398232.0,2025-01-08T11:00:00.000+01:00,2025-01-08T10:00:00Z,2025-01-08T10:00:00.000Z,8741,Península
391747.0,2025-01-08T12:00:00.000+01:00,2025-01-08T11:00:00Z,2025-01-08T11:00:00.000Z,8741,Península
392088.0,2025-01-08T13:00:00.000+01:00,2025-01-08T12:00:00Z,2025-01-08T12:00:00.000Z,8741,Península
390985.0,2025-01-08T14:00:00.000+01:00,2025-01-08T13:00:00Z,2025-01-08T13:00:00.000Z,8741,Península
388142.0,2025-01-08T15:00:00.000+01:00,2025-01-08T14:00:00Z,2025-01-08T14:00:00.000Z,8741,Península
388614.0,2025-01-08T16:00:00.000+01:00,2025-01-08T15:00:00Z,2025-01-08T15:00:00.000Z,8741,Península
402884.0,2025-01-08T17:00:00.000+01:00,2025-01-08T16:00:00Z,2025-01-08T16:00:00.000Z,8741,Península
424093.0,2025-01-08T18:00:00.000+01:00,2025-01-08T17:00:00Z,2025-01-08T17:00:00.000Z,8741,Península
436296.0,2025-01-08T19:00:00.000+01:00,2025-01-08T18:00:00Z,2025-01-08T18:00:00.000Z,8741,Península
443940.0,2025-01-08T20:00:00.000+01:00,2025-01-08T19:00:00Z,2025-01-08T19:00:00.000Z,8741,Península
429477.0,2025-01-08T21:00:00.000+01:00,2025-01-08T20:00:00Z,2025-01-08T20:00:00.000Z,8741,Península
386897.0,2025-01-08T22:00:00.000+01:00,2025-01-08T21:00:00Z,2025-01-08T21:00:00.000Z,8741,Península
343097.0,2025-01-08T23:00:00.000+01:00,2025-01-08T22:00:00Z,2025-01-08T22:00:00.000Z,8741,Península
312741.0,2025-01-09T00:00:00.000+01:00,2025-01-08T23:00:00Z,2025-01-08T23:00:00.000Z,8741,Península
292049.0,2025-01-09T01:00:00.000+01:00,2025-01-09T00:00:00Z,2025-01-09T00:00:00.000Z,8741,Península
278766.0,2025-01-09T02:00:00.000+01:00,2025-01-09T01:00:00Z,2025-01-09T01:00:00.000Z,8741,Península
272436.0,2025-01-09T03:00:00.000+01:00,2025-01-09T02:00:00Z,2025-01-09T02:00:00.000Z,8741,Península
272078.0,2025-01-09T04:00:00.000+01:00,2025-01-09T03:00:00Z,2025-01-09T03:00:00.000Z,8741,Península
279136.0,2025-01-09T05:00:00.000+01:00,2025-01-09T04:00:00Z,2025-01-09T04:00:00.000Z,8741,Península
314587.0,2025-01-09T06:00:00.000+01:00,2025-01-09T05:00:00Z,2025-01-09T05:00:00.000Z,8741,Península
369359.0,2025-01-09T07:00:00.000+01:00,2025-01-09T06:00:00Z,2025-01-09T06:00:00.000Z,8741,Península
400904.0,2025-01-09T08:00:00.000+01:00,2025-01-09T07:00:00Z,2025-01-09T07:00:00.000Z,8741,Península
403966.0,2025-01-09T09:00:00.000+01:00,2025-01-09T08:00:00Z,2025-01-09T08:00:00.000Z,8741,Península
396231.0,2025-01-09T10:00:00.000+01:00,2025-01-09T09:00:00Z,2025-01-09T09:00:00.000Z,8741,Península
385861.0,2025-01-09T11:00:00.000+01:00,2025-01-09T10:00:00Z,2025-01-09T10:00:00.000Z,8741,Península
376712.0,2025-01-09T12:00:00.000+01:00,2025-01-09T11:00:00Z,2025-01-09T11:00:00.000Z,8741,Península
376968.0,2025-01-09T13:00:00.000+01:00,2025-01-09T12:00:00Z,2025-01-09T12:00:00.000Z,8741,Península
371314.0,2025-01-09T14:00:00.000+01:00,2025-01-09T13:00:00Z,2025-01-09T13:00:00.000Z,8741,Península
367063.0,2025-01-09T15:00:00.000+01:00,2025-01-09T14:00:00Z,2025-01-09T14:00:00.000Z,8741,Península
370286.0,2025-01-09T16:00:00.000+01:00,2025-01-09T15:00:00Z,2025-01-09T15:00:00.000Z,8741,Península
382068.0,2025-01-09T17:00:00.000+01:00,2025-01-09T16:00:00Z,2025-01-09T16:00:00.000Z,8741,Península
407004.0,2025-01-09T18:00:00.000+01:00,2025-01-09T17:00:00Z,2025-01-09T17:00:00.000Z,8741,Península
422166.0,2025-01-09T19:00:00.000+01:00,2025-01-09T18:00:00Z,2025-01-09T18:00:00.000Z,8741,Península
432660.0,2025-01-09T20:00:00.000+01:00,2025-01-09T19:00:00Z,2025-01-09T19:00:00.000Z,8741,Península
421931.0,2025-01-09T21:00:00.000+01:00,2025-01-09T20:00:00Z,2025-01-09T20:00:00.000Z,8741,Península
382567.0,2025-01-09T22:00:00.000+01:00,2025-01-09T21:00:00Z,2025-01-09T21:00:00.000Z,8741,Península
340350.0,2025-01-09T23:00:00.000+01:00,2025-01-09T22:00:00Z,2025-01-09T22:00:00.000Z,8741,Península
315193.0,2025-01-10T00:00:00.000+01:00,2025-01-09T23:00:00Z,2025-01-09T23:00:00.000Z,8741,Península
292381.0,2025-01-10T01:00:00.000+01:00,2025-01-10T00:00:00Z,2025-01-10T00:00:00.000Z,8741,Península
278349.0,2025-01-10T02:00:00.000+01:00,2025-01-10T01:00:00Z,2025-01-10T01:00:00.000Z,8741,Península
273407.0,2025-01-10T03:00:00.000+01:00,2025-01-10T02:00:00Z,2025-01-10T02:00:00.000Z,8741,Península
271787.0,2025-01-10T04:00:00.000+01:00,2025-01-10T03:00:00Z,2025-01-10T03:00:00.000Z,8741,Península
279173.0,2025-01-10T05:00:00.000+01:00,2025-01-10T04:00:00Z,2025-01-10T04:00:00.000Z,8741,Península
313208.0,2025-01-10T06:00:00.000+01:00,2025-01-10T05:00:00Z,2025-01-10T05:00:00.000Z,8741,Península
367752.0,2025-01-10T07:00:00.000+01:00,2025-01-10T06:00:00Z,2025-01-10T06:00:00.000Z,8741,Península
401944.0,2025-01-10T08:00:00.000+01:00,2025-01-10T07:00:00Z,2025-01-10T07:00:00.000Z,8741,Península
403981.0,2025-01-10T09:00:00.000+01:00,2025-01-10T08:00:00Z,2025-01-10T08:00:00.000Z,8741,Península
398886.0,2025-01-10T10:00:00.000+01:00,2025-01-10T09:00:00Z,2025-01-10T09:00:00.000Z,8741,Península
388318.0,2025-01-10T11:00:00.000+01:00,2025-01-10T10:00:00Z,2025-01-10T10:00:00.000Z,8741,Península
380490.0,2025-01-10T12:00:00.000+01:00,2025-01-10T11:00:00Z,2025-01-10T11:00:00.000Z,8741,Península
376732.0,2025-01-10T13:00:00.000+01:00,2025-01-10T12:00:00Z,2025-01-10T12:00:00.000Z,8741,Península
369408.0,2025-01-10T14:00:00.000+01:00,2025-01-10T13:00:00Z,2025-01-10T13:00:00.000Z,8741,Península
364987.0,2025-01-10T15:00:00.000+01:00,2025-01-10T14:00:00Z,2025-01-10T14:00:00.000Z,8741,Península
365461.0,2025-01-10T16:00:00.000+01:00,2025-01-10T15:00:00Z,2025-01-10T15:00:00.000Z,8741,Península
376118.0,2025-01-10T17:00:00.000+01:00,2025-01-10T16:00:00Z,2025-01-10T16:00:00.000Z,8741,Península
397925.0,2025-01-10T18:00:00.000+01:00,2025-01-10T17:00:00Z,2025-01-10T17:00:00.000Z,8741,Península
408742.0,2025-01-10T19:00:00.000+01:00,2025-01-10T18:00:00Z,2025-01-10T18:00:00.000Z,8741,Península
412665.0,2025-01-10T20:00:00.000+01:00,2025-01-10T19:00:00Z,2025-01-10T19:00:00.000Z,8741,Península
404125.0,2025-01-10T21:00:00.000+01:00,2025-01-10T20:00:00Z,2025-01-10T20:00:00.000Z,8741,Península
370123.0,2025-01-10T22:00:00.000+01:00,2025-01-10T21:00:00Z,2025-01-10T21:00:00.000Z,8741,Península
336781.0,2025-01-10T23:00:00.000+01:00,2025-01-10T22:00:00Z,2025-01-10T22:00:00.000Z,8741,Península
314882.0,2025-01-11T00:00:00.000+01:00,2025-01-10T23:00:00Z,2025-01-10T23:00:00.000Z,8741,Península
291708.0,2025-01-11T01:00:00.000+01:00,2025-01-11T00:00:00Z,2025-01-11T00:00:00.000Z,8741,Península
273239.0,2025-01-11T02:00:00.000+01:00,2025-01-11T01:00:00Z,2025-01-11T01:00:00.000Z,8741,Península
263644.0,2025-01-11T03:00:00.000+01:00,2025-01-11T02:00:00Z,2025-01-11T02:00:00.000Z,8741,Península
259069.0,2025-01-11T04:00:00.000+01:00,2025-01-11T03:00:00Z,2025-01-11T03:00:00.000Z,8741,Península
258463.0,2025-01-11T05:00:00.000+01:00,2025-01-11T04:00:00Z,2025-01-11T04:00:00.000Z,8741,Península
265917.0,2025-01-11T06:00:00.000+01:00,2025-01-11T05:00:00Z,2025-01-11T05:00:00.000Z,8741,Península
283371.0,2025-01-11T07:00:00.000+01:00,2025-01-11T06:00:00Z,2025-01-11T06:00:00.000Z,8741,Península
304747.0,2025-01-11T08:00:00.000+01:00,2025-01-11T07:00:00Z,2025-01-11T07:00:00.000Z,8741,Península
327399.0,2025-01-11T09:00:00.000+01:00,2025-01-11T08:00:00Z,2025-01-11T08:00:00.000Z,8741,Península
342947.0,2025-01-11T10:00:00.000+01:00,2025-01-11T09:00:00Z,2025-01-11T09:00:00.000Z,8741,Península
337460.0,2025-01-11T11:00:00.000+01:00,2025-01-11T10:00:00Z,2025-01-11T10:00:00.000Z,8741,Península
328211.0,2025-01-11T12:00:00.000+01:00,2025-01-11T11:00:00Z,2025-01-11T11:00:00.000Z,8741,Península
327816.0,2025-01-11T13:00:00.000+01:00,2025-01-11T12:00:00Z,2025-01-11T12:00:00.000Z,8741,Península
329594.0,2025-01-11T14:00:00.000+01:00,2025-01-11T13:00:00Z,2025-01-11T13:00:00.000Z,8741,Península
320277.0,2025-01-11T15:00:00.000+01:00,2025-01-11T14:00:00Z,2025-01-11T14:00:00.000Z,8741,Península
314944.0,2025-01-11T16:00:00.000+01:00,2025-01-11T15:00:00Z,2025-01-11T15:00:00.000Z,8741,Península
318940.0,2025-01-11T17:00:00.000+01:00,2025-01-11T16:00:00Z,2025-01-11T16:00:00.000Z,8741,Península
338988.0,2025-01-11T18:00:00.000+01:00,2025-01-11T17:00:00Z,2025-01-11T17:00:00.000Z,8741,Península
349839.0,2025-01-11T19:00:00.000+01:00,2025-01-11T18:00:00Z,2025-01-11T18:00:00.000Z,8741,Península
357917.0,2025-01-11T20:00:00.000+01:00,2025-01-11T19:00:00Z,2025-01-11T19:00:00.000Z,8741,Península
357083.0,2025-01-11T21:00:00.000+01:00,2025-01-11T20:00:00Z,2025-01-11T20:00:00.000Z,8741,Península
333702.0,2025-01-11T22:00:00.000+01:00,2025-01-11T21:00:00Z,2025-01-11T21:00:00.000Z,8741,Península
309142.0,2025-01-11T23:00:00.000+01:00,2025-01-11T22:00:00Z,2025-01-11T22:00:00.000Z,8741,Península
285444.0,2025-01-12T00:00:00.000+01:00,2025-01-11T23:00:00Z,2025-01-11T23:00:00.000Z,8741,Península
265649.0,2025-01-12T01:00:00.000+01:00,2025-01-12T00:00:00Z,2025-01-12T00:00:00.000Z,8741,Península
248841.0,2025-01-12T02:00:00.000+01:00,2025-01-12T01:00:00Z,2025-01-12T01:00:00.000Z,8741,Península
241672.0,2025-01-12T03:00:00.000+01:00,2025-01-12T02:00:00Z,2025-01-12T02:00:00.000Z,8741,Península
236853.0,2025-01-12T04:00:00.000+01:00,2025-01-12T03:00:00Z,2025-01-12T03:00:00.000Z,8741,Península
238076.0,2025-01-12T05:00:00.000+01:00,2025-01-12T04:00:00Z,2025-01-12T04:00:00.000Z,8741,Península
244551.0,2025-01-12T06:00:00.000+01:00,2025-01-12T05:00:00Z,2025-01-12T05:00:00.000Z,8741,Península
255436.0,2025-01-12T07:00:00.000+01:00,2025-01-12T06:00:00Z,2025-01-12T06:00:00.000Z,8741,Península
268014.0,2025-01-12T08:00:00.000+01:00,2025-01-12T07:00:00Z,2025-01-12T07:00:00.000Z,8741,Península
285746.0,2025-01-12T09:00:00.000+01:00,2025-01-12T08:00:00Z,2025-01-12T08:00:00.000Z,8741,Península
300661.0,2025-01-12T10:00:00.000+01:00,2025-01-12T09:00:00Z,2025-01-12T09:00:00.000Z,8741,Península
300124.0,2025-01-12T11:00:00.000+01:00,2025-01-12T10:00:00Z,2025-01-12T10:00:00.000Z,8741,Península
294939.0,2025-01-12T12:00:00.000+01:00,2025-01-12T11:00:00Z,2025-01-12T11:00:00.000Z,8741,Península
293966.0,2025-01-12T13:00:00.000+01:00,2025-01-12T12:00:00Z,2025-01-12T12:00:00.000Z,8741,Península
295245.0,2025-01-12T14:00:00.000+01:00,2025-01-12T13:00:00Z,2025-01-12T13:00:00.000Z,8741,Península
288605.0,2025-01-12T15:00:00.000+01:00,2025-01-12T14:00:00Z,2025-01-12T14:00:00.000Z,8741,Península
291853.0,2025-01-12T16:00:00.000+01:00,2025-01-12T15:00:00Z,2025-01-12T15:00:00.000Z,8741,Península
300999.0,2025-01-12T17:00:00.000+01:00,2025-01-12T16:00:00Z,2025-01-12T16:00:00.000Z,8741,Península
332057.0,2025-01-12T18:00:00.000+01:00,2025-01-12T17:00:00Z,2025-01-12T17:00:00.000Z,8741,Península
357387.0,2025-01-12T19:00:00.000+01:00,2025-01-12T18:00:00Z,2025-01-12T18:00:00.000Z,8741,Península
367456.0,2025-01-12T20:00:00.000+01:00,2025-01-12T19:00:00Z,2025-01-12T19:00:00.000Z,8741,Península
367098.0,2025-01-12T21:00:00.000+01:00,2025-01-12T20:00:00Z,2025-01-12T20:00:00.000Z,8741,Península
343518.0,2025-01-12T22:00:00.000+01:00,2025-01-12T21:00:00Z,2025-01-12T21:00:00.000Z,8741,Península
312751.0,2025-01-12T23:00:00.000+01:00,2025-01-12T22:00:00Z,2025-01-12T22:00:00.000Z,8741,Península
287166.0,2025-01-13T00:00:00.000+01:00,2025-01-12T23:00:00Z,2025-01-12T23:00:00.000Z,8741,Península
269203.0,2025-01-13T01:00:00.000+01:00,2025-01-13T00:00:00Z,2025-01-13T00:00:00.000Z,8741,Península
257794.0,2025-01-13T02:00:00.000+01:00,2025-01-13T01:00:00Z,2025-01-13T01:00:00.000Z,8741,Península
253509.0,2025-01-13T03:00:00.000+01:00,2025-01-13T02:00:00Z,2025-01-13T02:00:00.000Z,8741,Península
253960.0,2025-01-13T04:00:00.000+01:00,2025-01-13T03:00:00Z,2025-01-13T03:00:00.000Z,8741,Península
263975.0,2025-01-13T05:00:00.000+01:00,2025-01-13T04:00:00Z,2025-01-13T04:00:00.000Z,8741,Península
307716.0,2025-01-13T06:00:00.000+01:00,2025-01-13T05:00:00Z,2025-01-13T05:00:00.000Z,8741,Península
370678.0,2025-01-13T07:00:00.000+01:00,2025-01-13T06:00:00Z,2025-01-13T06:00:00.000Z,8741,Península
412216.0,2025-01-13T08:00:00.000+01:00,2025-01-13T07:00:00Z,2025-01-13T07:00:00.000Z,8741,Península
416375.0,2025-01-13T09:00:00.000+01:00,2025-01-13T08:00:00Z,2025-01-13T08:00:00.000Z,8741,Península
404706.0,2025-01-13T10:00:00.000+01:00,2025-01-13T09:00:00Z,2025-01-13T09:00:00.000Z,8741,Península
390368.0,2025-01-13T11:00:00.000+01:00,2025-01-13T10:00:00Z,2025-01-13T10:00:00.000Z,8741,Península
379885.0,2025-01-13T12:00:00.000+01:00,2025-01-13T11:00:00Z,2025-01-13T11:00:00.000Z,8741,Península
376559.0,2025-01-13T13:00:00.000+01:00,2025-01-13T12:00:00Z,2025-01-13T12:00:00.000Z,8741,Península
373722.0,2025-01-13T14:00:00.000+01:00,2025-01-13T13:00:00Z,2025-01-13T13:00:00.000Z,8741,Península
372910.0,2025-01-13T15:00:00.000+01:00,2025-01-13T14:00:00Z,2025-01-13T14:00:00.000Z,8741,Península
379834.0,2025-01-13T16:00:00.000+01:00,2025-01-13T15:00:00Z,2025-01-13T15:00:00.000Z,8741,Península
394868.0,2025-01-13T17:00:00.000+01:00,2025-01-13T16:00:00Z,2025-01-13T16:00:00.000Z,8741,Península
425362.0,2025-01-13T18:00:00.000+01:00,2025-01-13T17:00:00Z,2025-01-13T17:00:00.000Z,8741,Península
442612.0,2025-01-13T19:00:00.000+01:00,2025-01-13T18:00:00Z,2025-01-13T18:00:00.000Z,8741,Península
455697.0,2025-01-13T20:00:00.000+01:00,2025-01-13T19:00:00Z,2025-01-13T19:00:00.000Z,8741,Península
443647.0,2025-01-13T21:00:00.000+01:00,2025-01-13T20:00:00Z,2025-01-13T20:00:00.000Z,8741,Península
399495.0,2025-01-13T22:00:00.000+01:00,2025-01-13T21:00:00Z,2025-01-13T21:00:00.000Z,8741,Península
353120.0,2025-01-13T23:00:00.000+01:00,2025-01-13T22:00:00Z,2025-01-13T22:00:00.000Z,8741,Península
324492.0,2025-01-14T00:00:00.000+01:00,2025-01-13T23:00:00Z,2025-01-13T23:00:00.000Z,8741,Península
304851.0,2025-01-14T01:00:00.000+01:00,2025-01-14T00:00:00Z,2025-01-14T00:00:00.000Z,8741,Península
291730.0,2025-01-14T02:00:00.000+01:00,2025-01-14T01:00:00Z,2025-01-14T01:00:00.000Z,8741,Península
285897.0,2025-01-14T03:00:00.000+01:00,2025-01-14T02:00:00Z,2025-01-14T02:00:00.000Z,8741,Península
284080.0,2025-01-14T04:00:00.000+01:00,2025-01-14T03:00:00Z,2025-01-14T03:00:00.000Z,8741,Península
293422.0,2025-01-14T05:00:00.000+01:00,2025-01-14T04:00:00Z,2025-01-14T04:00:00.000Z,8741,Península
331051.0,2025-01-14T06:00:00.000+01:00,2025-01-14T05:00:00Z,2025-01-14T05:00:00.000Z,8741,Península
396216.0,2025-01-14T07:00:00.000+01:00,2025-01-14T06:00:00Z,2025-01-14T06:00:00.000Z,8741,Península
434653.0,2025-01-14T08:00:00.000+01:00,2025-01-14T07:00:00Z,2025-01-14T07:00:00.000Z,8741,Península
437180.0,2025-01-14T09:00:00.000+01:00,2025-01-14T08:00:00Z,2025-01-14T08:00:00.000Z,8741,Península
425928.0,2025-01-14T10:00:00.000+01:00,2025-01-14T09:00:00Z,2025-01-14T09:00:00.000Z,8741,Península
411071.0,2025-01-14T11:00:00.000+01:00,2025-01-14T10:00:00Z,2025-01-14T10:00:00.000Z,8741,Península
400088.0,2025-01-14T12:00:00.000+01:00,2025-01-14T11:00:00Z,2025-01-14T11:00:00.000Z,8741,Península
394632.0,2025-01-14T13:00:00.000+01:00,2025-01-14T12:00:00Z,2025-01-14T12:00:00.000Z,8741,Península
392089.0,2025-01-14T14:00:00.000+01:00,2025-01-14T13:00:00Z,2025-01-14T13:00:00.000Z,8741,Península
389522.0,2025-01-14T15:00:00.000+01:00,2025-01-14T14:00:00Z,2025-01-14T14:00:00.000Z,8741,Península
394084.0,2025-01-14T16:00:00.000+01:00,2025-01-14T15:00:00Z,2025-01-14T15:00:00.000Z,8741,Península
406703.0,2025-01-14T17:00:00.000+01:00,2025-01-14T16:00:00Z,2025-01-14T16:00:00.000Z,8741,Península
433587.0,2025-01-14T18:00:00.000+01:00,2025-01-14T17:00:00Z,2025-01-14T17:00:00.000Z,8741,Península
454672.0,2025-01-14T19:00:00.000+01:00,2025-01-14T18:00:00Z,2025-01-14T18:00:00.000Z,8741,Península
467082.0,2025-01-14T20:00:00.000+01:00,2025-01-14T19:00:00Z,2025-01-14T19:00:00.000Z,8741,Península
457592.0,2025-01-14T21:00:00.000+01:00,2025-01-14T20:00:00Z,2025-01-14T20:00:00.000Z,8741,Península
412377.0,2025-01-14T22:00:00.000+01:00,2025-01-14T21:00:00Z,2025-01-14T21:00:00.000Z,8741,Península
367723.0,2025-01-14T23:00:00.000+01:00,2025-01-14T22:00:00Z,2025-01-14T22:00:00.000Z,8741,Península
335243.0,2025-01-15T00:00:00.000+01:00,2025-01-14T23:00:00Z,2025-01-14T23:00:00.000Z,8741,Península
312619.0,2025-01-15T01:00:00.000+01:00,2025-01-15T00:00:00Z,2025-01-15T00:00:00.000Z,8741,Península
297054.0,2025-01-15T02:00:00.000+01:00,2025-01-15T01:00:00Z,2025-01-15T01:00:00.000Z,8741,Península
290274.0,2025-01-15T03:00:00.000+01:00,2025-01-15T02:00:00Z,2025-01-15T02:00:00.000Z,8741,Península
290011.0,2025-01-15T04:00:00.000+01:00,2025-01-15T03:00:00Z,2025-01-15T03:00:00.000Z,8741,Península
298970.0,2025-01-15T05:00:00.000+01:00,2025-01-15T04:00:00Z,2025-01-15T04:00:00.000Z,8741,Península
338857.0,2025-01-15T06:00:00.000+01:00,2025-01-15T05:00:00Z,2025-01-15T05:00:00.000Z,8741,Península
403620.0,2025-01-15T07:00:00.000+01:00,2025-01-15T06:00:00Z,2025-01-15T06:00:00.000Z,8741,Península
441819.0,2025-01-15T08:00:00.000+01:00,2025-01-15T07:00:00Z,2025-01-15T07:00:00.000Z,8741,Península
445620.0,2025-01-15T09:00:00.000+01:00,2025-01-15T08:00:00Z,2025-01-15T08:00:00.000Z,8741,Península
433286.0,2025-01-15T10:00:00.000+01:00,2025-01-15T09:00:00Z,2025-01-15T09:00:00.000Z,8741,Península
417850.0,2025-01-15T11:00:00.000+01:00,2025-01-15T10:00:00Z,2025-01-15T10:00:00.000Z,8741,Península
406314.0,2025-01-15T12:00:00.000+01:00,2025-01-15T11:00:00Z,2025-01-15T11:00:00.000Z,8741,Península
399625.0,2025-01-15T13:00:00.000+01:00,2025-01-15T12:00:00Z,2025-01-15T12:00:00.000Z,8741,Península
392839.0,2025-01-15T14:00:00.000+01:00,2025-01-15T13:00:00Z,2025-01-15T13:00:00.000Z,8741,Península
391317.0,2025-01-15T15:00:00.000+01:00,2025-01-15T14:00:00Z,2025-01-15T14:00:00.000Z,8741,Península
399744.0,2025-01-15T16:00:00.000+01:00,2025-01-15T15:00:00Z,2025-01-15T15:00:00.000Z,8741,Península
415128.0,2025-01-15T17:00:00.000+01:00,2025-01-15T16:00:00Z,2025-01-15T16:00:00.000Z,8741,Península
444632.0,2025-01-15T18:00:00.000+01:00,2025-01-15T17:00:00Z,2025-01-15T17:00:00.000Z,8741,Península
465860.0,2025-01-15T19:00:00.000+01:00,2025-01-15T18:00:00Z,2025-01-15T18:00:00.000Z,8741,Península
477503.0,2025-01-15T20:00:00.000+01:00,2025-01-15T19:00:00Z,2025-01-15T19:00:00.000Z,8741,Península
464954.0,2025-01-15T21:00:00.000+01:00,2025-01-15T20:00:00Z,2025-01-15T20:00:00.000Z,8741,Península
419616.0,2025-01-15T22:00:00.000+01:00,2025-01-15T21:00:00Z,2025-01-15T21:00:00.000Z,8741,Península
375104.0,2025-01-15T23:00:00.000+01:00,2025-01-15T22:00:00Z,2025-01-15T22:00:00.000Z,8741,Península
340100.0,2025-01-16T00:00:00.000+01:00,2025-01-15T23:00:00Z,2025-01-15T23:00:00.000Z,8741,Península
314704.0,2025-01-16T01:00:00.000+01:00,2025-01-16T00:00:00Z,2025-01-16T00:00:00.000Z,8741,Península
299984.0,2025-01-16T02:00:00.000+01:00,2025-01-16T01:00:00Z,2025-01-16T01:00:00.000Z,8741,Península
293022.0,2025-01-16T03:00:00.000+01:00,2025-01-16T02:00:00Z,2025-01-16T02:00:00.000Z,8741,Península
292376.0,2025-01-16T04:00:00.000+01:00,2025-01-16T03:00:00Z,2025-01-16T03:00:00.000Z,8741,Península
301770.0,2025-01-16T05:00:00.000+01:00,2025-01-16T04:00:00Z,2025-01-16T04:00:00.000Z,8741,Península
341996.0,2025-01-16T06:00:00.000+01:00,2025-01-16T05:00:00Z,2025-01-16T05:00:00.000Z,8741,Península
403814.0,2025-01-16T07:00:00.000+01:00,2025-01-16T06:00:00Z,2025-01-16T06:00:00.000Z,8741,Península
443382.0,2025-01-16T08:00:00.000+01:00,2025-01-16T07:00:00Z,2025-01-16T07:00:00.000Z,8741,Península
444187.0,2025-01-16T09:00:00.000+01:00,2025-01-16T08:00:00Z,2025-01-16T08:00:00.000Z,8741,Península
434352.0,2025-01-16T10:00:00.000+01:00,2025-01-16T09:00:00Z,2025-01-16T09:00:00.000Z,8741,Península
419824.0,2025-01-16T11:00:00.000+01:00,2025-01-16T10:00:00Z,2025-01-16T10:00:00.000Z,8741,Península
411687.0,2025-01-16T12:00:00.000+01:00,2025-01-16T11:00:00Z,2025-01-16T11:00:00.000Z,8741,Península
411127.0,2025-01-16T13:00:00.000+01:00,2025-01-16T12:00:00Z,2025-01-16T12:00:00.000Z,8741,Península
406268.0,2025-01-16T14:00:00.000+01:00,2025-01-16T13:00:00Z,2025-01-16T13:00:00.000Z,8741,Península
407087.0,2025-01-16T15:00:00.000+01:00,2025-01-16T14:00:00Z,2025-01-16T14:00:00.000Z,8741,Península
413316.0,2025-01-16T16:00:00.000+01:00,2025-01-16T15:00:00Z,2025-01-16T15:00:00.000Z,8741,Península
425292.0,2025-01-16T17:00:00.000+01:00,2025-01-16T16:00:00Z,2025-01-16T16:00:00.000Z,8741,Península
448146.0,2025-01-16T18:00:00.000+01:00,2025-01-16T17:00:00Z,2025-01-16T17:00:00.000Z,8741,Península
465557.0,2025-01-16T19:00:00.000+01:00,2025-01-16T18:00:00Z,2025-01-16T18:00:00.000Z,8741,Península
475359.0,2025-01-16T20:00:00.000+01:00,2025-01-16T19:00:00Z,2025-01-16T19:00:00.000Z,8741,Península
462587.0,2025-01-16T21:00:00.000+01:00,2025-01-16T20:00:00Z,2025-01-16T20:00:00.000Z,8741,Península
417088.0,2025-01-16T22:00:00.000+01:00,2025-01-16T21:00:00Z,2025-01-16T21:00:00.000Z,8741,Península
372102.0,2025-01-16T23:00:00.000+01:00,2025-01-16T22:00:00Z,2025-01-16T22:00:00.000Z,8741,Península
342104.0,2025-01-17T00:00:00.000+01:00,2025-01-16T23:00:00Z,2025-01-16T23:00:00.000Z,8741,Península
315393.0,2025-01-17T01:00:00.000+01:00,2025-01-17T00:00:00Z,2025-01-17T00:00:00.000Z,8741,Península
301421.0,2025-01-17T02:00:00.000+01:00,2025-01-17T01:00:00Z,2025-01-17T01:00:00.000Z,8741,Península
291387.0,2025-01-17T03:00:00.000+01:00,2025-01-17T02:00:00Z,2025-01-17T02:00:00.000Z,8741,Península
289471.0,2025-01-17T04:00:00.000+01:00,2025-01-17T03:00:00Z,2025-01-17T03:00:00.000Z,8741,Península
297905.0,2025-01-17T05:00:00.000+01:00,2025-01-17T04:00:00Z,2025-01-17T04:00:00.000Z,8741,Península
334585.0,2025-01-17T06:00:00.000+01:00,2025-01-17T05:00:00Z,2025-01-17T05:00:00.000Z,8741,Península
394578.0,2025-01-17T07:00:00.000+01:00,2025-01-17T06:00:00Z,2025-01-17T06:00:00.000Z,8741,Península
431871.0,2025-01-17T08:00:00.000+01:00,2025-01-17T07:00:00Z,2025-01-17T07:00:00.000Z,8741,Península
437835.0,2025-01-17T09:00:00.000+01:00,2025-01-17T08:00:00Z,2025-01-17T08:00:00.000Z,8741,Península
427108.0,2025-01-17T10:00:00.000+01:00,2025-01-17T09:00:00Z,2025-01-17T09:00:00.000Z,8741,Península
421056.0,2025-01-17T11:00:00.000+01:00,2025-01-17T10:00:00Z,2025-01-17T10:00:00.000Z,8741,Península
413213.0,2025-01-17T12:00:00.000+01:00,2025-01-17T11:00:00Z,2025-01-17T11:00:00.000Z,8741,Península
410026.0,2025-01-17T13:00:00.000+01:00,2025-01-17T12:00:00Z,2025-01-17T12:00:00.000Z,8741,Península
403590.0,2025-01-17T14:00:00.000+01:00,2025-01-17T13:00:00Z,2025-01-17T13:00:00.000Z,8741,Península
399228.0,2025-01-17T15:00:00.000+01:00,2025-01-17T14:00:00Z,2025-01-17T14:00:00.000Z,8741,Península
401069.0,2025-01-17T16:00:00.000+01:00,2025-01-17T15:00:00Z,2025-01-17T15:00:00.000Z,8741,Península
408886.0,2025-01-17T17:00:00.000+01:00,2025-01-17T16:00:00Z,2025-01-17T16:00:00.000Z,8741,Península
431927.0,2025-01-17T18:00:00.000+01:00,2025-01-17T17:00:00Z,2025-01-17T17:00:00.000Z,8741,Península
447215.0,2025-01-17T19:00:00.000+01:00,2025-01-17T18:00:00Z,2025-01-17T18:00:00.000Z,8741,Península
451357.0,2025-01-17T20:00:00.000+01:00,2025-01-17T19:00:00Z,2025-01-17T19:00:00.000Z,8741,Península
442616.0,2025-01-17T21:00:00.000+01:00,2025-01-17T20:00:00Z,2025-01-17T20:00:00.000Z,8741,Península
405199.0,2025-01-17T22:00:00.000+01:00,2025-01-17T21:00:00Z,2025-01-17T21:00:00.000Z,8741,Península
368304.0,2025-01-17T23:00:00.000+01:00,2025-01-17T22:00:00Z,2025-01-17T22:00:00.000Z,8741,Península
340927.0,2025-01-18T00:00:00.000+01:00,2025-01-17T23:00:00Z,2025-01-17T23:00:00.000Z,8741,Península
315234.0,2025-01-18T01:00:00.000+01:00,2025-01-18T00:00:00Z,2025-01-18T00:00:00.000Z,8741,Península
295579.0,2025-01-18T02:00:00.000+01:00,2025-01-18T01:00:00Z,2025-01-18T01:00:00.000Z,8741,Península
284972.0,2025-01-18T03:00:00.000+01:00,2025-01-18T02:00:00Z,2025-01-18T02:00:00.000Z,8741,Península
280351.0,2025-01-18T04:00:00.000+01:00,2025-01-18T03:00:00Z,2025-01-18T03:00:00.000Z,8741,Península
281612.0,2025-01-18T05:00:00.000+01:00,2025-01-18T04:00:00Z,2025-01-18T04:00:00.000Z,8741,Península
290153.0,2025-01-18T06:00:00.000+01:00,2025-01-18T05:00:00Z,2025-01-18T05:00:00.000Z,8741,Península
309283.0,2025-01-18T07:00:00.000+01:00,2025-01-18T06:00:00Z,2025-01-18T06:00:00.000Z,8741,Península
333909.0,2025-01-18T08:00:00.000+01:00,2025-01-18T07:00:00Z,2025-01-18T07:00:00.000Z,8741,Península
357721.0,2025-01-18T09:00:00.000+01:00,2025-01-18T08:00:00Z,2025-01-18T08:00:00.000Z,8741,Península
363606.0,2025-01-18T10:00:00.000+01:00,2025-01-18T09:00:00Z,2025-01-18T09:00:00.000Z,8741,Península
358258.0,2025-01-18T11:00:00.000+01:00,2025-01-18T10:00:00Z,2025-01-18T10:00:00.000Z,8741,Península
344742.0,2025-01-18T12:00:00.000+01:00,2025-01-18T11:00:00Z,2025-01-18T11:00:00.000Z,8741,Península
341764.0,2025-01-18T13:00:00.000+01:00,2025-01-18T12:00:00Z,2025-01-18T12:00:00.000Z,8741,Península
341369.0,2025-01-18T14:00:00.000+01:00,2025-01-18T13:00:00Z,2025-01-18T13:00:00.000Z,8741,Península
335167.0,2025-01-18T15:00:00.000+01:00,2025-01-18T14:00:00Z,2025-01-18T14:00:00.000Z,8741,Península
334872.0,2025-01-18T16:00:00.000+01:00,2025-01-18T15:00:00Z,2025-01-18T15:00:00.000Z,8741,Península
343006.0,2025-01-18T17:00:00.000+01:00,2025-01-18T16:00:00Z,2025-01-18T16:00:00.000Z,8741,Península
370372.0,2025-01-18T18:00:00.000+01:00,2025-01-18T17:00:00Z,2025-01-18T17:00:00.000Z,8741,Península
388542.0,2025-01-18T19:00:00.000+01:00,2025-01-18T18:00:00Z,2025-01-18T18:00:00.000Z,8741,Península
396352.0,2025-01-18T20:00:00.000+01:00,2025-01-18T19:00:00Z,2025-01-18T19:00:00.000Z,8741,Península
396545.0,2025-01-18T21:00:00.000+01:00,2025-01-18T20:00:00Z,2025-01-18T20:00:00.000Z,8741,Península
372759.0,2025-01-18T22:00:00.000+01:00,2025-01-18T21:00:00Z,2025-01-18T21:00:00.000Z,8741,Península
344148.0,2025-01-18T23:00:00.000+01:00,2025-01-18T22:00:00Z,2025-01-18T22:00:00.000Z,8741,Península
315324.0,2025-01-19T00:00:00.000+01:00,2025-01-18T23:00:00Z,2025-01-18T23:00:00.000Z,8741,Península
290816.0,2025-01-19T01:00:00.000+01:00,2025-01-19T00:00:00Z,2025-01-19T00:00:00.000Z,8741,Península
272986.0,2025-01-19T02:00:00.000+01:00,2025-01-19T01:00:00Z,2025-01-19T01:00:00.000Z,8741,Península
263051.0,2025-01-19T03:00:00.000+01:00,2025-01-19T02:00:00Z,2025-01-19T02:00:00.000Z,8741,Península
258516.0,2025-01-19T04:00:00.000+01:00,2025-01-19T03:00:00Z,2025-01-19T03:00:00.000Z,8741,Península
259251.0,2025-01-19T05:00:00.000+01:00,2025-01-19T04:00:00Z,2025-01-19T04:00:00.000Z,8741,Península
266469.0,2025-01-19T06:00:00.000+01:00,2025-01-19T05:00:00Z,2025-01-19T05:00:00.000Z,8741,Península
279334.0,2025-01-19T07:00:00.000+01:00,2025-01-19T06:00:00Z,2025-01-19T06:00:00.000Z,8741,Península
293795.0,2025-01-19T08:00:00.000+01:00,2025-01-19T07:00:00Z,2025-01-19T07:00:00.000Z,8741,Península
314037.0,2025-01-19T09:00:00.000+01:00,2025-01-19T08:00:00Z,2025-01-19T08:00:00.000Z,8741,Península
326818.0,2025-01-19T10:00:00.000+01:00,2025-01-19T09:00:00Z,2025-01-19T09:00:00.000Z,8741,Península
326035.0,2025-01-19T11:00:00.000+01:00,2025-01-19T10:00:00Z,2025-01-19T10:00:00.000Z,8741,Península
322658.0,2025-01-19T12:00:00.000+01:00,2025-01-19T11:00:00Z,2025-01-19T11:00:00.000Z,8741,Península
326207.0,2025-01-19T13:00:00.000+01:00,2025-01-19T12:00:00Z,2025-01-19T12:00:00.000Z,8741,Península
330941.0,2025-01-19T14:00:00.000+01:00,2025-01-19T13:00:00Z,2025-01-19T13:00:00.000Z,8741,Península
325703.0,2025-01-19T15:00:00.000+01:00,2025-01-19T14:00:00Z,2025-01-19T14:00:00.000Z,8741,Península
328158.0,2025-01-19T16:00:00.000+01:00,2025-01-19T15:00:00Z,2025-01-19T15:00:00.000Z,8741,Península
339575.0,2025-01-19T17:00:00.000+01:00,2025-01-19T16:00:00Z,2025-01-19T16:00:00.000Z,8741,Península
369498.0,2025-01-19T18:00:00.000+01:00,2025-01-19T17:00:00Z,2025-01-19T17:00:00.000Z,8741,Península
391086.0,2025-01-19T19:00:00.000+01:00,2025-01-19T18:00:00Z,2025-01-19T18:00:00.000Z,8741,Península
404275.0,2025-01-19T20:00:00.000+01:00,2025-01-19T19:00:00Z,2025-01-19T19:00:00.000Z,8741,Península
402447.0,2025-01-19T21:00:00.000+01:00,2025-01-19T20:00:00Z,2025-01-19T20:00:00.000Z,8741,Península
373354.0,2025-01-19T22:00:00.000+01:00,2025-01-19T21:00:00Z,2025-01-19T21:00:00.000Z,8741,Península
335678.0,2025-01-19T23:00:00.000+01:00,2025-01-19T22:00:00Z,2025-01-19T22:00:00.000Z,8741,Península
304453.0,2025-01-20T00:00:00.000+01:00,2025-01-19T23:00:00Z,2025-01-19T23:00:00.000Z,8741,Península
281184.0,2025-01-20T01:00:00.000+01:00,2025-01-20T00:00:00Z,2025-01-20T00:00:00.000Z,8741,Península
267719.0,2025-01-20T02:00:00.000+01:00,2025-01-20T01:00:00Z,2025-01-20T01:00:00.000Z,8741,Península
261635.0,2025-01-20T03:00:00.000+01:00,2025-01-20T02:00:00Z,2025-01-20T02:00:00.000Z,8741,Península
263362.0,2025-01-20T04:00:00.000+01:00,2025-01-20T03:00:00Z,2025-01-20T03:00:00.000Z,8741,Península
272626.0,2025-01-20T05:00:00.000+01:00,2025-01-20T04:00:00Z,2025-01-20T04:00:00.000Z,8741,Península
316585.0,2025-01-20T06:00:00.000+01:00,2025-01-20T05:00:00Z,2025-01-20T05:00:00.000Z,8741,Península
379185.0,2025-01-20T07:00:00.000+01:00,2025-01-20T06:00:00Z,2025-01-20T06:00:00.000Z,8741,Península
421518.0,2025-01-20T08:00:00.000+01:00,2025-01-20T07:00:00Z,2025-01-20T07:00:00.000Z,8741,Península
431674.0,2025-01-20T09:00:00.000+01:00,2025-01-20T08:00:00Z,2025-01-20T08:00:00.000Z,8741,Península
433256.0,2025-01-20T10:00:00.000+01:00,2025-01-20T09:00:00Z,2025-01-20T09:00:00.000Z,8741,Península
431625.0,2025-01-20T11:00:00.000+01:00,2025-01-20T10:00:00Z,2025-01-20T10:00:00.000Z,8741,Península
433566.0,2025-01-20T12:00:00.000+01:00,2025-01-20T11:00:00Z,2025-01-20T11:00:00.000Z,8741,Península
435182.0,2025-01-20T13:00:00.000+01:00,2025-01-20T12:00:00Z,2025-01-20T12:00:00.000Z,8741,Península
433800.0,2025-01-20T14:00:00.000+01:00,2025-01-20T13:00:00Z,2025-01-20T13:00:00.000Z,8741,Península
428721.0,2025-01-20T15:00:00.000+01:00,2025-01-20T14:00:00Z,2025-01-20T14:00:00.000Z,8741,Península
426126.0,2025-01-20T16:00:00.000+01:00,2025-01-20T15:00:00Z,2025-01-20T15:00:00.000Z,8741,Península
430604.0,2025-01-20T17:00:00.000+01:00,2025-01-20T16:00:00Z,2025-01-20T16:00:00.000Z,8741,Península
445797.0,2025-01-20T18:00:00.000+01:00,2025-01-20T17:00:00Z,2025-01-20T17:00:00.000Z,8741,Península
458084.0,2025-01-20T19:00:00.000+01:00,2025-01-20T18:00:00Z,2025-01-20T18:00:00.000Z,8741,Península
464307.0,2025-01-20T20:00:00.000+01:00,2025-01-20T19:00:00Z,2025-01-20T19:00:00.000Z,8741,Península
450560.0,2025-01-20T21:00:00.000+01:00,2025-01-20T20:00:00Z,2025-01-20T20:00:00.000Z,8741,Península
404720.0,2025-01-20T22:00:00.000+01:00,2025-01-20T21:00:00Z,2025-01-20T21:00:00.000Z,8741,Península
358585.0,2025-01-20T23:00:00.000+01:00,2025-01-20T22:00:00Z,2025-01-20T22:00:00.000Z,8741,Península
330177.0,2025-01-21T00:00:00.000+01:00,2025-01-20T23:00:00Z,2025-01-20T23:00:00.000Z,8741,Península
307446.0,2025-01-21T01:00:00.000+01:00,2025-01-21T00:00:00Z,2025-01-21T00:00:00.000Z,8741,Península
290543.0,2025-01-21T02:00:00.000+01:00,2025-01-21T01:00:00Z,2025-01-21T01:00:00.000Z,8741,Península
285740.0,2025-01-21T03:00:00.000+01:00,2025-01-21T02:00:00Z,2025-01-21T02:00:00.000Z,8741,Península
282775.0,2025-01-21T04:00:00.000+01:00,2025-01-21T03:00:00Z,2025-01-21T03:00:00.000Z,8741,Península
291802.0,2025-01-21T05:00:00.000+01:00,2025-01-21T04:00:00Z,2025-01-21T04:00:00.000Z,8741,Península
329951.0,2025-01-21T06:00:00.000+01:00,2025-01-21T05:00:00Z,2025-01-21T05:00:00.000Z,8741,Península
387036.0,2025-01-21T07:00:00.000+01:00,2025-01-21T06:00:00Z,2025-01-21T06:00:00.000Z,8741,Península
421600.0,2025-01-21T08:00:00.000+01:00,2025-01-21T07:00:00Z,2025-01-21T07:00:00.000Z,8741,Península
427183.0,2025-01-21T09:00:00.000+01:00,2025-01-21T08:00:00Z,2025-01-21T08:00:00.000Z,8741,Península
431101.0,2025-01-21T10:00:00.000+01:00,2025-01-21T09:00:00Z,2025-01-21T09:00:00.000Z,8741,Península
426051.0,2025-01-21T11:00:00.000+01:00,2025-01-21T10:00:00Z,2025-01-21T10:00:00.000Z,8741,Península
421955.0,2025-01-21T12:00:00.000+01:00,2025-01-21T11:00:00Z,2025-01-21T11:00:00.000Z,8741,Península
427201.0,2025-01-21T13:00:00.000+01:00,2025-01-21T12:00:00Z,2025-01-21T12:00:00.000Z,8741,Península
422004.0,2025-01-21T14:00:00.000+01:00,2025-01-21T13:00:00Z,2025-01-21T13:00:00.000Z,8741,Península
414855.0,2025-01-21T15:00:00.000+01:00,2025-01-21T14:00:00Z,2025-01-21T14:00:00.000Z,8741,Península
410300.0,2025-01-21T16:00:00.000+01:00,2025-01-21T15:00:00Z,2025-01-21T15:00:00.000Z,8741,Península
414886.0,2025-01-21T17:00:00.000+01:00,2025-01-21T16:00:00Z,2025-01-21T16:00:00.000Z,8741,Península
431199.0,2025-01-21T18:00:00.000+01:00,2025-01-21T17:00:00Z,2025-01-21T17:00:00.000Z,8741,Península
447777.0,2025-01-21T19:00:00.000+01:00,2025-01-21T18:00:00Z,2025-01-21T18:00:00.000Z,8741,Península
456267.0,2025-01-21T20:00:00.000+01:00,2025-01-21T19:00:00Z,2025-01-21T19:00:00.000Z,8741,Península
441958.0,2025-01-21T21:00:00.000+01:00,2025-01-21T20:00:00Z,2025-01-21T20:00:00.000Z,8741,Península
397671.0,2025-01-21T22:00:00.000+01:00,2025-01-21T21:00:00Z,2025-01-21T21:00:00.000Z,8741,Península
353381.0,2025-01-21T23:00:00.000+01:00,2025-01-21T22:00:00Z,2025-01-21T22:00:00.000Z,8741,Península
323899.0,2025-01-22T00:00:00.000+01:00,2025-01-21T23:00:00Z,2025-01-21T23:00:00.000Z,8741,Península
303411.0,2025-01-22T01:00:00.000+01:00,2025-01-22T00:00:00Z,2025-01-22T00:00:00.000Z,8741,Península
288062.0,2025-01-22T02:00:00.000+01:00,2025-01-22T01:00:00Z,2025-01-22T01:00:00.000Z,8741,Península
281190.0,2025-01-22T03:00:00.000+01:00,2025-01-22T02:00:00Z,2025-01-22T02:00:00.000Z,8741,Península
278881.0,2025-01-22T04:00:00.000+01:00,2025-01-22T03:00:00Z,2025-01-22T03:00:00.000Z,8741,Península
287075.0,2025-01-22T05:00:00.000+01:00,2025-01-22T04:00:00Z,2025-01-22T04:00:00.000Z,8741,Península
322400.0,2025-01-22T06:00:00.000+01:00,2025-01-22T05:00:00Z,2025-01-22T05:00:00.000Z,8741,Península
376893.0,2025-01-22T07:00:00.000+01:00,2025-01-22T06:00:00Z,2025-01-22T06:00:00.000Z,8741,Península
410666.0,2025-01-22T08:00:00.000+01:00,2025-01-22T07:00:00Z,2025-01-22T07:00:00.000Z,8741,Península
416800.0,2025-01-22T09:00:00.000+01:00,2025-01-22T08:00:00Z,2025-01-22T08:00:00.000Z,8741,Península
413433.0,2025-01-22T10:00:00.000+01:00,2025-01-22T09:00:00Z,2025-01-22T09:00:00.000Z,8741,Península
401762.0,2025-01-22T11:00:00.000+01:00,2025-01-22T10:00:00Z,2025-01-22T10:00:00.000Z,8741,Península
397148.0,2025-01-22T12:00:00.000+01:00,2025-01-22T11:00:00Z,2025-01-22T11:00:00.000Z,8741,Península
396000.0,2025-01-22T13:00:00.000+01:00,2025-01-22T12:00:00Z,2025-01-22T12:00:00.000Z,8741,Península
393342.0,2025-01-22T14:00:00.000+01:00,2025-01-22T13:00:00Z,2025-01-22T13:00:00.000Z,8741,Península
387989.0,2025-01-22T15:00:00.000+01:00,2025-01-22T14:00:00Z,2025-01-22T14:00:00.000Z,8741,Península
386858.0,2025-01-22T16:00:00.000+01:00,2025-01-22T15:00:00Z,2025-01-22T15:00:00.000Z,8741,Península
395940.0,2025-01-22T17:00:00.000+01:00,2025-01-22T16:00:00Z,2025-01-22T16:00:00.000Z,8741,Península
413720.0,2025-01-22T18:00:00.000+01:00,2025-01-22T17:00:00Z,2025-01-22T17:00:00.000Z,8741,Península
431239.0,2025-01-22T19:00:00.000+01:00,2025-01-22T18:00:00Z,2025-01-22T18:00:00.000Z,8741,Península
441014.0,2025-01-22T20:00:00.000+01:00,2025-01-22T19:00:00Z,2025-01-22T19:00:00.000Z,8741,Península
429988.0,2025-01-22T21:00:00.000+01:00,2025-01-22T20:00:00Z,2025-01-22T20:00:00.000Z,8741,Península
386549.0,2025-01-22T22:00:00.000+01:00,2025-01-22T21:00:00Z,2025-01-22T21:00:00.000Z,8741,Península
347555.0,2025-01-22T23:00:00.000+01:00,2025-01-22T22:00:00Z,2025-01-22T22:00:00.000Z,8741,Península
319608.0,2025-01-23T00:00:00.000+01:00,2025-01-22T23:00:00Z,2025-01-22T23:00:00.000Z,8741,Península
298934.0,2025-01-23T01:00:00.000+01:00,2025-01-23T00:00:00Z,2025-01-23T00:00:00.000Z,8741,Península
283105.0,2025-01-23T02:00:00.000+01:00,2025-01-23T01:00:00Z,2025-01-23T01:00:00.000Z,8741,Península
277985.0,2025-01-23T03:00:00.000+01:00,2025-01-23T02:00:00Z,2025-01-23T02:00:00.000Z,8741,Península
276003.0,2025-01-23T04:00:00.000+01:00,2025-01-23T03:00:00Z,2025-01-23T03:00:00.000Z,8741,Península
284456.0,2025-01-23T05:00:00.000+01:00,2025-01-23T04:00:00Z,2025-01-23T04:00:00.000Z,8741,Península
317028.0,2025-01-23T06:00:00.000+01:00,2025-01-23T05:00:00Z,2025-01-23T05:00:00.000Z,8741,Península
370735.0,2025-01-23T07:00:00.000+01:00,2025-01-23T06:00:00Z,2025-01-23T06:00:00.000Z,8741,Península
402372.0,2025-01-23T08:00:00.000+01:00,2025-01-23T07:00:00Z,2025-01-23T07:00:00.000Z,8741,Península
404347.0,2025-01-23T09:00:00.000+01:00,2025-01-23T08:00:00Z,2025-01-23T08:00:00.000Z,8741,Península
397349.0,2025-01-23T10:00:00.000+01:00,2025-01-23T09:00:00Z,2025-01-23T09:00:00.000Z,8741,Península
385342.0,2025-01-23T11:00:00.000+01:00,2025-01-23T10:00:00Z,2025-01-23T10:00:00.000Z,8741,Península
379254.0,2025-01-23T12:00:00.000+01:00,2025-01-23T11:00:00Z,2025-01-23T11:00:00.000Z,8741,Península
376068.0,2025-01-23T13:00:00.000+01:00,2025-01-23T12:00:00Z,2025-01-23T12:00:00.000Z,8741,Península
369085.0,2025-01-23T14:00:00.000+01:00,2025-01-23T13:00:00Z,2025-01-23T13:00:00.000Z,8741,Península
364750.0,2025-01-23T15:00:00.000+01:00,2025-01-23T14:00:00Z,2025-01-23T14:00:00.000Z,8741,Península
367185.0,2025-01-23T16:00:00.000+01:00,2025-01-23T15:00:00Z,2025-01-23T15:00:00.000Z,8741,Península
378018.0,2025-01-23T17:00:00.000+01:00,2025-01-23T16:00:00Z,2025-01-23T16:00:00.000Z,8741,Península
399888.0,2025-01-23T18:00:00.000+01:00,2025-01-23T17:00:00Z,2025-01-23T17:00:00.000Z,8741,Península
420453.0,2025-01-23T19:00:00.000+01:00,2025-01-23T18:00:00Z,2025-01-23T18:00:00.000Z,8741,Península
432093.0,2025-01-23T20:00:00.000+01:00,2025-01-23T19:00:00Z,2025-01-23T19:00:00.000Z,8741,Península
421670.0,2025-01-23T21:00:00.000+01:00,2025-01-23T20:00:00Z,2025-01-23T20:00:00.000Z,8741,Península
382160.0,2025-01-23T22:00:00.000+01:00,2025-01-23T21:00:00Z,2025-01-23T21:00:00.000Z,8741,Península
344047.0,2025-01-23T23:00:00.000+01:00,2025-01-23T22:00:00Z,2025-01-23T22:00:00.000Z,8741,Península
317460.0,2025-01-24T00:00:00.000+01:00,2025-01-23T23:00:00Z,2025-01-23T23:00:00.000Z,8741,Península
295832.0,2025-01-24T01:00:00.000+01:00,2025-01-24T00:00:00Z,2025-01-24T00:00:00.000Z,8741,Península
283116.0,2025-01-24T02:00:00.000+01:00,2025-01-24T01:00:00Z,2025-01-24T01:00:00.000Z,8741,Península
278479.0,2025-01-24T03:00:00.000+01:00,2025-01-24T02:00:00Z,2025-01-24T02:00:00.000Z,8741,Península
275851.0,2025-01-24T04:00:00.000+01:00,2025-01-24T03:00:00Z,2025-01-24T03:00:00.000Z,8741,Península
283421.0,2025-01-24T05:00:00.000+01:00,2025-01-24T04:00:00Z,2025-01-24T04:00:00.000Z,8741,Península
318772.0,2025-01-24T06:00:00.000+01:00,2025-01-24T05:00:00Z,2025-01-24T05:00:00.000Z,8741,Península
375720.0,2025-01-24T07:00:00.000+01:00,2025-01-24T06:00:00Z,2025-01-24T06:00:00.000Z,8741,Península
406858.0,2025-01-24T08:00:00.000+01:00,2025-01-24T07:00:00Z,2025-01-24T07:00:00.000Z,8741,Península
406727.0,2025-01-24T09:00:00.000+01:00,2025-01-24T08:00:00Z,2025-01-24T08:00:00.000Z,8741,Península
395250.0,2025-01-24T10:00:00.000+01:00,2025-01-24T09:00:00Z,2025-01-24T09:00:00.000Z,8741,Península
380942.0,2025-01-24T11:00:00.000+01:00,2025-01-24T10:00:00Z,2025-01-24T10:00:00.000Z,8741,Península
374508.0,2025-01-24T12:00:00.000+01:00,2025-01-24T11:00:00Z,2025-01-24T11:00:00.000Z,8741,Península
370806.0,2025-01-24T13:00:00.000+01:00,2025-01-24T12:00:00Z,2025-01-24T12:00:00.000Z,8741,Península
365840.0,2025-01-24T14:00:00.000+01:00,2025-01-24T13:00:00Z,2025-01-24T13:00:00.000Z,8741,Península
363555.0,2025-01-24T15:00:00.000+01:00,2025-01-24T14:00:00Z,2025-01-24T14:00:00.000Z,8741,Península
363623.0,2025-01-24T16:00:00.000+01:00,2025-01-24T15:00:00Z,2025-01-24T15:00:00.000Z,8741,Península
372481.0,2025-01-24T17:00:00.000+01:00,2025-01-24T16:00:00Z,2025-01-24T16:00:00.000Z,8741,Península
394752.0,2025-01-24T18:00:00.000+01:00,2025-01-24T17:00:00Z,2025-01-24T17:00:00.000Z,8741,Península
413284.0,2025-01-24T19:00:00.000+01:00,2025-01-24T18:00:00Z,2025-01-24T18:00:00.000Z,8741,Península
419125.0,2025-01-24T20:00:00.000+01:00,2025-01-24T19:00:00Z,2025-01-24T19:00:00.000Z,8741,Península
406915.0,2025-01-24T21:00:00.000+01:00,2025-01-24T20:00:00Z,2025-01-24T20:00:00.000Z,8741,Península
370741.0,2025-01-24T22:00:00.000+01:00,2025-01-24T21:00:00Z,2025-01-24T21:00:00.000Z,8741,Península
338592.0,2025-01-24T23:00:00.000+01:00,2025-01-24T22:00:00Z,2025-01-24T22:00:00.000Z,8741,Península
316847.0,2025-01-25T00:00:00.000+01:00,2025-01-24T23:00:00Z,2025-01-24T23:00:00.000Z,8741,Península
295085.0,2025-01-25T01:00:00.000+01:00,2025-01-25T00:00:00Z,2025-01-25T00:00:00.000Z,8741,Península
279855.0,2025-01-25T02:00:00.000+01:00,2025-01-25T01:00:00Z,2025-01-25T01:00:00.000Z,8741,Península
268373.0,2025-01-25T03:00:00.000+01:00,2025-01-25T02:00:00Z,2025-01-25T02:00:00.000Z,8741,Península
263914.0,2025-01-25T04:00:00.000+01:00,2025-01-25T03:00:00Z,2025-01-25T03:00:00.000Z,8741,Península
262496.0,2025-01-25T05:00:00.000+01:00,2025-01-25T04:00:00Z,2025-01-25T04:00:00.000Z,8741,Península
270541.0,2025-01-25T06:00:00.000+01:00,2025-01-25T05:00:00Z,2025-01-25T05:00:00.000Z,8741,Península
289838.0,2025-01-25T07:00:00.000+01:00,2025-01-25T06:00:00Z,2025-01-25T06:00:00.000Z,8741,Península
309497.0,2025-01-25T08:00:00.000+01:00,2025-01-25T07:00:00Z,2025-01-25T07:00:00.000Z,8741,Península
330265.0,2025-01-25T09:00:00.000+01:00,2025-01-25T08:00:00Z,2025-01-25T08:00:00.000Z,8741,Península
344025.0,2025-01-25T10:00:00.000+01:00,2025-01-25T09:00:00Z,2025-01-25T09:00:00.000Z,8741,Península
344880.0,2025-01-25T11:00:00.000+01:00,2025-01-25T10:00:00Z,2025-01-25T10:00:00.000Z,8741,Península
345243.0,2025-01-25T12:00:00.000+01:00,2025-01-25T11:00:00Z,2025-01-25T11:00:00.000Z,8741,Península
349686.0,2025-01-25T13:00:00.000+01:00,2025-01-25T12:00:00Z,2025-01-25T12:00:00.000Z,8741,Península
345465.0,2025-01-25T14:00:00.000+01:00,2025-01-25T13:00:00Z,2025-01-25T13:00:00.000Z,8741,Península
332034.0,2025-01-25T15:00:00.000+01:00,2025-01-25T14:00:00Z,2025-01-25T14:00:00.000Z,8741,Península
324919.0,2025-01-25T16:00:00.000+01:00,2025-01-25T15:00:00Z,2025-01-25T15:00:00.000Z,8741,Península
327832.0,2025-01-25T17:00:00.000+01:00,2025-01-25T16:00:00Z,2025-01-25T16:00:00.000Z,8741,Península
342655.0,2025-01-25T18:00:00.000+01:00,2025-01-25T17:00:00Z,2025-01-25T17:00:00.000Z,8741,Península
361119.0,2025-01-25T19:00:00.000+01:00,2025-01-25T18:00:00Z,2025-01-25T18:00:00.000Z,8741,Península
366079.0,2025-01-25T20:00:00.000+01:00,2025-01-25T19:00:00Z,2025-01-25T19:00:00.000Z,8741,Península
364140.0,2025-01-25T21:00:00.000+01:00,2025-01-25T20:00:00Z,2025-01-25T20:00:00.000Z,8741,Península
339729.0,2025-01-25T22:00:00.000+01:00,2025-01-25T21:00:00Z,2025-01-25T21:00:00.000Z,8741,Península
312509.0,2025-01-25T23:00:00.000+01:00,2025-01-25T22:00:00Z,2025-01-25T22:00:00.000Z,8741,Península
291917.0,2025-01-26T00:00:00.000+01:00,2025-01-25T23:00:00Z,2025-01-25T23:00:00.000Z,8741,Península
272633.0,2025-01-26T01:00:00.000+01:00,2025-01-26T00:00:00Z,2025-01-26T00:00:00.000Z,8741,Península
259281.0,2025-01-26T02:00:00.000+01:00,2025-01-26T01:00:00Z,2025-01-26T01:00:00.000Z,8741,Península
249523.0,2025-01-26T03:00:00.000+01:00,2025-01-26T02:00:00Z,2025-01-26T02:00:00.000Z,8741,Península
245177.0,2025-01-26T04:00:00.000+01:00,2025-01-26T03:00:00Z,2025-01-26T03:00:00.000Z,8741,Península
245008.0,2025-01-26T05:00:00.000+01:00,2025-01-26T04:00:00Z,2025-01-26T04:00:00.000Z,8741,Península
251496.0,2025-01-26T06:00:00.000+01:00,2025-01-26T05:00:00Z,2025-01-26T05:00:00.000Z,8741,Península
262427.0,2025-01-26T07:00:00.000+01:00,2025-01-26T06:00:00Z,2025-01-26T06:00:00.000Z,8741,Península
274618.0,2025-01-26T08:00:00.000+01:00,2025-01-26T07:00:00Z,2025-01-26T07:00:00.000Z,8741,Península
293908.0,2025-01-26T09:00:00.000+01:00,2025-01-26T08:00:00Z,2025-01-26T08:00:00.000Z,8741,Península
307303.0,2025-01-26T10:00:00.000+01:00,2025-01-26T09:00:00Z,2025-01-26T09:00:00.000Z,8741,Península
312583.0,2025-01-26T11:00:00.000+01:00,2025-01-26T10:00:00Z,2025-01-26T10:00:00.000Z,8741,Península
315965.0,2025-01-26T12:00:00.000+01:00,2025-01-26T11:00:00Z,2025-01-26T11:00:00.000Z,8741,Península
322864.0,2025-01-26T13:00:00.000+01:00,2025-01-26T12:00:00Z,2025-01-26T12:00:00.000Z,8741,Península
328454.0,2025-01-26T14:00:00.000+01:00,2025-01-26T13:00:00Z,2025-01-26T13:00:00.000Z,8741,Península
318778.0,2025-01-26T15:00:00.000+01:00,2025-01-26T14:00:00Z,2025-01-26T14:00:00.000Z,8741,Península
315354.0,2025-01-26T16:00:00.000+01:00,2025-01-26T15:00:00Z,2025-01-26T15:00:00.000Z,8741,Península
321789.0,2025-01-26T17:00:00.000+01:00,2025-01-26T16:00:00Z,2025-01-26T16:00:00.000Z,8741,Península
343824.0,2025-01-26T18:00:00.000+01:00,2025-01-26T17:00:00Z,2025-01-26T17:00:00.000Z,8741,Península
361641.0,2025-01-26T19:00:00.000+01:00,2025-01-26T18:00:00Z,2025-01-26T18:00:00.000Z,8741,Península
373602.0,2025-01-26T20:00:00.000+01:00,2025-01-26T19:00:00Z,2025-01-26T19:00:00.000Z,8741,Península
370164.0,2025-01-26T21:00:00.000+01:00,2025-01-26T20:00:00Z,2025-01-26T20:00:00.000Z,8741,Península
341611.0,2025-01-26T22:00:00.000+01:00,2025-01-26T21:00:00Z,2025-01-26T21:00:00.000Z,8741,Península
310408.0,2025-01-26T23:00:00.000+01:00,2025-01-26T22:00:00Z,2025-01-26T22:00:00.000Z,8741,Península
284052.0,2025-01-27T00:00:00.000+01:00,2025-01-26T23:00:00Z,2025-01-26T23:00:00.000Z,8741,Península
264974.0,2025-01-27T01:00:00.000+01:00,2025-01-27T00:00:00Z,2025-01-27T00:00:00.000Z,8741,Península
254630.0,2025-01-27T02:00:00.000+01:00,2025-01-27T01:00:00Z,2025-01-27T01:00:00.000Z,8741,Península
250841.0,2025-01-27T03:00:00.000+01:00,2025-01-27T02:00:00Z,2025-01-27T02:00:00.000Z,8741,Península
252040.0,2025-01-27T04:00:00.000+01:00,2025-01-27T03:00:00Z,2025-01-27T03:00:00.000Z,8741,Península
261107.0,2025-01-27T05:00:00.000+01:00,2025-01-27T04:00:00Z,2025-01-27T04:00:00.000Z,8741,Península
303691.0,2025-01-27T06:00:00.000+01:00,2025-01-27T05:00:00Z,2025-01-27T05:00:00.000Z,8741,Península
361428.0,2025-01-27T07:00:00.000+01:00,2025-01-27T06:00:00Z,2025-01-27T06:00:00.000Z,8741,Península
391772.0,2025-01-27T08:00:00.000+01:00,2025-01-27T07:00:00Z,2025-01-27T07:00:00.000Z,8741,Península
399941.0,2025-01-27T09:00:00.000+01:00,2025-01-27T08:00:00Z,2025-01-27T08:00:00.000Z,8741,Península
399811.0,2025-01-27T10:00:00.000+01:00,2025-01-27T09:00:00Z,2025-01-27T09:00:00.000Z,8741,Península
391119.0,2025-01-27T11:00:00.000+01:00,2025-01-27T10:00:00Z,2025-01-27T10:00:00.000Z,8741,Península
384202.0,2025-01-27T12:00:00.000+01:00,2025-01-27T11:00:00Z,2025-01-27T11:00:00.000Z,8741,Península
384224.0,2025-01-27T13:00:00.000+01:00,2025-01-27T12:00:00Z,2025-01-27T12:00:00.000Z,8741,Península
382623.0,2025-01-27T14:00:00.000+01:00,2025-01-27T13:00:00Z,2025-01-27T13:00:00.000Z,8741,Península
375918.0,2025-01-27T15:00:00.000+01:00,2025-01-27T14:00:00Z,2025-01-27T14:00:00.000Z,8741,Península
377961.0,2025-01-27T16:00:00.000+01:00,2025-01-27T15:00:00Z,2025-01-27T15:00:00.000Z,8741,Península
384328.0,2025-01-27T17:00:00.000+01:00,2025-01-27T16:00:00Z,2025-01-27T16:00:00.000Z,8741,Península
401406.0,2025-01-27T18:00:00.000+01:00,2025-01-27T17:00:00Z,2025-01-27T17:00:00.000Z,8741,Península
422235.0,2025-01-27T19:00:00.000+01:00,2025-01-27T18:00:00Z,2025-01-27T18:00:00.000Z,8741,Península
431395.0,2025-01-27T20:00:00.000+01:00,2025-01-27T19:00:00Z,2025-01-27T19:00:00.000Z,8741,Península
416978.0,2025-01-27T21:00:00.000+01:00,2025-01-27T20:00:00Z,2025-01-27T20:00:00.000Z,8741,Península
375111.0,2025-01-27T22:00:00.000+01:00,2025-01-27T21:00:00Z,2025-01-27T21:00:00.000Z,8741,Península
336943.0,2025-01-27T23:00:00.000+01:00,2025-01-27T22:00:00Z,2025-01-27T22:00:00.000Z,8741,Península
314394.0,2025-01-28T00:00:00.000+01:00,2025-01-27T23:00:00Z,2025-01-27T23:00:00.000Z,8741,Península
295500.0,2025-01-28T01:00:00.000+01:00,2025-01-28T00:00:00Z,2025-01-28T00:00:00.000Z,8741,Península
282249.0,2025-01-28T02:00:00.000+01:00,2025-01-28T01:00:00Z,2025-01-28T01:00:00.000Z,8741,Península
277120.0,2025-01-28T03:00:00.000+01:00,2025-01-28T02:00:00Z,2025-01-28T02:00:00.000Z,8741,Península
275227.0,2025-01-28T04:00:00.000+01:00,2025-01-28T03:00:00Z,2025-01-28T03:00:00.000Z,8741,Península
284698.0,2025-01-28T05:00:00.000+01:00,2025-01-28T04:00:00Z,2025-01-28T04:00:00.000Z,8741,Península
320308.0,2025-01-28T06:00:00.000+01:00,2025-01-28T05:00:00Z,2025-01-28T05:00:00.000Z,8741,Península
378470.0,2025-01-28T07:00:00.000+01:00,2025-01-28T06:00:00Z,2025-01-28T06:00:00.000Z,8741,Península
405683.0,2025-01-28T08:00:00.000+01:00,2025-01-28T07:00:00Z,2025-01-28T07:00:00.000Z,8741,Península
407709.0,2025-01-28T09:00:00.000+01:00,2025-01-28T08:00:00Z,2025-01-28T08:00:00.000Z,8741,Península
400829.0,2025-01-28T10:00:00.000+01:00,2025-01-28T09:00:00Z,2025-01-28T09:00:00.000Z,8741,Península
395743.0,2025-01-28T11:00:00.000+01:00,2025-01-28T10:00:00Z,2025-01-28T10:00:00.000Z,8741,Península
389443.0,2025-01-28T12:00:00.000+01:00,2025-01-28T11:00:00Z,2025-01-28T11:00:00.000Z,8741,Península
385560.0,2025-01-28T13:00:00.000+01:00,2025-01-28T12:00:00Z,2025-01-28T12:00:00.000Z,8741,Península
376700.0,2025-01-28T14:00:00.000+01:00,2025-01-28T13:00:00Z,2025-01-28T13:00:00.000Z,8741,Península
370193.0,2025-01-28T15:00:00.000+01:00,2025-01-28T14:00:00Z,2025-01-28T14:00:00.000Z,8741,Península
373788.0,2025-01-28T16:00:00.000+01:00,2025-01-28T15:00:00Z,2025-01-28T15:00:00.000Z,8741,Península
388445.0,2025-01-28T17:00:00.000+01:00,2025-01-28T16:00:00Z,2025-01-28T16:00:00.000Z,8741,Península
414245.0,2025-01-28T18:00:00.000+01:00,2025-01-28T17:00:00Z,2025-01-28T17:00:00.000Z,8741,Península
438458.0,2025-01-28T19:00:00.000+01:00,2025-01-28T18:00:00Z,2025-01-28T18:00:00.000Z,8741,Península
447915.0,2025-01-28T20:00:00.000+01:00,2025-01-28T19:00:00Z,2025-01-28T19:00:00.000Z,8741,Península
434782.0,2025-01-28T21:00:00.000+01:00,2025-01-28T20:00:00Z,2025-01-28T20:00:00.000Z,8741,Península
394271.0,2025-01-28T22:00:00.000+01:00,2025-01-28T21:00:00Z,2025-01-28T21:00:00.000Z,8741,Península
354326.0,2025-01-28T23:00:00.000+01:00,2025-01-28T22:00:00Z,2025-01-28T22:00:00.000Z,8741,Península
326601.0,2025-01-29T00:00:00.000+01:00,2025-01-28T23:00:00Z,2025-01-28T23:00:00.000Z,8741,Península
306484.0,2025-01-29T01:00:00.000+01:00,2025-01-29T00:00:00Z,2025-01-29T00:00:00.000Z,8741,Península
293853.0,2025-01-29T02:00:00.000+01:00,2025-01-29T01:00:00Z,2025-01-29T01:00:00.000Z,8741,Península
289327.0,2025-01-29T03:00:00.000+01:00,2025-01-29T02:00:00Z,2025-01-29T02:00:00.000Z,8741,Península
287392.0,2025-01-29T04:00:00.000+01:00,2025-01-29T03:00:00Z,2025-01-29T03:00:00.000Z,8741,Península
296515.0,2025-01-29T05:00:00.000+01:00,2025-01-29T04:00:00Z,2025-01-29T04:00:00.000Z,8741,Península
332000.0,2025-01-29T06:00:00.000+01:00,2025-01-29T05:00:00Z,2025-01-29T05:00:00.000Z,8741,Península
385695.0,2025-01-29T07:00:00.000+01:00,2025-01-29T06:00:00Z,2025-01-29T06:00:00.000Z,8741,Península
411833.0,2025-01-29T08:00:00.000+01:00,2025-01-29T07:00:00Z,2025-01-29T07:00:00.000Z,8741,Península
416749.0,2025-01-29T09:00:00.000+01:00,2025-01-29T08:00:00Z,2025-01-29T08:00:00.000Z,8741,Península
417601.0,2025-01-29T10:00:00.000+01:00,2025-01-29T09:00:00Z,2025-01-29T09:00:00.000Z,8741,Península
412288.0,2025-01-29T11:00:00.000+01:00,2025-01-29T10:00:00Z,2025-01-29T10:00:00.000Z,8741,Península
411270.0,2025-01-29T12:00:00.000+01:00,2025-01-29T11:00:00Z,2025-01-29T11:00:00.000Z,8741,Península
421121.0,2025-01-29T13:00:00.000+01:00,2025-01-29T12:00:00Z,2025-01-29T12:00:00.000Z,8741,Península
421778.0,2025-01-29T14:00:00.000+01:00,2025-01-29T13:00:00Z,2025-01-29T13:00:00.000Z,8741,Península
413111.0,2025-01-29T15:00:00.000+01:00,2025-01-29T14:00:00Z,2025-01-29T14:00:00.000Z,8741,Península
409459.0,2025-01-29T16:00:00.000+01:00,2025-01-29T15:00:00Z,2025-01-29T15:00:00.000Z,8741,Península
411176.0,2025-01-29T17:00:00.000+01:00,2025-01-29T16:00:00Z,2025-01-29T16:00:00.000Z,8741,Península
422712.0,2025-01-29T18:00:00.000+01:00,2025-01-29T17:00:00Z,2025-01-29T17:00:00.000Z,8741,Península
441008.0,2025-01-29T19:00:00.000+01:00,2025-01-29T18:00:00Z,2025-01-29T18:00:00.000Z,8741,Península
447996.0,2025-01-29T20:00:00.000+01:00,2025-01-29T19:00:00Z,2025-01-29T19:00:00.000Z,8741,Península
433121.0,2025-01-29T21:00:00.000+01:00,2025-01-29T20:00:00Z,2025-01-29T20:00:00.000Z,8741,Península
390154.0,2025-01-29T22:00:00.000+01:00,2025-01-29T21:00:00Z,2025-01-29T21:00:00.000Z,8741,Península
352270.0,2025-01-29T23:00:00.000+01:00,2025-01-29T22:00:00Z,2025-01-29T22:00:00.000Z,8741,Península
327667.0,2025-01-30T00:00:00.000+01:00,2025-01-29T23:00:00Z,2025-01-29T23:00:00.000Z,8741,Península
308012.0,2025-01-30T01:00:00.000+01:00,2025-01-30T00:00:00Z,2025-01-30T00:00:00.000Z,8741,Península
295586.0,2025-01-30T02:00:00.000+01:00,2025-01-30T01:00:00Z,2025-01-30T01:00:00.000Z,8741,Península
290487.0,2025-01-30T03:00:00.000+01:00,2025-01-30T02:00:00Z,2025-01-30T02:00:00.000Z,8741,Península
289146.0,2025-01-30T04:00:00.000+01:00,2025-01-30T03:00:00Z,2025-01-30T03:00:00.000Z,8741,Península
297884.0,2025-01-30T05:00:00.000+01:00,2025-01-30T04:00:00Z,2025-01-30T04:00:00.000Z,8741,Península
332767.0,2025-01-30T06:00:00.000+01:00,2025-01-30T05:00:00Z,2025-01-30T05:00:00.000Z,8741,Península
383570.0,2025-01-30T07:00:00.000+01:00,2025-01-30T06:00:00Z,2025-01-30T06:00:00.000Z,8741,Península
413390.0,2025-01-30T08:00:00.000+01:00,2025-01-30T07:00:00Z,2025-01-30T07:00:00.000Z,8741,Península
415697.0,2025-01-30T09:00:00.000+01:00,2025-01-30T08:00:00Z,2025-01-30T08:00:00.000Z,8741,Península
409554.0,2025-01-30T10:00:00.000+01:00,2025-01-30T09:00:00Z,2025-01-30T09:00:00.000Z,8741,Península
399055.0,2025-01-30T11:00:00.000+01:00,2025-01-30T10:00:00Z,2025-01-30T10:00:00.000Z,8741,Península
389115.0,2025-01-30T12:00:00.000+01:00,2025-01-30T11:00:00Z,2025-01-30T11:00:00.000Z,8741,Península
388277.0,2025-01-30T13:00:00.000+01:00,2025-01-30T12:00:00Z,2025-01-30T12:00:00.000Z,8741,Península
383209.0,2025-01-30T14:00:00.000+01:00,2025-01-30T13:00:00Z,2025-01-30T13:00:00.000Z,8741,Península
382169.0,2025-01-30T15:00:00.000+01:00,2025-01-30T14:00:00Z,2025-01-30T14:00:00.000Z,8741,Península
387518.0,2025-01-30T16:00:00.000+01:00,2025-01-30T15:00:00Z,2025-01-30T15:00:00.000Z,8741,Península
398783.0,2025-01-30T17:00:00.000+01:00,2025-01-30T16:00:00Z,2025-01-30T16:00:00.000Z,8741,Península
414952.0,2025-01-30T18:00:00.000+01:00,2025-01-30T17:00:00Z,2025-01-30T17:00:00.000Z,8741,Península
435085.0,2025-01-30T19:00:00.000+01:00,2025-01-30T18:00:00Z,2025-01-30T18:00:00.000Z,8741,Península
446147.0,2025-01-30T20:00:00.000+01:00,2025-01-30T19:00:00Z,2025-01-30T19:00:00.000Z,8741,Península
436033.0,2025-01-30T21:00:00.000+01:00,2025-01-30T20:00:00Z,2025-01-30T20:00:00.000Z,8741,Península
394067.0,2025-01-30T22:00:00.000+01:00,2025-01-30T21:00:00Z,2025-01-30T21:00:00.000Z,8741,Península
357513.0,2025-01-30T23:00:00.000+01:00,2025-01-30T22:00:00Z,2025-01-30T22:00:00.000Z,8741,Península
334510.0,2025-01-31T00:00:00.000+01:00,2025-01-30T23:00:00Z,2025-01-30T23:00:00.000Z,8741,Península
308464.0,2025-01-31T01:00:00.000+01:00,2025-01-31T00:00:00Z,2025-01-31T00:00:00.000Z,8741,Península
292886.0,2025-01-31T02:00:00.000+01:00,2025-01-31T01:00:00Z,2025-01-31T01:00:00.000Z,8741,Península
286827.0,2025-01-31T03:00:00.000+01:00,2025-01-31T02:00:00Z,2025-01-31T02:00:00.000Z,8741,Península
285538.0,2025-01-31T04:00:00.000+01:00,2025-01-31T03:00:00Z,2025-01-31T03:00:00.000Z,8741,Península
292657.0,2025-01-31T05:00:00.000+01:00,2025-01-31T04:00:00Z,2025-01-31T04:00:00.000Z,8741,Península
331992.0,2025-01-31T06:00:00.000+01:00,2025-01-31T05:00:00Z,2025-01-31T05:00:00.000Z,8741,Península
384499.0,2025-01-31T07:00:00.000+01:00,2025-01-31T06:00:00Z,2025-01-31T06:00:00.000Z,8741,Península
411144.0,2025-01-31T08:00:00.000+01:00,2025-01-31T07:00:00Z,2025-01-31T07:00:00.000Z,8741,Península
414330.0,2025-01-31T09:00:00.000+01:00,2025-01-31T08:00:00Z,2025-01-31T08:00:00.000Z,8741,Península
409892.0,2025-01-31T10:00:00.000+01:00,2025-01-31T09:00:00Z,2025-01-31T09:00:00.000Z,8741,Península
393177.0,2025-01-31T11:00:00.000+01:00,2025-01-31T10:00:00Z,2025-01-31T10:00:00.000Z,8741,Península
380964.0,2025-01-31T12:00:00.000+01:00,2025-01-31T11:00:00Z,2025-01-31T11:00:00.000Z,8741,Península
373751.0,2025-01-31T13:00:00.000+01:00,2025-01-31T12:00:00Z,2025-01-31T12:00:00.000Z,8741,Península
366146.0,2025-01-31T14:00:00.000+01:00,2025-01-31T13:00:00Z,2025-01-31T13:00:00.000Z,8741,Península
365047.0,2025-01-31T15:00:00.000+01:00,2025-01-31T14:00:00Z,2025-01-31T14:00:00.000Z,8741,Península
366284.0,2025-01-31T16:00:00.000+01:00,2025-01-31T15:00:00Z,2025-01-31T15:00:00.000Z,8741,Península
373221.0,2025-01-31T17:00:00.000+01:00,2025-01-31T16:00:00Z,2025-01-31T16:00:00.000Z,8741,Península
390456.0,2025-01-31T18:00:00.000+01:00,2025-01-31T17:00:00Z,2025-01-31T17:00:00.000Z,8741,Península
415542.0,2025-01-31T19:00:00.000+01:00,2025-01-31T18:00:00Z,2025-01-31T18:00:00.000Z,8741,Península
421041.0,2025-01-31T20:00:00.000+01:00,2025-01-31T19:00:00Z,2025-01-31T19:00:00.000Z,8741,Península
411770.0,2025-01-31T21:00:00.000+01:00,2025-01-31T20:00:00Z,2025-01-31T20:00:00.000Z,8741,Península
377249.0,2025-01-31T22:00:00.000+01:00,2025-01-31T21:00:00Z,2025-01-31T21:00:00.000Z,8741,Península
344227.0,2025-01-31T23:00:00.000+01:00,2025-01-31T22:00:00Z,2025-01-31T22:00:00.000Z,8741,Península
321585.0,2025-02-01T00:00:00.000+01:00,2025-01-31T23:00:00Z,2025-01-31T23:00:00.000Z,8741,Península
297971.0,2025-02-01T01:00:00.000+01:00,2025-02-01T00:00:00Z,2025-02-01T00:00:00.000Z,8741,Península
281396.0,2025-02-01T02:00:00.000+01:00,2025-02-01T01:00:00Z,2025-02-01T01:00:00.000Z,8741,Península
270491.0,2025-02-01T03:00:00.000+01:00,2025-02-01T02:00:00Z,2025-02-01T02:00:00.000Z,8741,Península
267649.0,2025-02-01T04:00:00.000+01:00,2025-02-01T03:00:00Z,2025-02-01T03:00:00.000Z,8741,Península
266824.0,2025-02-01T05:00:00.000+01:00,2025-02-01T04:00:00Z,2025-02-01T04:00:00.000Z,8741,Península
276902.0,2025-02-01T06:00:00.000+01:00,2025-02-01T05:00:00Z,2025-02-01T05:00:00.000Z,8741,Península
296866.0,2025-02-01T07:00:00.000+01:00,2025-02-01T06:00:00Z,2025-02-01T06:00:00.000Z,8741,Península
316357.0,2025-02-01T08:00:00.000+01:00,2025-02-01T07:00:00Z,2025-02-01T07:00:00.000Z,8741,Península
336723.0,2025-02-01T09:00:00.000+01:00,2025-02-01T08:00:00Z,2025-02-01T08:00:00.000Z,8741,Península
348947.0,2025-02-01T10:00:00.000+01:00,2025-02-01T09:00:00Z,2025-02-01T09:00:00.000Z,8741,Península
351906.0,2025-02-01T11:00:00.000+01:00,2025-02-01T10:00:00Z,2025-02-01T10:00:00.000Z,8741,Península
340880.0,2025-02-01T12:00:00.000+01:00,2025-02-01T11:00:00Z,2025-02-01T11:00:00.000Z,8741,Península
338929.0,2025-02-01T13:00:00.000+01:00,2025-02-01T12:00:00Z,2025-02-01T12:00:00.000Z,8741,Península
336866.0,2025-02-01T14:00:00.000+01:00,2025-02-01T13:00:00Z,2025-02-01T13:00:00.000Z,8741,Península
326656.0,2025-02-01T15:00:00.000+01:00,2025-02-01T14:00:00Z,2025-02-01T14:00:00.000Z,8741,Península
323325.0,2025-02-01T16:00:00.000+01:00,2025-02-01T15:00:00Z,2025-02-01T15:00:00.000Z,8741,Península
328591.0,2025-02-01T17:00:00.000+01:00,2025-02-01T16:00:00Z,2025-02-01T16:00:00.000Z,8741,Península
347611.0,2025-02-01T18:00:00.000+01:00,2025-02-01T17:00:00Z,2025-02-01T17:00:00.000Z,8741,Península
365187.0,2025-02-01T19:00:00.000+01:00,2025-02-01T18:00:00Z,2025-02-01T18:00:00.000Z,8741,Península
375624.0,2025-02-01T20:00:00.000+01:00,2025-02-01T19:00:00Z,2025-02-01T19:00:00.000Z,8741,Península
377169.0,2025-02-01T21:00:00.000+01:00,2025-02-01T20:00:00Z,2025-02-01T20:00:00.000Z,8741,Península
355567.0,2025-02-01T22:00:00.000+01:00,2025-02-01T21:00:00Z,2025-02-01T21:00:00.000Z,8741,Península
326574.0,2025-02-01T23:00:00.000+01:00,2025-02-01T22:00:00Z,2025-02-01T22:00:00.000Z,8741,Península
302903.0,2025-02-02T00:00:00.000+01:00,2025-02-01T23:00:00Z,2025-02-01T23:00:00.000Z,8741,Península
279630.0,2025-02-02T01:00:00.000+01:00,2025-02-02T00:00:00Z,2025-02-02T00:00:00.000Z,8741,Península
262302.0,2025-02-02T02:00:00.000+01:00,2025-02-02T01:00:00Z,2025-02-02T01:00:00.000Z,8741,Península
253138.0,2025-02-02T03:00:00.000+01:00,2025-02-02T02:00:00Z,2025-02-02T02:00:00.000Z,8741,Península
248683.0,2025-02-02T04:00:00.000+01:00,2025-02-02T03:00:00Z,2025-02-02T03:00:00.000Z,8741,Península
250100.0,2025-02-02T05:00:00.000+01:00,2025-02-02T04:00:00Z,2025-02-02T04:00:00.000Z,8741,Península
256014.0,2025-02-02T06:00:00.000+01:00,2025-02-02T05:00:00Z,2025-02-02T05:00:00.000Z,8741,Península
268948.0,2025-02-02T07:00:00.000+01:00,2025-02-02T06:00:00Z,2025-02-02T06:00:00.000Z,8741,Península
282815.0,2025-02-02T08:00:00.000+01:00,2025-02-02T07:00:00Z,2025-02-02T07:00:00.000Z,8741,Península
300003.0,2025-02-02T09:00:00.000+01:00,2025-02-02T08:00:00Z,2025-02-02T08:00:00.000Z,8741,Península
315452.0,2025-02-02T10:00:00.000+01:00,2025-02-02T09:00:00Z,2025-02-02T09:00:00.000Z,8741,Península
314036.0,2025-02-02T11:00:00.000+01:00,2025-02-02T10:00:00Z,2025-02-02T10:00:00.000Z,8741,Península
309599.0,2025-02-02T12:00:00.000+01:00,2025-02-02T11:00:00Z,2025-02-02T11:00:00.000Z,8741,Península
314245.0,2025-02-02T13:00:00.000+01:00,2025-02-02T12:00:00Z,2025-02-02T12:00:00.000Z,8741,Península
319111.0,2025-02-02T14:00:00.000+01:00,2025-02-02T13:00:00Z,2025-02-02T13:00:00.000Z,8741,Península
311758.0,2025-02-02T15:00:00.000+01:00,2025-02-02T14:00:00Z,2025-02-02T14:00:00.000Z,8741,Península
312501.0,2025-02-02T16:00:00.000+01:00,2025-02-02T15:00:00Z,2025-02-02T15:00:00.000Z,8741,Península
318457.0,2025-02-02T17:00:00.000+01:00,2025-02-02T16:00:00Z,2025-02-02T16:00:00.000Z,8741,Península
342546.0,2025-02-02T18:00:00.000+01:00,2025-02-02T17:00:00Z,2025-02-02T17:00:00.000Z,8741,Península
370089.0,2025-02-02T19:00:00.000+01:00,2025-02-02T18:00:00Z,2025-02-02T18:00:00.000Z,8741,Península
384219.0,2025-02-02T20:00:00.000+01:00,2025-02-02T19:00:00Z,2025-02-02T19:00:00.000Z,8741,Península
384541.0,2025-02-02T21:00:00.000+01:00,2025-02-02T20:00:00Z,2025-02-02T20:00:00.000Z,8741,Península
358958.0,2025-02-02T22:00:00.000+01:00,2025-02-02T21:00:00Z,2025-02-02T21:00:00.000Z,8741,Península
323393.0,2025-02-02T23:00:00.000+01:00,2025-02-02T22:00:00Z,2025-02-02T22:00:00.000Z,8741,Península
296447.0,2025-02-03T00:00:00.000+01:00,2025-02-02T23:00:00Z,2025-02-02T23:00:00.000Z,8741,Península
277791.0,2025-02-03T01:00:00.000+01:00,2025-02-03T00:00:00Z,2025-02-03T00:00:00.000Z,8741,Península
265805.0,2025-02-03T02:00:00.000+01:00,2025-02-03T01:00:00Z,2025-02-03T01:00:00.000Z,8741,Península
260757.0,2025-02-03T03:00:00.000+01:00,2025-02-03T02:00:00Z,2025-02-03T02:00:00.000Z,8741,Península
261734.0,2025-02-03T04:00:00.000+01:00,2025-02-03T03:00:00Z,2025-02-03T03:00:00.000Z,8741,Península
274505.0,2025-02-03T05:00:00.000+01:00,2025-02-03T04:00:00Z,2025-02-03T04:00:00.000Z,8741,Península
318953.0,2025-02-03T06:00:00.000+01:00,2025-02-03T05:00:00Z,2025-02-03T05:00:00.000Z,8741,Península
376557.0,2025-02-03T07:00:00.000+01:00,2025-02-03T06:00:00Z,2025-02-03T06:00:00.000Z,8741,Península
409856.0,2025-02-03T08:00:00.000+01:00,2025-02-03T07:00:00Z,2025-02-03T07:00:00.000Z,8741,Península
413979.0,2025-02-03T09:00:00.000+01:00,2025-02-03T08:00:00Z,2025-02-03T08:00:00.000Z,8741,Península
410863.0,2025-02-03T10:00:00.000+01:00,2025-02-03T09:00:00Z,2025-02-03T09:00:00.000Z,8741,Península
398166.0,2025-02-03T11:00:00.000+01:00,2025-02-03T10:00:00Z,2025-02-03T10:00:00.000Z,8741,Península
390130.0,2025-02-03T12:00:00.000+01:00,2025-02-03T11:00:00Z,2025-02-03T11:00:00.000Z,8741,Península
387078.0,2025-02-03T13:00:00.000+01:00,2025-02-03T12:00:00Z,2025-02-03T12:00:00.000Z,8741,Península
380354.0,2025-02-03T14:00:00.000+01:00,2025-02-03T13:00:00Z,2025-02-03T13:00:00.000Z,8741,Península
374711.0,2025-02-03T15:00:00.000+01:00,2025-02-03T14:00:00Z,2025-02-03T14:00:00.000Z,8741,Península
373602.0,2025-02-03T16:00:00.000+01:00,2025-02-03T15:00:00Z,2025-02-03T15:00:00.000Z,8741,Península
384830.0,2025-02-03T17:00:00.000+01:00,2025-02-03T16:00:00Z,2025-02-03T16:00:00.000Z,8741,Península
406047.0,2025-02-03T18:00:00.000+01:00,2025-02-03T17:00:00Z,2025-02-03T17:00:00.000Z,8741,Península
435139.0,2025-02-03T19:00:00.000+01:00,2025-02-03T18:00:00Z,2025-02-03T18:00:00.000Z,8741,Península
447569.0,2025-02-03T20:00:00.000+01:00,2025-02-03T19:00:00Z,2025-02-03T19:00:00.000Z,8741,Península
438335.0,2025-02-03T21:00:00.000+01:00,2025-02-03T20:00:00Z,2025-02-03T20:00:00.000Z,8741,Península
396895.0,2025-02-03T22:00:00.000+01:00,2025-02-03T21:00:00Z,2025-02-03T21:00:00.000Z,8741,Península
353136.0,2025-02-03T23:00:00.000+01:00,2025-02-03T22:00:00Z,2025-02-03T22:00:00.000Z,8741,Península
325195.0,2025-02-04T00:00:00.000+01:00,2025-02-03T23:00:00Z,2025-02-03T23:00:00.000Z,8741,Península
305125.0,2025-02-04T01:00:00.000+01:00,2025-02-04T00:00:00Z,2025-02-04T00:00:00.000Z,8741,Península
292414.0,2025-02-04T02:00:00.000+01:00,2025-02-04T01:00:00Z,2025-02-04T01:00:00.000Z,8741,Península
286608.0,2025-02-04T03:00:00.000+01:00,2025-02-04T02:00:00Z,2025-02-04T02:00:00.000Z,8741,Península
286936.0,2025-02-04T04:00:00.000+01:00,2025-02-04T03:00:00Z,2025-02-04T03:00:00.000Z,8741,Península
294408.0,2025-02-04T05:00:00.000+01:00,2025-02-04T04:00:00Z,2025-02-04T04:00:00.000Z,8741,Península
331695.0,2025-02-04T06:00:00.000+01:00,2025-02-04T05:00:00Z,2025-02-04T05:00:00.000Z,8741,Península
389843.0,2025-02-04T07:00:00.000+01:00,2025-02-04T06:00:00Z,2025-02-04T06:00:00.000Z,8741,Península
423476.0,2025-02-04T08:00:00.000+01:00,2025-02-04T07:00:00Z,2025-02-04T07:00:00.000Z,8741,Península
421371.0,2025-02-04T09:00:00.000+01:00,2025-02-04T08:00:00Z,2025-02-04T08:00:00.000Z,8741,Península
404705.0,2025-02-04T10:00:00.000+01:00,2025-02-04T09:00:00Z,2025-02-04T09:00:00.000Z,8741,Península
387540.0,2025-02-04T11:00:00.000+01:00,2025-02-04T10:00:00Z,2025-02-04T10:00:00.000Z,8741,Península
377577.0,2025-02-04T12:00:00.000+01:00,2025-02-04T11:00:00Z,2025-02-04T11:00:00.000Z,8741,Península
372195.0,2025-02-04T13:00:00.000+01:00,2025-02-04T12:00:00Z,2025-02-04T12:00:00.000Z,8741,Península
366153.0,2025-02-04T14:00:00.000+01:00,2025-02-04T13:00:00Z,2025-02-04T13:00:00.000Z,8741,Península
363846.0,2025-02-04T15:00:00.000+01:00,2025-02-04T14:00:00Z,2025-02-04T14:00:00.000Z,8741,Península
369410.0,2025-02-04T16:00:00.000+01:00,2025-02-04T15:00:00Z,2025-02-04T15:00:00.000Z,8741,Península
381707.0,2025-02-04T17:00:00.000+01:00,2025-02-04T16:00:00Z,2025-02-04T16:00:00.000Z,8741,Península
403603.0,2025-02-04T18:00:00.000+01:00,2025-02-04T17:00:00Z,2025-02-04T17:00:00.000Z,8741,Península
434650.0,2025-02-04T19:00:00.000+01:00,2025-02-04T18:00:00Z,2025-02-04T18:00:00.000Z,8741,Península
448623.0,2025-02-04T20:00:00.000+01:00,2025-02-04T19:00:00Z,2025-02-04T19:00:00.000Z,8741,Península
439316.0,2025-02-04T21:00:00.000+01:00,2025-02-04T20:00:00Z,2025-02-04T20:00:00.000Z,8741,Península
398808.0,2025-02-04T22:00:00.000+01:00,2025-02-04T21:00:00Z,2025-02-04T21:00:00.000Z,8741,Península
356706.0,2025-02-04T23:00:00.000+01:00,2025-02-04T22:00:00Z,2025-02-04T22:00:00.000Z,8741,Península
328230.0,2025-02-05T00:00:00.000+01:00,2025-02-04T23:00:00Z,2025-02-04T23:00:00.000Z,8741,Península
306215.0,2025-02-05T01:00:00.000+01:00,2025-02-05T00:00:00Z,2025-02-05T00:00:00.000Z,8741,Península
292571.0,2025-02-05T02:00:00.000+01:00,2025-02-05T01:00:00Z,2025-02-05T01:00:00.000Z,8741,Península
287669.0,2025-02-05T03:00:00.000+01:00,2025-02-05T02:00:00Z,2025-02-05T02:00:00.000Z,8741,Península
287654.0,2025-02-05T04:00:00.000+01:00,2025-02-05T03:00:00Z,2025-02-05T03:00:00.000Z,8741,Península
295397.0,2025-02-05T05:00:00.000+01:00,2025-02-05T04:00:00Z,2025-02-05T04:00:00.000Z,8741,Península
334429.0,2025-02-05T06:00:00.000+01:00,2025-02-05T05:00:00Z,2025-02-05T05:00:00.000Z,8741,Península
393396.0,2025-02-05T07:00:00.000+01:00,2025-02-05T06:00:00Z,2025-02-05T06:00:00.000Z,8741,Península
423823.0,2025-02-05T08:00:00.000+01:00,2025-02-05T07:00:00Z,2025-02-05T07:00:00.000Z,8741,Península
420377.0,2025-02-05T09:00:00.000+01:00,2025-02-05T08:00:00Z,2025-02-05T08:00:00.000Z,8741,Península
406065.0,2025-02-05T10:00:00.000+01:00,2025-02-05T09:00:00Z,2025-02-05T09:00:00.000Z,8741,Península
388511.0,2025-02-05T11:00:00.000+01:00,2025-02-05T10:00:00Z,2025-02-05T10:00:00.000Z,8741,Península
375669.0,2025-02-05T12:00:00.000+01:00,2025-02-05T11:00:00Z,2025-02-05T11:00:00.000Z,8741,Península
369960.0,2025-02-05T13:00:00.000+01:00,2025-02-05T12:00:00Z,2025-02-05T12:00:00.000Z,8741,Península
364994.0,2025-02-05T14:00:00.000+01:00,2025-02-05T13:00:00Z,2025-02-05T13:00:00.000Z,8741,Península
361535.0,2025-02-05T15:00:00.000+01:00,2025-02-05T14:00:00Z,2025-02-05T14:00:00.000Z,8741,Península
366531.0,2025-02-05T16:00:00.000+01:00,2025-02-05T15:00:00Z,2025-02-05T15:00:00.000Z,8741,Península
380621.0,2025-02-05T17:00:00.000+01:00,2025-02-05T16:00:00Z,2025-02-05T16:00:00.000Z,8741,Península
403591.0,2025-02-05T18:00:00.000+01:00,2025-02-05T17:00:00Z,2025-02-05T17:00:00.000Z,8741,Península
433878.0,2025-02-05T19:00:00.000+01:00,2025-02-05T18:00:00Z,2025-02-05T18:00:00.000Z,8741,Península
449670.0,2025-02-05T20:00:00.000+01:00,2025-02-05T19:00:00Z,2025-02-05T19:00:00.000Z,8741,Península
441673.0,2025-02-05T21:00:00.000+01:00,2025-02-05T20:00:00Z,2025-02-05T20:00:00.000Z,8741,Península
398527.0,2025-02-05T22:00:00.000+01:00,2025-02-05T21:00:00Z,2025-02-05T21:00:00.000Z,8741,Península
357135.0,2025-02-05T23:00:00.000+01:00,2025-02-05T22:00:00Z,2025-02-05T22:00:00.000Z,8741,Península
328741.0,2025-02-06T00:00:00.000+01:00,2025-02-05T23:00:00Z,2025-02-05T23:00:00.000Z,8741,Península
306876.0,2025-02-06T01:00:00.000+01:00,2025-02-06T00:00:00Z,2025-02-06T00:00:00.000Z,8741,Península
295195.0,2025-02-06T02:00:00.000+01:00,2025-02-06T01:00:00Z,2025-02-06T01:00:00.000Z,8741,Península
288772.0,2025-02-06T03:00:00.000+01:00,2025-02-06T02:00:00Z,2025-02-06T02:00:00.000Z,8741,Península
287826.0,2025-02-06T04:00:00.000+01:00,2025-02-06T03:00:00Z,2025-02-06T03:00:00.000Z,8741,Península
298287.0,2025-02-06T05:00:00.000+01:00,2025-02-06T04:00:00Z,2025-02-06T04:00:00.000Z,8741,Península
333960.0,2025-02-06T06:00:00.000+01:00,2025-02-06T05:00:00Z,2025-02-06T05:00:00.000Z,8741,Península
390760.0,2025-02-06T07:00:00.000+01:00,2025-02-06T06:00:00Z,2025-02-06T06:00:00.000Z,8741,Península
421526.0,2025-02-06T08:00:00.000+01:00,2025-02-06T07:00:00Z,2025-02-06T07:00:00.000Z,8741,Península
420537.0,2025-02-06T09:00:00.000+01:00,2025-02-06T08:00:00Z,2025-02-06T08:00:00.000Z,8741,Península
408988.0,2025-02-06T10:00:00.000+01:00,2025-02-06T09:00:00Z,2025-02-06T09:00:00.000Z,8741,Península
391051.0,2025-02-06T11:00:00.000+01:00,2025-02-06T10:00:00Z,2025-02-06T10:00:00.000Z,8741,Península
380947.0,2025-02-06T12:00:00.000+01:00,2025-02-06T11:00:00Z,2025-02-06T11:00:00.000Z,8741,Península
376051.0,2025-02-06T13:00:00.000+01:00,2025-02-06T12:00:00Z,2025-02-06T12:00:00.000Z,8741,Península
370788.0,2025-02-06T14:00:00.000+01:00,2025-02-06T13:00:00Z,2025-02-06T13:00:00.000Z,8741,Península
370052.0,2025-02-06T15:00:00.000+01:00,2025-02-06T14:00:00Z,2025-02-06T14:00:00.000Z,8741,Península
374038.0,2025-02-06T16:00:00.000+01:00,2025-02-06T15:00:00Z,2025-02-06T15:00:00.000Z,8741,Península
386146.0,2025-02-06T17:00:00.000+01:00,2025-02-06T16:00:00Z,2025-02-06T16:00:00.000Z,8741,Península
406243.0,2025-02-06T18:00:00.000+01:00,2025-02-06T17:00:00Z,2025-02-06T17:00:00.000Z,8741,Península
437225.0,2025-02-06T19:00:00.000+01:00,2025-02-06T18:00:00Z,2025-02-06T18:00:00.000Z,8741,Península
449814.0,2025-02-06T20:00:00.000+01:00,2025-02-06T19:00:00Z,2025-02-06T19:00:00.000Z,8741,Península
441246.0,2025-02-06T21:00:00.000+01:00,2025-02-06T20:00:00Z,2025-02-06T20:00:00.000Z,8741,Península
401168.0,2025-02-06T22:00:00.000+01:00,2025-02-06T21:00:00Z,2025-02-06T21:00:00.000Z,8741,Península
358998.0,2025-02-06T23:00:00.000+01:00,2025-02-06T22:00:00Z,2025-02-06T22:00:00.000Z,8741,Península
329239.0,2025-02-07T00:00:00.000+01:00,2025-02-06T23:00:00Z,2025-02-06T23:00:00.000Z,8741,Península
308311.0,2025-02-07T01:00:00.000+01:00,2025-02-07T00:00:00Z,2025-02-07T00:00:00.000Z,8741,Península
294515.0,2025-02-07T02:00:00.000+01:00,2025-02-07T01:00:00Z,2025-02-07T01:00:00.000Z,8741,Península
287570.0,2025-02-07T03:00:00.000+01:00,2025-02-07T02:00:00Z,2025-02-07T02:00:00.000Z,8741,Península
287154.0,2025-02-07T04:00:00.000+01:00,2025-02-07T03:00:00Z,2025-02-07T03:00:00.000Z,8741,Península
296684.0,2025-02-07T05:00:00.000+01:00,2025-02-07T04:00:00Z,2025-02-07T04:00:00.000Z,8741,Península
333345.0,2025-02-07T06:00:00.000+01:00,2025-02-07T05:00:00Z,2025-02-07T05:00:00.000Z,8741,Península
391359.0,2025-02-07T07:00:00.000+01:00,2025-02-07T06:00:00Z,2025-02-07T06:00:00.000Z,8741,Península
419539.0,2025-02-07T08:00:00.000+01:00,2025-02-07T07:00:00Z,2025-02-07T07:00:00.000Z,8741,Península
423747.0,2025-02-07T09:00:00.000+01:00,2025-02-07T08:00:00Z,2025-02-07T08:00:00.000Z,8741,Península
416814.0,2025-02-07T10:00:00.000+01:00,2025-02-07T09:00:00Z,2025-02-07T09:00:00.000Z,8741,Península
409567.0,2025-02-07T11:00:00.000+01:00,2025-02-07T10:00:00Z,2025-02-07T10:00:00.000Z,8741,Península
400923.0,2025-02-07T12:00:00.000+01:00,2025-02-07T11:00:00Z,2025-02-07T11:00:00.000Z,8741,Península
404774.0,2025-02-07T13:00:00.000+01:00,2025-02-07T12:00:00Z,2025-02-07T12:00:00.000Z,8741,Península
399759.0,2025-02-07T14:00:00.000+01:00,2025-02-07T13:00:00Z,2025-02-07T13:00:00.000Z,8741,Península
390622.0,2025-02-07T15:00:00.000+01:00,2025-02-07T14:00:00Z,2025-02-07T14:00:00.000Z,8741,Península
390494.0,2025-02-07T16:00:00.000+01:00,2025-02-07T15:00:00Z,2025-02-07T15:00:00.000Z,8741,Península
400018.0,2025-02-07T17:00:00.000+01:00,2025-02-07T16:00:00Z,2025-02-07T16:00:00.000Z,8741,Península
414781.0,2025-02-07T18:00:00.000+01:00,2025-02-07T17:00:00Z,2025-02-07T17:00:00.000Z,8741,Península
433234.0,2025-02-07T19:00:00.000+01:00,2025-02-07T18:00:00Z,2025-02-07T18:00:00.000Z,8741,Península
437535.0,2025-02-07T20:00:00.000+01:00,2025-02-07T19:00:00Z,2025-02-07T19:00:00.000Z,8741,Península
423969.0,2025-02-07T21:00:00.000+01:00,2025-02-07T20:00:00Z,2025-02-07T20:00:00.000Z,8741,Península
385552.0,2025-02-07T22:00:00.000+01:00,2025-02-07T21:00:00Z,2025-02-07T21:00:00.000Z,8741,Península
349594.0,2025-02-07T23:00:00.000+01:00,2025-02-07T22:00:00Z,2025-02-07T22:00:00.000Z,8741,Península
325747.0,2025-02-08T00:00:00.000+01:00,2025-02-07T23:00:00Z,2025-02-07T23:00:00.000Z,8741,Península
304586.0,2025-02-08T01:00:00.000+01:00,2025-02-08T00:00:00Z,2025-02-08T00:00:00.000Z,8741,Península
287306.0,2025-02-08T02:00:00.000+01:00,2025-02-08T01:00:00Z,2025-02-08T01:00:00.000Z,8741,Península
277181.0,2025-02-08T03:00:00.000+01:00,2025-02-08T02:00:00Z,2025-02-08T02:00:00.000Z,8741,Península
271959.0,2025-02-08T04:00:00.000+01:00,2025-02-08T03:00:00Z,2025-02-08T03:00:00.000Z,8741,Península
271006.0,2025-02-08T05:00:00.000+01:00,2025-02-08T04:00:00Z,2025-02-08T04:00:00.000Z,8741,Península
278943.0,2025-02-08T06:00:00.000+01:00,2025-02-08T05:00:00Z,2025-02-08T05:00:00.000Z,8741,Península
297585.0,2025-02-08T07:00:00.000+01:00,2025-02-08T06:00:00Z,2025-02-08T06:00:00.000Z,8741,Península
316587.0,2025-02-08T08:00:00.000+01:00,2025-02-08T07:00:00Z,2025-02-08T07:00:00.000Z,8741,Península
336019.0,2025-02-08T09:00:00.000+01:00,2025-02-08T08:00:00Z,2025-02-08T08:00:00.000Z,8741,Península
346391.0,2025-02-08T10:00:00.000+01:00,2025-02-08T09:00:00Z,2025-02-08T09:00:00.000Z,8741,Península
341470.0,2025-02-08T11:00:00.000+01:00,2025-02-08T10:00:00Z,2025-02-08T10:00:00.000Z,8741,Península
332181.0,2025-02-08T12:00:00.000+01:00,2025-02-08T11:00:00Z,2025-02-08T11:00:00.000Z,8741,Península
331589.0,2025-02-08T13:00:00.000+01:00,2025-02-08T12:00:00Z,2025-02-08T12:00:00.000Z,8741,Península
327865.0,2025-02-08T14:00:00.000+01:00,2025-02-08T13:00:00Z,2025-02-08T13:00:00.000Z,8741,Península
317548.0,2025-02-08T15:00:00.000+01:00,2025-02-08T14:00:00Z,2025-02-08T14:00:00.000Z,8741,Península
313849.0,2025-02-08T16:00:00.000+01:00,2025-02-08T15:00:00Z,2025-02-08T15:00:00.000Z,8741,Península
323066.0,2025-02-08T17:00:00.000+01:00,2025-02-08T16:00:00Z,2025-02-08T16:00:00.000Z,8741,Península
342430.0,2025-02-08T18:00:00.000+01:00,2025-02-08T17:00:00Z,2025-02-08T17:00:00.000Z,8741,Península
367053.0,2025-02-08T19:00:00.000+01:00,2025-02-08T18:00:00Z,2025-02-08T18:00:00.000Z,8741,Península
377916.0,2025-02-08T20:00:00.000+01:00,2025-02-08T19:00:00Z,2025-02-08T19:00:00.000Z,8741,Península
376099.0,2025-02-08T21:00:00.000+01:00,2025-02-08T20:00:00Z,2025-02-08T20:00:00.000Z,8741,Península
354775.0,2025-02-08T22:00:00.000+01:00,2025-02-08T21:00:00Z,2025-02-08T21:00:00.000Z,8741,Península
330484.0,2025-02-08T23:00:00.000+01:00,2025-02-08T22:00:00Z,2025-02-08T22:00:00.000Z,8741,Península
305868.0,2025-02-09T00:00:00.000+01:00,2025-02-08T23:00:00Z,2025-02-08T23:00:00.000Z,8741,Península
282948.0,2025-02-09T01:00:00.000+01:00,2025-02-09T00:00:00Z,2025-02-09T00:00:00.000Z,8741,Península
266541.0,2025-02-09T02:00:00.000+01:00,2025-02-09T01:00:00Z,2025-02-09T01:00:00.000Z,8741,Península
257720.0,2025-02-09T03:00:00.000+01:00,2025-02-09T02:00:00Z,2025-02-09T02:00:00.000Z,8741,Península
252018.0,2025-02-09T04:00:00.000+01:00,2025-02-09T03:00:00Z,2025-02-09T03:00:00.000Z,8741,Península
252644.0,2025-02-09T05:00:00.000+01:00,2025-02-09T04:00:00Z,2025-02-09T04:00:00.000Z,8741,Península
258666.0,2025-02-09T06:00:00.000+01:00,2025-02-09T05:00:00Z,2025-02-09T05:00:00.000Z,8741,Península
270860.0,2025-02-09T07:00:00.000+01:00,2025-02-09T06:00:00Z,2025-02-09T06:00:00.000Z,8741,Península
277670.0,2025-02-09T08:00:00.000+01:00,2025-02-09T07:00:00Z,2025-02-09T07:00:00.000Z,8741,Península
293842.0,2025-02-09T09:00:00.000+01:00,2025-02-09T08:00:00Z,2025-02-09T08:00:00.000Z,8741,Península
304937.0,2025-02-09T10:00:00.000+01:00,2025-02-09T09:00:00Z,2025-02-09T09:00:00.000Z,8741,Península
304991.0,2025-02-09T11:00:00.000+01:00,2025-02-09T10:00:00Z,2025-02-09T10:00:00.000Z,8741,Península
301805.0,2025-02-09T12:00:00.000+01:00,2025-02-09T11:00:00Z,2025-02-09T11:00:00.000Z,8741,Península
303120.0,2025-02-09T13:00:00.000+01:00,2025-02-09T12:00:00Z,2025-02-09T12:00:00.000Z,8741,Península
305583.0,2025-02-09T14:00:00.000+01:00,2025-02-09T13:00:00Z,2025-02-09T13:00:00.000Z,8741,Península
296206.0,2025-02-09T15:00:00.000+01:00,2025-02-09T14:00:00Z,2025-02-09T14:00:00.000Z,8741,Península
293349.0,2025-02-09T16:00:00.000+01:00,2025-02-09T15:00:00Z,2025-02-09T15:00:00.000Z,8741,Península
303704.0,2025-02-09T17:00:00.000+01:00,2025-02-09T16:00:00Z,2025-02-09T16:00:00.000Z,8741,Península
327441.0,2025-02-09T18:00:00.000+01:00,2025-02-09T17:00:00Z,2025-02-09T17:00:00.000Z,8741,Península
358814.0,2025-02-09T19:00:00.000+01:00,2025-02-09T18:00:00Z,2025-02-09T18:00:00.000Z,8741,Península
376630.0,2025-02-09T20:00:00.000+01:00,2025-02-09T19:00:00Z,2025-02-09T19:00:00.000Z,8741,Península
380178.0,2025-02-09T21:00:00.000+01:00,2025-02-09T20:00:00Z,2025-02-09T20:00:00.000Z,8741,Península
354439.0,2025-02-09T22:00:00.000+01:00,2025-02-09T21:00:00Z,2025-02-09T21:00:00.000Z,8741,Península
321003.0,2025-02-09T23:00:00.000+01:00,2025-02-09T22:00:00Z,2025-02-09T22:00:00.000Z,8741,Península
293288.0,2025-02-10T00:00:00.000+01:00,2025-02-09T23:00:00Z,2025-02-09T23:00:00.000Z,8741,Península
275526.0,2025-02-10T01:00:00.000+01:00,2025-02-10T00:00:00Z,2025-02-10T00:00:00.000Z,8741,Península
263461.0,2025-02-10T02:00:00.000+01:00,2025-02-10T01:00:00Z,2025-02-10T01:00:00.000Z,8741,Península
258958.0,2025-02-10T03:00:00.000+01:00,2025-02-10T02:00:00Z,2025-02-10T02:00:00.000Z,8741,Península
259006.0,2025-02-10T04:00:00.000+01:00,2025-02-10T03:00:00Z,2025-02-10T03:00:00.000Z,8741,Península
270851.0,2025-02-10T05:00:00.000+01:00,2025-02-10T04:00:00Z,2025-02-10T04:00:00.000Z,8741,Península
312003.0,2025-02-10T06:00:00.000+01:00,2025-02-10T05:00:00Z,2025-02-10T05:00:00.000Z,8741,Península
368250.0,2025-02-10T07:00:00.000+01:00,2025-02-10T06:00:00Z,2025-02-10T06:00:00.000Z,8741,Península
399507.0,2025-02-10T08:00:00.000+01:00,2025-02-10T07:00:00Z,2025-02-10T07:00:00.000Z,8741,Península
405478.0,2025-02-10T09:00:00.000+01:00,2025-02-10T08:00:00Z,2025-02-10T08:00:00.000Z,8741,Península
406623.0,2025-02-10T10:00:00.000+01:00,2025-02-10T09:00:00Z,2025-02-10T09:00:00.000Z,8741,Península
396181.0,2025-02-10T11:00:00.000+01:00,2025-02-10T10:00:00Z,2025-02-10T10:00:00.000Z,8741,Península
388121.0,2025-02-10T12:00:00.000+01:00,2025-02-10T11:00:00Z,2025-02-10T11:00:00.000Z,8741,Península
385305.0,2025-02-10T13:00:00.000+01:00,2025-02-10T12:00:00Z,2025-02-10T12:00:00.000Z,8741,Península
379395.0,2025-02-10T14:00:00.000+01:00,2025-02-10T13:00:00Z,2025-02-10T13:00:00.000Z,8741,Península
376968.0,2025-02-10T15:00:00.000+01:00,2025-02-10T14:00:00Z,2025-02-10T14:00:00.000Z,8741,Península
376587.0,2025-02-10T16:00:00.000+01:00,2025-02-10T15:00:00Z,2025-02-10T15:00:00.000Z,8741,Península
382457.0,2025-02-10T17:00:00.000+01:00,2025-02-10T16:00:00Z,2025-02-10T16:00:00.000Z,8741,Península
395880.0,2025-02-10T18:00:00.000+01:00,2025-02-10T17:00:00Z,2025-02-10T17:00:00.000Z,8741,Península
422246.0,2025-02-10T19:00:00.000+01:00,2025-02-10T18:00:00Z,2025-02-10T18:00:00.000Z,8741,Península
435854.0,2025-02-10T20:00:00.000+01:00,2025-02-10T19:00:00Z,2025-02-10T19:00:00.000Z,8741,Península
424701.0,2025-02-10T21:00:00.000+01:00,2025-02-10T20:00:00Z,2025-02-10T20:00:00.000Z,8741,Península
381883.0,2025-02-10T22:00:00.000+01:00,2025-02-10T21:00:00Z,2025-02-10T21:00:00.000Z,8741,Península
340014.0,2025-02-10T23:00:00.000+01:00,2025-02-10T22:00:00Z,2025-02-10T22:00:00.000Z,8741,Península
315659.0,2025-02-11T00:00:00.000+01:00,2025-02-10T23:00:00Z,2025-02-10T23:00:00.000Z,8741,Península
296681.0,2025-02-11T01:00:00.000+01:00,2025-02-11T00:00:00Z,2025-02-11T00:00:00.000Z,8741,Península
283775.0,2025-02-11T02:00:00.000+01:00,2025-02-11T01:00:00Z,2025-02-11T01:00:00.000Z,8741,Península
278799.0,2025-02-11T03:00:00.000+01:00,2025-02-11T02:00:00Z,2025-02-11T02:00:00.000Z,8741,Península
278308.0,2025-02-11T04:00:00.000+01:00,2025-02-11T03:00:00Z,2025-02-11T03:00:00.000Z,8741,Península
287644.0,2025-02-11T05:00:00.000+01:00,2025-02-11T04:00:00Z,2025-02-11T04:00:00.000Z,8741,Península
324414.0,2025-02-11T06:00:00.000+01:00,2025-02-11T05:00:00Z,2025-02-11T05:00:00.000Z,8741,Península
380913.0,2025-02-11T07:00:00.000+01:00,2025-02-11T06:00:00Z,2025-02-11T06:00:00.000Z,8741,Península
405686.0,2025-02-11T08:00:00.000+01:00,2025-02-11T07:00:00Z,2025-02-11T07:00:00.000Z,8741,Península
404562.0,2025-02-11T09:00:00.000+01:00,2025-02-11T08:00:00Z,2025-02-11T08:00:00.000Z,8741,Península
394162.0,2025-02-11T10:00:00.000+01:00,2025-02-11T09:00:00Z,2025-02-11T09:00:00.000Z,8741,Península
380096.0,2025-02-11T11:00:00.000+01:00,2025-02-11T10:00:00Z,2025-02-11T10:00:00.000Z,8741,Península
371906.0,2025-02-11T12:00:00.000+01:00,2025-02-11T11:00:00Z,2025-02-11T11:00:00.000Z,8741,Península
372607.0,2025-02-11T13:00:00.000+01:00,2025-02-11T12:00:00Z,2025-02-11T12:00:00.000Z,8741,Península
368717.0,2025-02-11T14:00:00.000+01:00,2025-02-11T13:00:00Z,2025-02-11T13:00:00.000Z,8741,Península
368219.0,2025-02-11T15:00:00.000+01:00,2025-02-11T14:00:00Z,2025-02-11T14:00:00.000Z,8741,Península
372698.0,2025-02-11T16:00:00.000+01:00,2025-02-11T15:00:00Z,2025-02-11T15:00:00.000Z,8741,Península
381654.0,2025-02-11T17:00:00.000+01:00,2025-02-11T16:00:00Z,2025-02-11T16:00:00.000Z,8741,Península
397097.0,2025-02-11T18:00:00.000+01:00,2025-02-11T17:00:00Z,2025-02-11T17:00:00.000Z,8741,Península
424074.0,2025-02-11T19:00:00.000+01:00,2025-02-11T18:00:00Z,2025-02-11T18:00:00.000Z,8741,Península
438218.0,2025-02-11T20:00:00.000+01:00,2025-02-11T19:00:00Z,2025-02-11T19:00:00.000Z,8741,Península
426206.0,2025-02-11T21:00:00.000+01:00,2025-02-11T20:00:00Z,2025-02-11T20:00:00.000Z,8741,Península
384265.0,2025-02-11T22:00:00.000+01:00,2025-02-11T21:00:00Z,2025-02-11T21:00:00.000Z,8741,Península
346642.0,2025-02-11T23:00:00.000+01:00,2025-02-11T22:00:00Z,2025-02-11T22:00:00.000Z,8741,Península
321441.0,2025-02-12T00:00:00.000+01:00,2025-02-11T23:00:00Z,2025-02-11T23:00:00.000Z,8741,Península
298823.0,2025-02-12T01:00:00.000+01:00,2025-02-12T00:00:00Z,2025-02-12T00:00:00.000Z,8741,Península
286205.0,2025-02-12T02:00:00.000+01:00,2025-02-12T01:00:00Z,2025-02-12T01:00:00.000Z,8741,Península
280752.0,2025-02-12T03:00:00.000+01:00,2025-02-12T02:00:00Z,2025-02-12T02:00:00.000Z,8741,Península
280240.0,2025-02-12T04:00:00.000+01:00,2025-02-12T03:00:00Z,2025-02-12T03:00:00.000Z,8741,Península
287829.0,2025-02-12T05:00:00.000+01:00,2025-02-12T04:00:00Z,2025-02-12T04:00:00.000Z,8741,Península
323459.0,2025-02-12T06:00:00.000+01:00,2025-02-12T05:00:00Z,2025-02-12T05:00:00.000Z,8741,Península
378158.0,2025-02-12T07:00:00.000+01:00,2025-02-12T06:00:00Z,2025-02-12T06:00:00.000Z,8741,Península
402152.0,2025-02-12T08:00:00.000+01:00,2025-02-12T07:00:00Z,2025-02-12T07:00:00.000Z,8741,Península
405810.0,2025-02-12T09:00:00.000+01:00,2025-02-12T08:00:00Z,2025-02-12T08:00:00.000Z,8741,Península
400327.0,2025-02-12T10:00:00.000+01:00,2025-02-12T09:00:00Z,2025-02-12T09:00:00.000Z,8741,Península
391351.0,2025-02-12T11:00:00.000+01:00,2025-02-12T10:00:00Z,2025-02-12T10:00:00.000Z,8741,Península
389487.0,2025-02-12T12:00:00.000+01:00,2025-02-12T11:00:00Z,2025-02-12T11:00:00.000Z,8741,Península
388547.0,2025-02-12T13:00:00.000+01:00,2025-02-12T12:00:00Z,2025-02-12T12:00:00.000Z,8741,Península
384192.0,2025-02-12T14:00:00.000+01:00,2025-02-12T13:00:00Z,2025-02-12T13:00:00.000Z,8741,Península
378497.0,2025-02-12T15:00:00.000+01:00,2025-02-12T14:00:00Z,2025-02-12T14:00:00.000Z,8741,Península
372149.0,2025-02-12T16:00:00.000+01:00,2025-02-12T15:00:00Z,2025-02-12T15:00:00.000Z,8741,Península
379040.0,2025-02-12T17:00:00.000+01:00,2025-02-12T16:00:00Z,2025-02-12T16:00:00.000Z,8741,Península
394611.0,2025-02-12T18:00:00.000+01:00,2025-02-12T17:00:00Z,2025-02-12T17:00:00.000Z,8741,Península
419297.0,2025-02-12T19:00:00.000+01:00,2025-02-12T18:00:00Z,2025-02-12T18:00:00.000Z,8741,Península
430836.0,2025-02-12T20:00:00.000+01:00,2025-02-12T19:00:00Z,2025-02-12T19:00:00.000Z,8741,Península
420951.0,2025-02-12T21:00:00.000+01:00,2025-02-12T20:00:00Z,2025-02-12T20:00:00.000Z,8741,Península
380668.0,2025-02-12T22:00:00.000+01:00,2025-02-12T21:00:00Z,2025-02-12T21:00:00.000Z,8741,Península
339462.0,2025-02-12T23:00:00.000+01:00,2025-02-12T22:00:00Z,2025-02-12T22:00:00.000Z,8741,Península
314801.0,2025-02-13T00:00:00.000+01:00,2025-02-12T23:00:00Z,2025-02-12T23:00:00.000Z,8741,Península
295282.0,2025-02-13T01:00:00.000+01:00,2025-02-13T00:00:00Z,2025-02-13T00:00:00.000Z,8741,Península
283554.0,2025-02-13T02:00:00.000+01:00,2025-02-13T01:00:00Z,2025-02-13T01:00:00.000Z,8741,Península
277259.0,2025-02-13T03:00:00.000+01:00,2025-02-13T02:00:00Z,2025-02-13T02:00:00.000Z,8741,Península
276876.0,2025-02-13T04:00:00.000+01:00,2025-02-13T03:00:00Z,2025-02-13T03:00:00.000Z,8741,Península
284552.0,2025-02-13T05:00:00.000+01:00,2025-02-13T04:00:00Z,2025-02-13T04:00:00.000Z,8741,Península
321960.0,2025-02-13T06:00:00.000+01:00,2025-02-13T05:00:00Z,2025-02-13T05:00:00.000Z,8741,Península
378702.0,2025-02-13T07:00:00.000+01:00,2025-02-13T06:00:00Z,2025-02-13T06:00:00.000Z,8741,Península
401203.0,2025-02-13T08:00:00.000+01:00,2025-02-13T07:00:00Z,2025-02-13T07:00:00.000Z,8741,Península
395555.0,2025-02-13T09:00:00.000+01:00,2025-02-13T08:00:00Z,2025-02-13T08:00:00.000Z,8741,Península
381790.0,2025-02-13T10:00:00.000+01:00,2025-02-13T09:00:00Z,2025-02-13T09:00:00.000Z,8741,Península
366903.0,2025-02-13T11:00:00.000+01:00,2025-02-13T10:00:00Z,2025-02-13T10:00:00.000Z,8741,Península
360922.0,2025-02-13T12:00:00.000+01:00,2025-02-13T11:00:00Z,2025-02-13T11:00:00.000Z,8741,Península
361085.0,2025-02-13T13:00:00.000+01:00,2025-02-13T12:00:00Z,2025-02-13T12:00:00.000Z,8741,Península
357416.0,2025-02-13T14:00:00.000+01:00,2025-02-13T13:00:00Z,2025-02-13T13:00:00.000Z,8741,Península
358424.0,2025-02-13T15:00:00.000+01:00,2025-02-13T14:00:00Z,2025-02-13T14:00:00.000Z,8741,Península
358461.0,2025-02-13T16:00:00.000+01:00,2025-02-13T15:00:00Z,2025-02-13T15:00:00.000Z,8741,Península
367179.0,2025-02-13T17:00:00.000+01:00,2025-02-13T16:00:00Z,2025-02-13T16:00:00.000Z,8741,Península
389074.0,2025-02-13T18:00:00.000+01:00,2025-02-13T17:00:00Z,2025-02-13T17:00:00.000Z,8741,Península
414443.0,2025-02-13T19:00:00.000+01:00,2025-02-13T18:00:00Z,2025-02-13T18:00:00.000Z,8741,Península
427613.0,2025-02-13T20:00:00.000+01:00,2025-02-13T19:00:00Z,2025-02-13T19:00:00.000Z,8741,Península
420373.0,2025-02-13T21:00:00.000+01:00,2025-02-13T20:00:00Z,2025-02-13T20:00:00.000Z,8741,Península
380571.0,2025-02-13T22:00:00.000+01:00,2025-02-13T21:00:00Z,2025-02-13T21:00:00.000Z,8741,Península
341831.0,2025-02-13T23:00:00.000+01:00,2025-02-13T22:00:00Z,2025-02-13T22:00:00.000Z,8741,Península
319145.0,2025-02-14T00:00:00.000+01:00,2025-02-13T23:00:00Z,2025-02-13T23:00:00.000Z,8741,Península
300657.0,2025-02-14T01:00:00.000+01:00,2025-02-14T00:00:00Z,2025-02-14T00:00:00.000Z,8741,Península
287093.0,2025-02-14T02:00:00.000+01:00,2025-02-14T01:00:00Z,2025-02-14T01:00:00.000Z,8741,Península
280381.0,2025-02-14T03:00:00.000+01:00,2025-02-14T02:00:00Z,2025-02-14T02:00:00.000Z,8741,Península
280438.0,2025-02-14T04:00:00.000+01:00,2025-02-14T03:00:00Z,2025-02-14T03:00:00.000Z,8741,Península
287011.0,2025-02-14T05:00:00.000+01:00,2025-02-14T04:00:00Z,2025-02-14T04:00:00.000Z,8741,Península
324608.0,2025-02-14T06:00:00.000+01:00,2025-02-14T05:00:00Z,2025-02-14T05:00:00.000Z,8741,Península
376143.0,2025-02-14T07:00:00.000+01:00,2025-02-14T06:00:00Z,2025-02-14T06:00:00.000Z,8741,Península
399165.0,2025-02-14T08:00:00.000+01:00,2025-02-14T07:00:00Z,2025-02-14T07:00:00.000Z,8741,Península
392241.0,2025-02-14T09:00:00.000+01:00,2025-02-14T08:00:00Z,2025-02-14T08:00:00.000Z,8741,Península
376722.0,2025-02-14T10:00:00.000+01:00,2025-02-14T09:00:00Z,2025-02-14T09:00:00.000Z,8741,Península
359487.0,2025-02-14T11:00:00.000+01:00,2025-02-14T10:00:00Z,2025-02-14T10:00:00.000Z,8741,Península
347088.0,2025-02-14T12:00:00.000+01:00,2025-02-14T11:00:00Z,2025-02-14T11:00:00.000Z,8741,Península
343816.0,2025-02-14T13:00:00.000+01:00,2025-02-14T12:00:00Z,2025-02-14T12:00:00.000Z,8741,Península
338567.0,2025-02-14T14:00:00.000+01:00,2025-02-14T13:00:00Z,2025-02-14T13:00:00.000Z,8741,Península
334910.0,2025-02-14T15:00:00.000+01:00,2025-02-14T14:00:00Z,2025-02-14T14:00:00.000Z,8741,Península
338037.0,2025-02-14T16:00:00.000+01:00,2025-02-14T15:00:00Z,2025-02-14T15:00:00.000Z,8741,Península
350017.0,2025-02-14T17:00:00.000+01:00,2025-02-14T16:00:00Z,2025-02-14T16:00:00.000Z,8741,Península
368069.0,2025-02-14T18:00:00.000+01:00,2025-02-14T17:00:00Z,2025-02-14T17:00:00.000Z,8741,Península
395919.0,2025-02-14T19:00:00.000+01:00,2025-02-14T18:00:00Z,2025-02-14T18:00:00.000Z,8741,Península
403718.0,2025-02-14T20:00:00.000+01:00,2025-02-14T19:00:00Z,2025-02-14T19:00:00.000Z,8741,Península
393639.0,2025-02-14T21:00:00.000+01:00,2025-02-14T20:00:00Z,2025-02-14T20:00:00.000Z,8741,Península
359583.0,2025-02-14T22:00:00.000+01:00,2025-02-14T21:00:00Z,2025-02-14T21:00:00.000Z,8741,Península
330209.0,2025-02-14T23:00:00.000+01:00,2025-02-14T22:00:00Z,2025-02-14T22:00:00.000Z,8741,Península
312189.0,2025-02-15T00:00:00.000+01:00,2025-02-14T23:00:00Z,2025-02-14T23:00:00.000Z,8741,Península
293586.0,2025-02-15T01:00:00.000+01:00,2025-02-15T00:00:00Z,2025-02-15T00:00:00.000Z,8741,Península
279894.0,2025-02-15T02:00:00.000+01:00,2025-02-15T01:00:00Z,2025-02-15T01:00:00.000Z,8741,Península
271267.0,2025-02-15T03:00:00.000+01:00,2025-02-15T02:00:00Z,2025-02-15T02:00:00.000Z,8741,Península
266753.0,2025-02-15T04:00:00.000+01:00,2025-02-15T03:00:00Z,2025-02-15T03:00:00.000Z,8741,Península
265604.0,2025-02-15T05:00:00.000+01:00,2025-02-15T04:00:00Z,2025-02-15T04:00:00.000Z,8741,Península
273884.0,2025-02-15T06:00:00.000+01:00,2025-02-15T05:00:00Z,2025-02-15T05:00:00.000Z,8741,Península
291154.0,2025-02-15T07:00:00.000+01:00,2025-02-15T06:00:00Z,2025-02-15T06:00:00.000Z,8741,Península
307089.0,2025-02-15T08:00:00.000+01:00,2025-02-15T07:00:00Z,2025-02-15T07:00:00.000Z,8741,Península
323510.0,2025-02-15T09:00:00.000+01:00,2025-02-15T08:00:00Z,2025-02-15T08:00:00.000Z,8741,Península
331315.0,2025-02-15T10:00:00.000+01:00,2025-02-15T09:00:00Z,2025-02-15T09:00:00.000Z,8741,Península
327103.0,2025-02-15T11:00:00.000+01:00,2025-02-15T10:00:00Z,2025-02-15T10:00:00.000Z,8741,Península
320002.0,2025-02-15T12:00:00.000+01:00,2025-02-15T11:00:00Z,2025-02-15T11:00:00.000Z,8741,Península
323185.0,2025-02-15T13:00:00.000+01:00,2025-02-15T12:00:00Z,2025-02-15T12:00:00.000Z,8741,Península
319508.0,2025-02-15T14:00:00.000+01:00,2025-02-15T13:00:00Z,2025-02-15T13:00:00.000Z,8741,Península
311856.0,2025-02-15T15:00:00.000+01:00,2025-02-15T14:00:00Z,2025-02-15T14:00:00.000Z,8741,Península
306768.0,2025-02-15T16:00:00.000+01:00,2025-02-15T15:00:00Z,2025-02-15T15:00:00.000Z,8741,Península
312710.0,2025-02-15T17:00:00.000+01:00,2025-02-15T16:00:00Z,2025-02-15T16:00:00.000Z,8741,Península
329487.0,2025-02-15T18:00:00.000+01:00,2025-02-15T17:00:00Z,2025-02-15T17:00:00.000Z,8741,Península
353293.0,2025-02-15T19:00:00.000+01:00,2025-02-15T18:00:00Z,2025-02-15T18:00:00.000Z,8741,Península
361808.0,2025-02-15T20:00:00.000+01:00,2025-02-15T19:00:00Z,2025-02-15T19:00:00.000Z,8741,Península
359320.0,2025-02-15T21:00:00.000+01:00,2025-02-15T20:00:00Z,2025-02-15T20:00:00.000Z,8741,Península
337698.0,2025-02-15T22:00:00.000+01:00,2025-02-15T21:00:00Z,2025-02-15T21:00:00.000Z,8741,Península
311572.0,2025-02-15T23:00:00.000+01:00,2025-02-15T22:00:00Z,2025-02-15T22:00:00.000Z,8741,Península
288262.0,2025-02-16T00:00:00.000+01:00,2025-02-15T23:00:00Z,2025-02-15T23:00:00.000Z,8741,Península
266937.0,2025-02-16T01:00:00.000+01:00,2025-02-16T00:00:00Z,2025-02-16T00:00:00.000Z,8741,Península
252757.0,2025-02-16T02:00:00.000+01:00,2025-02-16T01:00:00Z,2025-02-16T01:00:00.000Z,8741,Península
245130.0,2025-02-16T03:00:00.000+01:00,2025-02-16T02:00:00Z,2025-02-16T02:00:00.000Z,8741,Península
242222.0,2025-02-16T04:00:00.000+01:00,2025-02-16T03:00:00Z,2025-02-16T03:00:00.000Z,8741,Península
242927.0,2025-02-16T05:00:00.000+01:00,2025-02-16T04:00:00Z,2025-02-16T04:00:00.000Z,8741,Península
247682.0,2025-02-16T06:00:00.000+01:00,2025-02-16T05:00:00Z,2025-02-16T05:00:00.000Z,8741,Península
260412.0,2025-02-16T07:00:00.000+01:00,2025-02-16T06:00:00Z,2025-02-16T06:00:00.000Z,8741,Península
268027.0,2025-02-16T08:00:00.000+01:00,2025-02-16T07:00:00Z,2025-02-16T07:00:00.000Z,8741,Península
283112.0,2025-02-16T09:00:00.000+01:00,2025-02-16T08:00:00Z,2025-02-16T08:00:00.000Z,8741,Península
293432.0,2025-02-16T10:00:00.000+01:00,2025-02-16T09:00:00Z,2025-02-16T09:00:00.000Z,8741,Península
292320.0,2025-02-16T11:00:00.000+01:00,2025-02-16T10:00:00Z,2025-02-16T10:00:00.000Z,8741,Península
287236.0,2025-02-16T12:00:00.000+01:00,2025-02-16T11:00:00Z,2025-02-16T11:00:00.000Z,8741,Península
287278.0,2025-02-16T13:00:00.000+01:00,2025-02-16T12:00:00Z,2025-02-16T12:00:00.000Z,8741,Península
285764.0,2025-02-16T14:00:00.000+01:00,2025-02-16T13:00:00Z,2025-02-16T13:00:00.000Z,8741,Península
276668.0,2025-02-16T15:00:00.000+01:00,2025-02-16T14:00:00Z,2025-02-16T14:00:00.000Z,8741,Península
275609.0,2025-02-16T16:00:00.000+01:00,2025-02-16T15:00:00Z,2025-02-16T15:00:00.000Z,8741,Península
284059.0,2025-02-16T17:00:00.000+01:00,2025-02-16T16:00:00Z,2025-02-16T16:00:00.000Z,8741,Península
304178.0,2025-02-16T18:00:00.000+01:00,2025-02-16T17:00:00Z,2025-02-16T17:00:00.000Z,8741,Península
338786.0,2025-02-16T19:00:00.000+01:00,2025-02-16T18:00:00Z,2025-02-16T18:00:00.000Z,8741,Península
358048.0,2025-02-16T20:00:00.000+01:00,2025-02-16T19:00:00Z,2025-02-16T19:00:00.000Z,8741,Península
357367.0,2025-02-16T21:00:00.000+01:00,2025-02-16T20:00:00Z,2025-02-16T20:00:00.000Z,8741,Península
334728.0,2025-02-16T22:00:00.000+01:00,2025-02-16T21:00:00Z,2025-02-16T21:00:00.000Z,8741,Península
306459.0,2025-02-16T23:00:00.000+01:00,2025-02-16T22:00:00Z,2025-02-16T22:00:00.000Z,8741,Península
281499.0,2025-02-17T00:00:00.000+01:00,2025-02-16T23:00:00Z,2025-02-16T23:00:00.000Z,8741,Península
265621.0,2025-02-17T01:00:00.000+01:00,2025-02-17T00:00:00Z,2025-02-17T00:00:00.000Z,8741,Península
256853.0,2025-02-17T02:00:00.000+01:00,2025-02-17T01:00:00Z,2025-02-17T01:00:00.000Z,8741,Península
252297.0,2025-02-17T03:00:00.000+01:00,2025-02-17T02:00:00Z,2025-02-17T02:00:00.000Z,8741,Península
251436.0,2025-02-17T04:00:00.000+01:00,2025-02-17T03:00:00Z,2025-02-17T03:00:00.000Z,8741,Península
263849.0,2025-02-17T05:00:00.000+01:00,2025-02-17T04:00:00Z,2025-02-17T04:00:00.000Z,8741,Península
303953.0,2025-02-17T06:00:00.000+01:00,2025-02-17T05:00:00Z,2025-02-17T05:00:00.000Z,8741,Península
357569.0,2025-02-17T07:00:00.000+01:00,2025-02-17T06:00:00Z,2025-02-17T06:00:00.000Z,8741,Península
382503.0,2025-02-17T08:00:00.000+01:00,2025-02-17T07:00:00Z,2025-02-17T07:00:00.000Z,8741,Península
381286.0,2025-02-17T09:00:00.000+01:00,2025-02-17T08:00:00Z,2025-02-17T08:00:00.000Z,8741,Península
374254.0,2025-02-17T10:00:00.000+01:00,2025-02-17T09:00:00Z,2025-02-17T09:00:00.000Z,8741,Península
361292.0,2025-02-17T11:00:00.000+01:00,2025-02-17T10:00:00Z,2025-02-17T10:00:00.000Z,8741,Península
351623.0,2025-02-17T12:00:00.000+01:00,2025-02-17T11:00:00Z,2025-02-17T11:00:00.000Z,8741,Península
346715.0,2025-02-17T13:00:00.000+01:00,2025-02-17T12:00:00Z,2025-02-17T12:00:00.000Z,8741,Península
337165.0,2025-02-17T14:00:00.000+01:00,2025-02-17T13:00:00Z,2025-02-17T13:00:00.000Z,8741,Península
336042.0,2025-02-17T15:00:00.000+01:00,2025-02-17T14:00:00Z,2025-02-17T14:00:00.000Z,8741,Península
340250.0,2025-02-17T16:00:00.000+01:00,2025-02-17T15:00:00Z,2025-02-17T15:00:00.000Z,8741,Península
351979.0,2025-02-17T17:00:00.000+01:00,2025-02-17T16:00:00Z,2025-02-17T16:00:00.000Z,8741,Península
371125.0,2025-02-17T18:00:00.000+01:00,2025-02-17T17:00:00Z,2025-02-17T17:00:00.000Z,8741,Península
402854.0,2025-02-17T19:00:00.000+01:00,2025-02-17T18:00:00Z,2025-02-17T18:00:00.000Z,8741,Península
419016.0,2025-02-17T20:00:00.000+01:00,2025-02-17T19:00:00Z,2025-02-17T19:00:00.000Z,8741,Península
408783.0,2025-02-17T21:00:00.000+01:00,2025-02-17T20:00:00Z,2025-02-17T20:00:00.000Z,8741,Península
366865.0,2025-02-17T22:00:00.000+01:00,2025-02-17T21:00:00Z,2025-02-17T21:00:00.000Z,8741,Península
328503.0,2025-02-17T23:00:00.000+01:00,2025-02-17T22:00:00Z,2025-02-17T22:00:00.000Z,8741,Península
306724.0,2025-02-18T00:00:00.000+01:00,2025-02-17T23:00:00Z,2025-02-17T23:00:00.000Z,8741,Península
289445.0,2025-02-18T01:00:00.000+01:00,2025-02-18T00:00:00Z,2025-02-18T00:00:00.000Z,8741,Península
275491.0,2025-02-18T02:00:00.000+01:00,2025-02-18T01:00:00Z,2025-02-18T01:00:00.000Z,8741,Península
270612.0,2025-02-18T03:00:00.000+01:00,2025-02-18T02:00:00Z,2025-02-18T02:00:00.000Z,8741,Península
270362.0,2025-02-18T04:00:00.000+01:00,2025-02-18T03:00:00Z,2025-02-18T03:00:00.000Z,8741,Península
277848.0,2025-02-18T05:00:00.000+01:00,2025-02-18T04:00:00Z,2025-02-18T04:00:00.000Z,8741,Península
314383.0,2025-02-18T06:00:00.000+01:00,2025-02-18T05:00:00Z,2025-02-18T05:00:00.000Z,8741,Península
364671.0,2025-02-18T07:00:00.000+01:00,2025-02-18T06:00:00Z,2025-02-18T06:00:00.000Z,8741,Península
387972.0,2025-02-18T08:00:00.000+01:00,2025-02-18T07:00:00Z,2025-02-18T07:00:00.000Z,8741,Península
385907.0,2025-02-18T09:00:00.000+01:00,2025-02-18T08:00:00Z,2025-02-18T08:00:00.000Z,8741,Península
378936.0,2025-02-18T10:00:00.000+01:00,2025-02-18T09:00:00Z,2025-02-18T09:00:00.000Z,8741,Península
370297.0,2025-02-18T11:00:00.000+01:00,2025-02-18T10:00:00Z,2025-02-18T10:00:00.000Z,8741,Península
366761.0,2025-02-18T12:00:00.000+01:00,2025-02-18T11:00:00Z,2025-02-18T11:00:00.000Z,8741,Península
367328.0,2025-02-18T13:00:00.000+01:00,2025-02-18T12:00:00Z,2025-02-18T12:00:00.000Z,8741,Península
361200.0,2025-02-18T14:00:00.000+01:00,2025-02-18T13:00:00Z,2025-02-18T13:00:00.000Z,8741,Península
356560.0,2025-02-18T15:00:00.000+01:00,2025-02-18T14:00:00Z,2025-02-18T14:00:00.000Z,8741,Península
356077.0,2025-02-18T16:00:00.000+01:00,2025-02-18T15:00:00Z,2025-02-18T15:00:00.000Z,8741,Península
364397.0,2025-02-18T17:00:00.000+01:00,2025-02-18T16:00:00Z,2025-02-18T16:00:00.000Z,8741,Península
378324.0,2025-02-18T18:00:00.000+01:00,2025-02-18T17:00:00Z,2025-02-18T17:00:00.000Z,8741,Península
408502.0,2025-02-18T19:00:00.000+01:00,2025-02-18T18:00:00Z,2025-02-18T18:00:00.000Z,8741,Península
423095.0,2025-02-18T20:00:00.000+01:00,2025-02-18T19:00:00Z,2025-02-18T19:00:00.000Z,8741,Península
413139.0,2025-02-18T21:00:00.000+01:00,2025-02-18T20:00:00Z,2025-02-18T20:00:00.000Z,8741,Península
370684.0,2025-02-18T22:00:00.000+01:00,2025-02-18T21:00:00Z,2025-02-18T21:00:00.000Z,8741,Península
332306.0,2025-02-18T23:00:00.000+01:00,2025-02-18T22:00:00Z,2025-02-18T22:00:00.000Z,8741,Península
307502.0,2025-02-19T00:00:00.000+01:00,2025-02-18T23:00:00Z,2025-02-18T23:00:00.000Z,8741,Península
290071.0,2025-02-19T01:00:00.000+01:00,2025-02-19T00:00:00Z,2025-02-19T00:00:00.000Z,8741,Península
279109.0,2025-02-19T02:00:00.000+01:00,2025-02-19T01:00:00Z,2025-02-19T01:00:00.000Z,8741,Península
272970.0,2025-02-19T03:00:00.000+01:00,2025-02-19T02:00:00Z,2025-02-19T02:00:00.000Z,8741,Península
273353.0,2025-02-19T04:00:00.000+01:00,2025-02-19T03:00:00Z,2025-02-19T03:00:00.000Z,8741,Península
279885.0,2025-02-19T05:00:00.000+01:00,2025-02-19T04:00:00Z,2025-02-19T04:00:00.000Z,8741,Península
316160.0,2025-02-19T06:00:00.000+01:00,2025-02-19T05:00:00Z,2025-02-19T05:00:00.000Z,8741,Península
368217.0,2025-02-19T07:00:00.000+01:00,2025-02-19T06:00:00Z,2025-02-19T06:00:00.000Z,8741,Península
389058.0,2025-02-19T08:00:00.000+01:00,2025-02-19T07:00:00Z,2025-02-19T07:00:00.000Z,8741,Península
384353.0,2025-02-19T09:00:00.000+01:00,2025-02-19T08:00:00Z,2025-02-19T08:00:00.000Z,8741,Península
372259.0,2025-02-19T10:00:00.000+01:00,2025-02-19T09:00:00Z,2025-02-19T09:00:00.000Z,8741,Península
359943.0,2025-02-19T11:00:00.000+01:00,2025-02-19T10:00:00Z,2025-02-19T10:00:00.000Z,8741,Península
352489.0,2025-02-19T12:00:00.000+01:00,2025-02-19T11:00:00Z,2025-02-19T11:00:00.000Z,8741,Península
349847.0,2025-02-19T13:00:00.000+01:00,2025-02-19T12:00:00Z,2025-02-19T12:00:00.000Z,8741,Península
345099.0,2025-02-19T14:00:00.000+01:00,2025-02-19T13:00:00Z,2025-02-19T13:00:00.000Z,8741,Península
340993.0,2025-02-19T15:00:00.000+01:00,2025-02-19T14:00:00Z,2025-02-19T14:00:00.000Z,8741,Península
342952.0,2025-02-19T16:00:00.000+01:00,2025-02-19T15:00:00Z,2025-02-19T15:00:00.000Z,8741,Península
350070.0,2025-02-19T17:00:00.000+01:00,2025-02-19T16:00:00Z,2025-02-19T16:00:00.000Z,8741,Península
369815.0,2025-02-19T18:00:00.000+01:00,2025-02-19T17:00:00Z,2025-02-19T17:00:00.000Z,8741,Península
403338.0,2025-02-19T19:00:00.000+01:00,2025-02-19T18:00:00Z,2025-02-19T18:00:00.000Z,8741,Península
419749.0,2025-02-19T20:00:00.000+01:00,2025-02-19T19:00:00Z,2025-02-19T19:00:00.000Z,8741,Península
407100.0,2025-02-19T21:00:00.000+01:00,2025-02-19T20:00:00Z,2025-02-19T20:00:00.000Z,8741,Península
366883.0,2025-02-19T22:00:00.000+01:00,2025-02-19T21:00:00Z,2025-02-19T21:00:00.000Z,8741,Península
330526.0,2025-02-19T23:00:00.000+01:00,2025-02-19T22:00:00Z,2025-02-19T22:00:00.000Z,8741,Península
307960.0,2025-02-20T00:00:00.000+01:00,2025-02-19T23:00:00Z,2025-02-19T23:00:00.000Z,8741,Península
288002.0,2025-02-20T01:00:00.000+01:00,2025-02-20T00:00:00Z,2025-02-20T00:00:00.000Z,8741,Península
277875.0,2025-02-20T02:00:00.000+01:00,2025-02-20T01:00:00Z,2025-02-20T01:00:00.000Z,8741,Península
271120.0,2025-02-20T03:00:00.000+01:00,2025-02-20T02:00:00Z,2025-02-20T02:00:00.000Z,8741,Península
270483.0,2025-02-20T04:00:00.000+01:00,2025-02-20T03:00:00Z,2025-02-20T03:00:00.000Z,8741,Península
278639.0,2025-02-20T05:00:00.000+01:00,2025-02-20T04:00:00Z,2025-02-20T04:00:00.000Z,8741,Península
315292.0,2025-02-20T06:00:00.000+01:00,2025-02-20T05:00:00Z,2025-02-20T05:00:00.000Z,8741,Península
366013.0,2025-02-20T07:00:00.000+01:00,2025-02-20T06:00:00Z,2025-02-20T06:00:00.000Z,8741,Península
385458.0,2025-02-20T08:00:00.000+01:00,2025-02-20T07:00:00Z,2025-02-20T07:00:00.000Z,8741,Península
379933.0,2025-02-20T09:00:00.000+01:00,2025-02-20T08:00:00Z,2025-02-20T08:00:00.000Z,8741,Península
371310.0,2025-02-20T10:00:00.000+01:00,2025-02-20T09:00:00Z,2025-02-20T09:00:00.000Z,8741,Península
364823.0,2025-02-20T11:00:00.000+01:00,2025-02-20T10:00:00Z,2025-02-20T10:00:00.000Z,8741,Península
355761.0,2025-02-20T12:00:00.000+01:00,2025-02-20T11:00:00Z,2025-02-20T11:00:00.000Z,8741,Península
353624.0,2025-02-20T13:00:00.000+01:00,2025-02-20T12:00:00Z,2025-02-20T12:00:00.000Z,8741,Península
345229.0,2025-02-20T14:00:00.000+01:00,2025-02-20T13:00:00Z,2025-02-20T13:00:00.000Z,8741,Península
340964.0,2025-02-20T15:00:00.000+01:00,2025-02-20T14:00:00Z,2025-02-20T14:00:00.000Z,8741,Península
341046.0,2025-02-20T16:00:00.000+01:00,2025-02-20T15:00:00Z,2025-02-20T15:00:00.000Z,8741,Península
348638.0,2025-02-20T17:00:00.000+01:00,2025-02-20T16:00:00Z,2025-02-20T16:00:00.000Z,8741,Península
367431.0,2025-02-20T18:00:00.000+01:00,2025-02-20T17:00:00Z,2025-02-20T17:00:00.000Z,8741,Península
398019.0,2025-02-20T19:00:00.000+01:00,2025-02-20T18:00:00Z,2025-02-20T18:00:00.000Z,8741,Península
414234.0,2025-02-20T20:00:00.000+01:00,2025-02-20T19:00:00Z,2025-02-20T19:00:00.000Z,8741,Península
404419.0,2025-02-20T21:00:00.000+01:00,2025-02-20T20:00:00Z,2025-02-20T20:00:00.000Z,8741,Península
365573.0,2025-02-20T22:00:00.000+01:00,2025-02-20T21:00:00Z,2025-02-20T21:00:00.000Z,8741,Península
330640.0,2025-02-20T23:00:00.000+01:00,2025-02-20T22:00:00Z,2025-02-20T22:00:00.000Z,8741,Península
310675.0,2025-02-21T00:00:00.000+01:00,2025-02-20T23:00:00Z,2025-02-20T23:00:00.000Z,8741,Península
291914.0,2025-02-21T01:00:00.000+01:00,2025-02-21T00:00:00Z,2025-02-21T00:00:00.000Z,8741,Península
280006.0,2025-02-21T02:00:00.000+01:00,2025-02-21T01:00:00Z,2025-02-21T01:00:00.000Z,8741,Península
275573.0,2025-02-21T03:00:00.000+01:00,2025-02-21T02:00:00Z,2025-02-21T02:00:00.000Z,8741,Península
272462.0,2025-02-21T04:00:00.000+01:00,2025-02-21T03:00:00Z,2025-02-21T03:00:00.000Z,8741,Península
279857.0,2025-02-21T05:00:00.000+01:00,2025-02-21T04:00:00Z,2025-02-21T04:00:00.000Z,8741,Península
314620.0,2025-02-21T06:00:00.000+01:00,2025-02-21T05:00:00Z,2025-02-21T05:00:00.000Z,8741,Península
364081.0,2025-02-21T07:00:00.000+01:00,2025-02-21T06:00:00Z,2025-02-21T06:00:00.000Z,8741,Península
383244.0,2025-02-21T08:00:00.000+01:00,2025-02-21T07:00:00Z,2025-02-21T07:00:00.000Z,8741,Península
386664.0,2025-02-21T09:00:00.000+01:00,2025-02-21T08:00:00Z,2025-02-21T08:00:00.000Z,8741,Península
383486.0,2025-02-21T10:00:00.000+01:00,2025-02-21T09:00:00Z,2025-02-21T09:00:00.000Z,8741,Península
379602.0,2025-02-21T11:00:00.000+01:00,2025-02-21T10:00:00Z,2025-02-21T10:00:00.000Z,8741,Península
374644.0,2025-02-21T12:00:00.000+01:00,2025-02-21T11:00:00Z,2025-02-21T11:00:00.000Z,8741,Península
373444.0,2025-02-21T13:00:00.000+01:00,2025-02-21T12:00:00Z,2025-02-21T12:00:00.000Z,8741,Península
367540.0,2025-02-21T14:00:00.000+01:00,2025-02-21T13:00:00Z,2025-02-21T13:00:00.000Z,8741,Península
359767.0,2025-02-21T15:00:00.000+01:00,2025-02-21T14:00:00Z,2025-02-21T14:00:00.000Z,8741,Península
356663.0,2025-02-21T16:00:00.000+01:00,2025-02-21T15:00:00Z,2025-02-21T15:00:00.000Z,8741,Península
360078.0,2025-02-21T17:00:00.000+01:00,2025-02-21T16:00:00Z,2025-02-21T16:00:00.000Z,8741,Península
368688.0,2025-02-21T18:00:00.000+01:00,2025-02-21T17:00:00Z,2025-02-21T17:00:00.000Z,8741,Península
394835.0,2025-02-21T19:00:00.000+01:00,2025-02-21T18:00:00Z,2025-02-21T18:00:00.000Z,8741,Península
400171.0,2025-02-21T20:00:00.000+01:00,2025-02-21T19:00:00Z,2025-02-21T19:00:00.000Z,8741,Península
391195.0,2025-02-21T21:00:00.000+01:00,2025-02-21T20:00:00Z,2025-02-21T20:00:00.000Z,8741,Península
355996.0,2025-02-21T22:00:00.000+01:00,2025-02-21T21:00:00Z,2025-02-21T21:00:00.000Z,8741,Península
325907.0,2025-02-21T23:00:00.000+01:00,2025-02-21T22:00:00Z,2025-02-21T22:00:00.000Z,8741,Península
305659.0,2025-02-22T00:00:00.000+01:00,2025-02-21T23:00:00Z,2025-02-21T23:00:00.000Z,8741,Península
284987.0,2025-02-22T01:00:00.000+01:00,2025-02-22T00:00:00Z,2025-02-22T00:00:00.000Z,8741,Península
271132.0,2025-02-22T02:00:00.000+01:00,2025-02-22T01:00:00Z,2025-02-22T01:00:00.000Z,8741,Península
261762.0,2025-02-22T03:00:00.000+01:00,2025-02-22T02:00:00Z,2025-02-22T02:00:00.000Z,8741,Península
256965.0,2025-02-22T04:00:00.000+01:00,2025-02-22T03:00:00Z,2025-02-22T03:00:00.000Z,8741,Península
255291.0,2025-02-22T05:00:00.000+01:00,2025-02-22T04:00:00Z,2025-02-22T04:00:00.000Z,8741,Península
264173.0,2025-02-22T06:00:00.000+01:00,2025-02-22T05:00:00Z,2025-02-22T05:00:00.000Z,8741,Península
282344.0,2025-02-22T07:00:00.000+01:00,2025-02-22T06:00:00Z,2025-02-22T06:00:00.000Z,8741,Península
300337.0,2025-02-22T08:00:00.000+01:00,2025-02-22T07:00:00Z,2025-02-22T07:00:00.000Z,8741,Península
319667.0,2025-02-22T09:00:00.000+01:00,2025-02-22T08:00:00Z,2025-02-22T08:00:00.000Z,8741,Península
325864.0,2025-02-22T10:00:00.000+01:00,2025-02-22T09:00:00Z,2025-02-22T09:00:00.000Z,8741,Península
323685.0,2025-02-22T11:00:00.000+01:00,2025-02-22T10:00:00Z,2025-02-22T10:00:00.000Z,8741,Península
325946.0,2025-02-22T12:00:00.000+01:00,2025-02-22T11:00:00Z,2025-02-22T11:00:00.000Z,8741,Península
328411.0,2025-02-22T13:00:00.000+01:00,2025-02-22T12:00:00Z,2025-02-22T12:00:00.000Z,8741,Península
325898.0,2025-02-22T14:00:00.000+01:00,2025-02-22T13:00:00Z,2025-02-22T13:00:00.000Z,8741,Península
313560.0,2025-02-22T15:00:00.000+01:00,2025-02-22T14:00:00Z,2025-02-22T14:00:00.000Z,8741,Península
303829.0,2025-02-22T16:00:00.000+01:00,2025-02-22T15:00:00Z,2025-02-22T15:00:00.000Z,8741,Península
301279.0,2025-02-22T17:00:00.000+01:00,2025-02-22T16:00:00Z,2025-02-22T16:00:00.000Z,8741,Península
312720.0,2025-02-22T18:00:00.000+01:00,2025-02-22T17:00:00Z,2025-02-22T17:00:00.000Z,8741,Península
337792.0,2025-02-22T19:00:00.000+01:00,2025-02-22T18:00:00Z,2025-02-22T18:00:00.000Z,8741,Península
352581.0,2025-02-22T20:00:00.000+01:00,2025-02-22T19:00:00Z,2025-02-22T19:00:00.000Z,8741,Península
350682.0,2025-02-22T21:00:00.000+01:00,2025-02-22T20:00:00Z,2025-02-22T20:00:00.000Z,8741,Península
327261.0,2025-02-22T22:00:00.000+01:00,2025-02-22T21:00:00Z,2025-02-22T21:00:00.000Z,8741,Península
303401.0,2025-02-22T23:00:00.000+01:00,2025-02-22T22:00:00Z,2025-02-22T22:00:00.000Z,8741,Península
282794.0,2025-02-23T00:00:00.000+01:00,2025-02-22T23:00:00Z,2025-02-22T23:00:00.000Z,8741,Península
262940.0,2025-02-23T01:00:00.000+01:00,2025-02-23T00:00:00Z,2025-02-23T00:00:00.000Z,8741,Península
249385.0,2025-02-23T02:00:00.000+01:00,2025-02-23T01:00:00Z,2025-02-23T01:00:00.000Z,8741,Península
241316.0,2025-02-23T03:00:00.000+01:00,2025-02-23T02:00:00Z,2025-02-23T02:00:00.000Z,8741,Península
238095.0,2025-02-23T04:00:00.000+01:00,2025-02-23T03:00:00Z,2025-02-23T03:00:00.000Z,8741,Península
238079.0,2025-02-23T05:00:00.000+01:00,2025-02-23T04:00:00Z,2025-02-23T04:00:00.000Z,8741,Península
244998.0,2025-02-23T06:00:00.000+01:00,2025-02-23T05:00:00Z,2025-02-23T05:00:00.000Z,8741,Península
254131.0,2025-02-23T07:00:00.000+01:00,2025-02-23T06:00:00Z,2025-02-23T06:00:00.000Z,8741,Península
262406.0,2025-02-23T08:00:00.000+01:00,2025-02-23T07:00:00Z,2025-02-23T07:00:00.000Z,8741,Península
277460.0,2025-02-23T09:00:00.000+01:00,2025-02-23T08:00:00Z,2025-02-23T08:00:00.000Z,8741,Península
288950.0,2025-02-23T10:00:00.000+01:00,2025-02-23T09:00:00Z,2025-02-23T09:00:00.000Z,8741,Península
286825.0,2025-02-23T11:00:00.000+01:00,2025-02-23T10:00:00Z,2025-02-23T10:00:00.000Z,8741,Península
282081.0,2025-02-23T12:00:00.000+01:00,2025-02-23T11:00:00Z,2025-02-23T11:00:00.000Z,8741,Península
286090.0,2025-02-23T13:00:00.000+01:00,2025-02-23T12:00:00Z,2025-02-23T12:00:00.000Z,8741,Península
286541.0,2025-02-23T14:00:00.000+01:00,2025-02-23T13:00:00Z,2025-02-23T13:00:00.000Z,8741,Península
274530.0,2025-02-23T15:00:00.000+01:00,2025-02-23T14:00:00Z,2025-02-23T14:00:00.000Z,8741,Península
270469.0,2025-02-23T16:00:00.000+01:00,2025-02-23T15:00:00Z,2025-02-23T15:00:00.000Z,8741,Península
278718.0,2025-02-23T17:00:00.000+01:00,2025-02-23T16:00:00Z,2025-02-23T16:00:00.000Z,8741,Península
299326.0,2025-02-23T18:00:00.000+01:00,2025-02-23T17:00:00Z,2025-02-23T17:00:00.000Z,8741,Península
336464.0,2025-02-23T19:00:00.000+01:00,2025-02-23T18:00:00Z,2025-02-23T18:00:00.000Z,8741,Península
357931.0,2025-02-23T20:00:00.000+01:00,2025-02-23T19:00:00Z,2025-02-23T19:00:00.000Z,8741,Península
358545.0,2025-02-23T21:00:00.000+01:00,2025-02-23T20:00:00Z,2025-02-23T20:00:00.000Z,8741,Península
335269.0,2025-02-23T22:00:00.000+01:00,2025-02-23T21:00:00Z,2025-02-23T21:00:00.000Z,8741,Península
303730.0,2025-02-23T23:00:00.000+01:00,2025-02-23T22:00:00Z,2025-02-23T22:00:00.000Z,8741,Península
279619.0,2025-02-24T00:00:00.000+01:00,2025-02-23T23:00:00Z,2025-02-23T23:00:00.000Z,8741,Península
263111.0,2025-02-24T01:00:00.000+01:00,2025-02-24T00:00:00Z,2025-02-24T00:00:00.000Z,8741,Península
252891.0,2025-02-24T02:00:00.000+01:00,2025-02-24T01:00:00Z,2025-02-24T01:00:00.000Z,8741,Península
247757.0,2025-02-24T03:00:00.000+01:00,2025-02-24T02:00:00Z,2025-02-24T02:00:00.000Z,8741,Península
249763.0,2025-02-24T04:00:00.000+01:00,2025-02-24T03:00:00Z,2025-02-24T03:00:00.000Z,8741,Península
261126.0,2025-02-24T05:00:00.000+01:00,2025-02-24T04:00:00Z,2025-02-24T04:00:00.000Z,8741,Península
302849.0,2025-02-24T06:00:00.000+01:00,2025-02-24T05:00:00Z,2025-02-24T05:00:00.000Z,8741,Península
359109.0,2025-02-24T07:00:00.000+01:00,2025-02-24T06:00:00Z,2025-02-24T06:00:00.000Z,8741,Península
382669.0,2025-02-24T08:00:00.000+01:00,2025-02-24T07:00:00Z,2025-02-24T07:00:00.000Z,8741,Península
379980.0,2025-02-24T09:00:00.000+01:00,2025-02-24T08:00:00Z,2025-02-24T08:00:00.000Z,8741,Península
372056.0,2025-02-24T10:00:00.000+01:00,2025-02-24T09:00:00Z,2025-02-24T09:00:00.000Z,8741,Península
359717.0,2025-02-24T11:00:00.000+01:00,2025-02-24T10:00:00Z,2025-02-24T10:00:00.000Z,8741,Península
356892.0,2025-02-24T12:00:00.000+01:00,2025-02-24T11:00:00Z,2025-02-24T11:00:00.000Z,8741,Península
356333.0,2025-02-24T13:00:00.000+01:00,2025-02-24T12:00:00Z,2025-02-24T12:00:00.000Z,8741,Península
352327.0,2025-02-24T14:00:00.000+01:00,2025-02-24T13:00:00Z,2025-02-24T13:00:00.000Z,8741,Península
351451.0,2025-02-24T15:00:00.000+01:00,2025-02-24T14:00:00Z,2025-02-24T14:00:00.000Z,8741,Península
349740.0,2025-02-24T16:00:00.000+01:00,2025-02-24T15:00:00Z,2025-02-24T15:00:00.000Z,8741,Península
354803.0,2025-02-24T17:00:00.000+01:00,2025-02-24T16:00:00Z,2025-02-24T16:00:00.000Z,8741,Península
370249.0,2025-02-24T18:00:00.000+01:00,2025-02-24T17:00:00Z,2025-02-24T17:00:00.000Z,8741,Península
405226.0,2025-02-24T19:00:00.000+01:00,2025-02-24T18:00:00Z,2025-02-24T18:00:00.000Z,8741,Península
420000.0,2025-02-24T20:00:00.000+01:00,2025-02-24T19:00:00Z,2025-02-24T19:00:00.000Z,8741,Península
410420.0,2025-02-24T21:00:00.000+01:00,2025-02-24T20:00:00Z,2025-02-24T20:00:00.000Z,8741,Península
368773.0,2025-02-24T22:00:00.000+01:00,2025-02-24T21:00:00Z,2025-02-24T21:00:00.000Z,8741,Península
329120.0,2025-02-24T23:00:00.000+01:00,2025-02-24T22:00:00Z,2025-02-24T22:00:00.000Z,8741,Península
306496.0,2025-02-25T00:00:00.000+01:00,2025-02-24T23:00:00Z,2025-02-24T23:00:00.000Z,8741,Península
287339.0,2025-02-25T01:00:00.000+01:00,2025-02-25T00:00:00Z,2025-02-25T00:00:00.000Z,8741,Península
274685.0,2025-02-25T02:00:00.000+01:00,2025-02-25T01:00:00Z,2025-02-25T01:00:00.000Z,8741,Península
267369.0,2025-02-25T03:00:00.000+01:00,2025-02-25T02:00:00Z,2025-02-25T02:00:00.000Z,8741,Península
267397.0,2025-02-25T04:00:00.000+01:00,2025-02-25T03:00:00Z,2025-02-25T03:00:00.000Z,8741,Península
275990.0,2025-02-25T05:00:00.000+01:00,2025-02-25T04:00:00Z,2025-02-25T04:00:00.000Z,8741,Península
311371.0,2025-02-25T06:00:00.000+01:00,2025-02-25T05:00:00Z,2025-02-25T05:00:00.000Z,8741,Península
361609.0,2025-02-25T07:00:00.000+01:00,2025-02-25T06:00:00Z,2025-02-25T06:00:00.000Z,8741,Península
382593.0,2025-02-25T08:00:00.000+01:00,2025-02-25T07:00:00Z,2025-02-25T07:00:00.000Z,8741,Península
384941.0,2025-02-25T09:00:00.000+01:00,2025-02-25T08:00:00Z,2025-02-25T08:00:00.000Z,8741,Península
378732.0,2025-02-25T10:00:00.000+01:00,2025-02-25T09:00:00Z,2025-02-25T09:00:00.000Z,8741,Península
373656.0,2025-02-25T11:00:00.000+01:00,2025-02-25T10:00:00Z,2025-02-25T10:00:00.000Z,8741,Península
372979.0,2025-02-25T12:00:00.000+01:00,2025-02-25T11:00:00Z,2025-02-25T11:00:00.000Z,8741,Península
376772.0,2025-02-25T13:00:00.000+01:00,2025-02-25T12:00:00Z,2025-02-25T12:00:00.000Z,8741,Península
376049.0,2025-02-25T14:00:00.000+01:00,2025-02-25T13:00:00Z,2025-02-25T13:00:00.000Z,8741,Península
372381.0,2025-02-25T15:00:00.000+01:00,2025-02-25T14:00:00Z,2025-02-25T14:00:00.000Z,8741,Península
368607.0,2025-02-25T16:00:00.000+01:00,2025-02-25T15:00:00Z,2025-02-25T15:00:00.000Z,8741,Península
366413.0,2025-02-25T17:00:00.000+01:00,2025-02-25T16:00:00Z,2025-02-25T16:00:00.000Z,8741,Península
378383.0,2025-02-25T18:00:00.000+01:00,2025-02-25T17:00:00Z,2025-02-25T17:00:00.000Z,8741,Península
409396.0,2025-02-25T19:00:00.000+01:00,2025-02-25T18:00:00Z,2025-02-25T18:00:00.000Z,8741,Península
428423.0,2025-02-25T20:00:00.000+01:00,2025-02-25T19:00:00Z,2025-02-25T19:00:00.000Z,8741,Península
416619.0,2025-02-25T21:00:00.000+01:00,2025-02-25T20:00:00Z,2025-02-25T20:00:00.000Z,8741,Península
375263.0,2025-02-25T22:00:00.000+01:00,2025-02-25T21:00:00Z,2025-02-25T21:00:00.000Z,8741,Península
336148.0,2025-02-25T23:00:00.000+01:00,2025-02-25T22:00:00Z,2025-02-25T22:00:00.000Z,8741,Península
311996.0,2025-02-26T00:00:00.000+01:00,2025-02-25T23:00:00Z,2025-02-25T23:00:00.000Z,8741,Península
292300.0,2025-02-26T01:00:00.000+01:00,2025-02-26T00:00:00Z,2025-02-26T00:00:00.000Z,8741,Península
280848.0,2025-02-26T02:00:00.000+01:00,2025-02-26T01:00:00Z,2025-02-26T01:00:00.000Z,8741,Península
275957.0,2025-02-26T03:00:00.000+01:00,2025-02-26T02:00:00Z,2025-02-26T02:00:00.000Z,8741,Península
274685.0,2025-02-26T04:00:00.000+01:00,2025-02-26T03:00:00Z,2025-02-26T03:00:00.000Z,8741,Península
283054.0,2025-02-26T05:00:00.000+01:00,2025-02-26T04:00:00Z,2025-02-26T04:00:00.000Z,8741,Península
318824.0,2025-02-26T06:00:00.000+01:00,2025-02-26T05:00:00Z,2025-02-26T05:00:00.000Z,8741,Península
370286.0,2025-02-26T07:00:00.000+01:00,2025-02-26T06:00:00Z,2025-02-26T06:00:00.000Z,8741,Península
390030.0,2025-02-26T08:00:00.000+01:00,2025-02-26T07:00:00Z,2025-02-26T07:00:00.000Z,8741,Península
381112.0,2025-02-26T09:00:00.000+01:00,2025-02-26T08:00:00Z,2025-02-26T08:00:00.000Z,8741,Península
363154.0,2025-02-26T10:00:00.000+01:00,2025-02-26T09:00:00Z,2025-02-26T09:00:00.000Z,8741,Península
352536.0,2025-02-26T11:00:00.000+01:00,2025-02-26T10:00:00Z,2025-02-26T10:00:00.000Z,8741,Península
341844.0,2025-02-26T12:00:00.000+01:00,2025-02-26T11:00:00Z,2025-02-26T11:00:00.000Z,8741,Península
334644.0,2025-02-26T13:00:00.000+01:00,2025-02-26T12:00:00Z,2025-02-26T12:00:00.000Z,8741,Península
332145.0,2025-02-26T14:00:00.000+01:00,2025-02-26T13:00:00Z,2025-02-26T13:00:00.000Z,8741,Península
328648.0,2025-02-26T15:00:00.000+01:00,2025-02-26T14:00:00Z,2025-02-26T14:00:00.000Z,8741,Península
332612.0,2025-02-26T16:00:00.000+01:00,2025-02-26T15:00:00Z,2025-02-26T15:00:00.000Z,8741,Península
346946.0,2025-02-26T17:00:00.000+01:00,2025-02-26T16:00:00Z,2025-02-26T16:00:00.000Z,8741,Península
367803.0,2025-02-26T18:00:00.000+01:00,2025-02-26T17:00:00Z,2025-02-26T17:00:00.000Z,8741,Península
405720.0,2025-02-26T19:00:00.000+01:00,2025-02-26T18:00:00Z,2025-02-26T18:00:00.000Z,8741,Península
425288.0,2025-02-26T20:00:00.000+01:00,2025-02-26T19:00:00Z,2025-02-26T19:00:00.000Z,8741,Península
415249.0,2025-02-26T21:00:00.000+01:00,2025-02-26T20:00:00Z,2025-02-26T20:00:00.000Z,8741,Península
376925.0,2025-02-26T22:00:00.000+01:00,2025-02-26T21:00:00Z,2025-02-26T21:00:00.000Z,8741,Península
339122.0,2025-02-26T23:00:00.000+01:00,2025-02-26T22:00:00Z,2025-02-26T22:00:00.000Z,8741,Península
316567.0,2025-02-27T00:00:00.000+01:00,2025-02-26T23:00:00Z,2025-02-26T23:00:00.000Z,8741,Península
297728.0,2025-02-27T01:00:00.000+01:00,2025-02-27T00:00:00Z,2025-02-27T00:00:00.000Z,8741,Península
283753.0,2025-02-27T02:00:00.000+01:00,2025-02-27T01:00:00Z,2025-02-27T01:00:00.000Z,8741,Península
279364.0,2025-02-27T03:00:00.000+01:00,2025-02-27T02:00:00Z,2025-02-27T02:00:00.000Z,8741,Península
278944.0,2025-02-27T04:00:00.000+01:00,2025-02-27T03:00:00Z,2025-02-27T03:00:00.000Z,8741,Península
288266.0,2025-02-27T05:00:00.000+01:00,2025-02-27T04:00:00Z,2025-02-27T04:00:00.000Z,8741,Península
322960.0,2025-02-27T06:00:00.000+01:00,2025-02-27T05:00:00Z,2025-02-27T05:00:00.000Z,8741,Península
371944.0,2025-02-27T07:00:00.000+01:00,2025-02-27T06:00:00Z,2025-02-27T06:00:00.000Z,8741,Península
395226.0,2025-02-27T08:00:00.000+01:00,2025-02-27T07:00:00Z,2025-02-27T07:00:00.000Z,8741,Península
393533.0,2025-02-27T09:00:00.000+01:00,2025-02-27T08:00:00Z,2025-02-27T08:00:00.000Z,8741,Península
383861.0,2025-02-27T10:00:00.000+01:00,2025-02-27T09:00:00Z,2025-02-27T09:00:00.000Z,8741,Península
374513.0,2025-02-27T11:00:00.000+01:00,2025-02-27T10:00:00Z,2025-02-27T10:00:00.000Z,8741,Península
367589.0,2025-02-27T12:00:00.000+01:00,2025-02-27T11:00:00Z,2025-02-27T11:00:00.000Z,8741,Península
360462.0,2025-02-27T13:00:00.000+01:00,2025-02-27T12:00:00Z,2025-02-27T12:00:00.000Z,8741,Península
354972.0,2025-02-27T14:00:00.000+01:00,2025-02-27T13:00:00Z,2025-02-27T13:00:00.000Z,8741,Península
349976.0,2025-02-27T15:00:00.000+01:00,2025-02-27T14:00:00Z,2025-02-27T14:00:00.000Z,8741,Península
348593.0,2025-02-27T16:00:00.000+01:00,2025-02-27T15:00:00Z,2025-02-27T15:00:00.000Z,8741,Península
358769.0,2025-02-27T17:00:00.000+01:00,2025-02-27T16:00:00Z,2025-02-27T16:00:00.000Z,8741,Península
374695.0,2025-02-27T18:00:00.000+01:00,2025-02-27T17:00:00Z,2025-02-27T17:00:00.000Z,8741,Península
407561.0,2025-02-27T19:00:00.000+01:00,2025-02-27T18:00:00Z,2025-02-27T18:00:00.000Z,8741,Península
420865.0,2025-02-27T20:00:00.000+01:00,2025-02-27T19:00:00Z,2025-02-27T19:00:00.000Z,8741,Península
410754.0,2025-02-27T21:00:00.000+01:00,2025-02-27T20:00:00Z,2025-02-27T20:00:00.000Z,8741,Península
375690.0,2025-02-27T22:00:00.000+01:00,2025-02-27T21:00:00Z,2025-02-27T21:00:00.000Z,8741,Península
340681.0,2025-02-27T23:00:00.000+01:00,2025-02-27T22:00:00Z,2025-02-27T22:00:00.000Z,8741,Península
317434.0,2025-02-28T00:00:00.000+01:00,2025-02-27T23:00:00Z,2025-02-27T23:00:00.000Z,8741,Península
296860.0,2025-02-28T01:00:00.000+01:00,2025-02-28T00:00:00Z,2025-02-28T00:00:00.000Z,8741,Península
284051.0,2025-02-28T02:00:00.000+01:00,2025-02-28T01:00:00Z,2025-02-28T01:00:00.000Z,8741,Península
276151.0,2025-02-28T03:00:00.000+01:00,2025-02-28T02:00:00Z,2025-02-28T02:00:00.000Z,8741,Península
275032.0,2025-02-28T04:00:00.000+01:00,2025-02-28T03:00:00Z,2025-02-28T03:00:00.000Z,8741,Península
281896.0,2025-02-28T05:00:00.000+01:00,2025-02-28T04:00:00Z,2025-02-28T04:00:00.000Z,8741,Península
315210.0,2025-02-28T06:00:00.000+01:00,2025-02-28T05:00:00Z,2025-02-28T05:00:00.000Z,8741,Península
355986.0,2025-02-28T07:00:00.000+01:00,2025-02-28T06:00:00Z,2025-02-28T06:00:00.000Z,8741,Península
374372.0,2025-02-28T08:00:00.000+01:00,2025-02-28T07:00:00Z,2025-02-28T07:00:00.000Z,8741,Península
377601.0,2025-02-28T09:00:00.000+01:00,2025-02-28T08:00:00Z,2025-02-28T08:00:00.000Z,8741,Península
371657.0,2025-02-28T10:00:00.000+01:00,2025-02-28T09:00:00Z,2025-02-28T09:00:00.000Z,8741,Península
361574.0,2025-02-28T11:00:00.000+01:00,2025-02-28T10:00:00Z,2025-02-28T10:00:00.000Z,8741,Península
357164.0,2025-02-28T12:00:00.000+01:00,2025-02-28T11:00:00Z,2025-02-28T11:00:00.000Z,8741,Península
358992.0,2025-02-28T13:00:00.000+01:00,2025-02-28T12:00:00Z,2025-02-28T12:00:00.000Z,8741,Península
355065.0,2025-02-28T14:00:00.000+01:00,2025-02-28T13:00:00Z,2025-02-28T13:00:00.000Z,8741,Península
346158.0,2025-02-28T15:00:00.000+01:00,2025-02-28T14:00:00Z,2025-02-28T14:00:00.000Z,8741,Península
343684.0,2025-02-28T16:00:00.000+01:00,2025-02-28T15:00:00Z,2025-02-28T15:00:00.000Z,8741,Península
351341.0,2025-02-28T17:00:00.000+01:00,2025-02-28T16:00:00Z,2025-02-28T16:00:00.000Z,8741,Península
364128.0,2025-02-28T18:00:00.000+01:00,2025-02-28T17:00:00Z,2025-02-28T17:00:00.000Z,8741,Península
390153.0,2025-02-28T19:00:00.000+01:00,2025-02-28T18:00:00Z,2025-02-28T18:00:00.000Z,8741,Península
400280.0,2025-02-28T20:00:00.000+01:00,2025-02-28T19:00:00Z,2025-02-28T19:00:00.000Z,8741,Península
391582.0,2025-02-28T21:00:00.000+01:00,2025-02-28T20:00:00Z,2025-02-28T20:00:00.000Z,8741,Península
359480.0,2025-02-28T22:00:00.000+01:00,2025-02-28T21:00:00Z,2025-02-28T21:00:00.000Z,8741,Península
328378.0,2025-02-28T23:00:00.000+01:00,2025-02-28T22:00:00Z,2025-02-28T22:00:00.000Z,8741,Península
310255.0,2025-03-01T00:00:00.000+01:00,2025-02-28T23:00:00Z,2025-02-28T23:00:00.000Z,8741,Península
287922.0,2025-03-01T01:00:00.000+01:00,2025-03-01T00:00:00Z,2025-03-01T00:00:00.000Z,8741,Península
273642.0,2025-03-01T02:00:00.000+01:00,2025-03-01T01:00:00Z,2025-03-01T01:00:00.000Z,8741,Península
265885.0,2025-03-01T03:00:00.000+01:00,2025-03-01T02:00:00Z,2025-03-01T02:00:00.000Z,8741,Península
260354.0,2025-03-01T04:00:00.000+01:00,2025-03-01T03:00:00Z,2025-03-01T03:00:00.000Z,8741,Península
260421.0,2025-03-01T05:00:00.000+01:00,2025-03-01T04:00:00Z,2025-03-01T04:00:00.000Z,8741,Península
267277.0,2025-03-01T06:00:00.000+01:00,2025-03-01T05:00:00Z,2025-03-01T05:00:00.000Z,8741,Península
282032.0,2025-03-01T07:00:00.000+01:00,2025-03-01T06:00:00Z,2025-03-01T06:00:00.000Z,8741,Península
298219.0,2025-03-01T08:00:00.000+01:00,2025-03-01T07:00:00Z,2025-03-01T07:00:00.000Z,8741,Península
318198.0,2025-03-01T09:00:00.000+01:00,2025-03-01T08:00:00Z,2025-03-01T08:00:00.000Z,8741,Península
329688.0,2025-03-01T10:00:00.000+01:00,2025-03-01T09:00:00Z,2025-03-01T09:00:00.000Z,8741,Península
331529.0,2025-03-01T11:00:00.000+01:00,2025-03-01T10:00:00Z,2025-03-01T10:00:00.000Z,8741,Península
329508.0,2025-03-01T12:00:00.000+01:00,2025-03-01T11:00:00Z,2025-03-01T11:00:00.000Z,8741,Península
329661.0,2025-03-01T13:00:00.000+01:00,2025-03-01T12:00:00Z,2025-03-01T12:00:00.000Z,8741,Península
327890.0,2025-03-01T14:00:00.000+01:00,2025-03-01T13:00:00Z,2025-03-01T13:00:00.000Z,8741,Península
319881.0,2025-03-01T15:00:00.000+01:00,2025-03-01T14:00:00Z,2025-03-01T14:00:00.000Z,8741,Península
316070.0,2025-03-01T16:00:00.000+01:00,2025-03-01T15:00:00Z,2025-03-01T15:00:00.000Z,8741,Península
321077.0,2025-03-01T17:00:00.000+01:00,2025-03-01T16:00:00Z,2025-03-01T16:00:00.000Z,8741,Península
334096.0,2025-03-01T18:00:00.000+01:00,2025-03-01T17:00:00Z,2025-03-01T17:00:00.000Z,8741,Península
354533.0,2025-03-01T19:00:00.000+01:00,2025-03-01T18:00:00Z,2025-03-01T18:00:00.000Z,8741,Península
364299.0,2025-03-01T20:00:00.000+01:00,2025-03-01T19:00:00Z,2025-03-01T19:00:00.000Z,8741,Península
365615.0,2025-03-01T21:00:00.000+01:00,2025-03-01T20:00:00Z,2025-03-01T20:00:00.000Z,8741,Península
339558.0,2025-03-01T22:00:00.000+01:00,2025-03-01T21:00:00Z,2025-03-01T21:00:00.000Z,8741,Península
314557.0,2025-03-01T23:00:00.000+01:00,2025-03-01T22:00:00Z,2025-03-01T22:00:00.000Z,8741,Península
290962.0,2025-03-02T00:00:00.000+01:00,2025-03-01T23:00:00Z,2025-03-01T23:00:00.000Z,8741,Península
269879.0,2025-03-02T01:00:00.000+01:00,2025-03-02T00:00:00Z,2025-03-02T00:00:00.000Z,8741,Península
255543.0,2025-03-02T02:00:00.000+01:00,2025-03-02T01:00:00Z,2025-03-02T01:00:00.000Z,8741,Península
246702.0,2025-03-02T03:00:00.000+01:00,2025-03-02T02:00:00Z,2025-03-02T02:00:00.000Z,8741,Península
244409.0,2025-03-02T04:00:00.000+01:00,2025-03-02T03:00:00Z,2025-03-02T03:00:00.000Z,8741,Península
245401.0,2025-03-02T05:00:00.000+01:00,2025-03-02T04:00:00Z,2025-03-02T04:00:00.000Z,8741,Península
250369.0,2025-03-02T06:00:00.000+01:00,2025-03-02T05:00:00Z,2025-03-02T05:00:00.000Z,8741,Península
257675.0,2025-03-02T07:00:00.000+01:00,2025-03-02T06:00:00Z,2025-03-02T06:00:00.000Z,8741,Península
267976.0,2025-03-02T08:00:00.000+01:00,2025-03-02T07:00:00Z,2025-03-02T07:00:00.000Z,8741,Península
291285.0,2025-03-02T09:00:00.000+01:00,2025-03-02T08:00:00Z,2025-03-02T08:00:00.000Z,8741,Península
310429.0,2025-03-02T10:00:00.000+01:00,2025-03-02T09:00:00Z,2025-03-02T09:00:00.000Z,8741,Península
319700.0,2025-03-02T11:00:00.000+01:00,2025-03-02T10:00:00Z,2025-03-02T10:00:00.000Z,8741,Península
324679.0,2025-03-02T12:00:00.000+01:00,2025-03-02T11:00:00Z,2025-03-02T11:00:00.000Z,8741,Península
335219.0,2025-03-02T13:00:00.000+01:00,2025-03-02T12:00:00Z,2025-03-02T12:00:00.000Z,8741,Península
335612.0,2025-03-02T14:00:00.000+01:00,2025-03-02T13:00:00Z,2025-03-02T13:00:00.000Z,8741,Península
321627.0,2025-03-02T15:00:00.000+01:00,2025-03-02T14:00:00Z,2025-03-02T14:00:00.000Z,8741,Península
315444.0,2025-03-02T16:00:00.000+01:00,2025-03-02T15:00:00Z,2025-03-02T15:00:00.000Z,8741,Península
318284.0,2025-03-02T17:00:00.000+01:00,2025-03-02T16:00:00Z,2025-03-02T16:00:00.000Z,8741,Península
330929.0,2025-03-02T18:00:00.000+01:00,2025-03-02T17:00:00Z,2025-03-02T17:00:00.000Z,8741,Península
355944.0,2025-03-02T19:00:00.000+01:00,2025-03-02T18:00:00Z,2025-03-02T18:00:00.000Z,8741,Península
372659.0,2025-03-02T20:00:00.000+01:00,2025-03-02T19:00:00Z,2025-03-02T19:00:00.000Z,8741,Península
372019.0,2025-03-02T21:00:00.000+01:00,2025-03-02T20:00:00Z,2025-03-02T20:00:00.000Z,8741,Península
348352.0,2025-03-02T22:00:00.000+01:00,2025-03-02T21:00:00Z,2025-03-02T21:00:00.000Z,8741,Península
315006.0,2025-03-02T23:00:00.000+01:00,2025-03-02T22:00:00Z,2025-03-02T22:00:00.000Z,8741,Península
288227.0,2025-03-03T00:00:00.000+01:00,2025-03-02T23:00:00Z,2025-03-02T23:00:00.000Z,8741,Península
268970.0,2025-03-03T01:00:00.000+01:00,2025-03-03T00:00:00Z,2025-03-03T00:00:00.000Z,8741,Península
258984.0,2025-03-03T02:00:00.000+01:00,2025-03-03T01:00:00Z,2025-03-03T01:00:00.000Z,8741,Península
253953.0,2025-03-03T03:00:00.000+01:00,2025-03-03T02:00:00Z,2025-03-03T02:00:00.000Z,8741,Península
254528.0,2025-03-03T04:00:00.000+01:00,2025-03-03T03:00:00Z,2025-03-03T03:00:00.000Z,8741,Península
266883.0,2025-03-03T05:00:00.000+01:00,2025-03-03T04:00:00Z,2025-03-03T04:00:00.000Z,8741,Península
304035.0,2025-03-03T06:00:00.000+01:00,2025-03-03T05:00:00Z,2025-03-03T05:00:00.000Z,8741,Península
350161.0,2025-03-03T07:00:00.000+01:00,2025-03-03T06:00:00Z,2025-03-03T06:00:00.000Z,8741,Península
378873.0,2025-03-03T08:00:00.000+01:00,2025-03-03T07:00:00Z,2025-03-03T07:00:00.000Z,8741,Península
396851.0,2025-03-03T09:00:00.000+01:00,2025-03-03T08:00:00Z,2025-03-03T08:00:00.000Z,8741,Península
401306.0,2025-03-03T10:00:00.000+01:00,2025-03-03T09:00:00Z,2025-03-03T09:00:00.000Z,8741,Península
398513.0,2025-03-03T11:00:00.000+01:00,2025-03-03T10:00:00Z,2025-03-03T10:00:00.000Z,8741,Península
391643.0,2025-03-03T12:00:00.000+01:00,2025-03-03T11:00:00Z,2025-03-03T11:00:00.000Z,8741,Península
394848.0,2025-03-03T13:00:00.000+01:00,2025-03-03T12:00:00Z,2025-03-03T12:00:00.000Z,8741,Península
390722.0,2025-03-03T14:00:00.000+01:00,2025-03-03T13:00:00Z,2025-03-03T13:00:00.000Z,8741,Península
381840.0,2025-03-03T15:00:00.000+01:00,2025-03-03T14:00:00Z,2025-03-03T14:00:00.000Z,8741,Península
379198.0,2025-03-03T16:00:00.000+01:00,2025-03-03T15:00:00Z,2025-03-03T15:00:00.000Z,8741,Península
383204.0,2025-03-03T17:00:00.000+01:00,2025-03-03T16:00:00Z,2025-03-03T16:00:00.000Z,8741,Península
390661.0,2025-03-03T18:00:00.000+01:00,2025-03-03T17:00:00Z,2025-03-03T17:00:00.000Z,8741,Península
414715.0,2025-03-03T19:00:00.000+01:00,2025-03-03T18:00:00Z,2025-03-03T18:00:00.000Z,8741,Península
427190.0,2025-03-03T20:00:00.000+01:00,2025-03-03T19:00:00Z,2025-03-03T19:00:00.000Z,8741,Península
415411.0,2025-03-03T21:00:00.000+01:00,2025-03-03T20:00:00Z,2025-03-03T20:00:00.000Z,8741,Península
376409.0,2025-03-03T22:00:00.000+01:00,2025-03-03T21:00:00Z,2025-03-03T21:00:00.000Z,8741,Península
338715.0,2025-03-03T23:00:00.000+01:00,2025-03-03T22:00:00Z,2025-03-03T22:00:00.000Z,8741,Península
312658.0,2025-03-04T00:00:00.000+01:00,2025-03-03T23:00:00Z,2025-03-03T23:00:00.000Z,8741,Península
292804.0,2025-03-04T01:00:00.000+01:00,2025-03-04T00:00:00Z,2025-03-04T00:00:00.000Z,8741,Península
277074.0,2025-03-04T02:00:00.000+01:00,2025-03-04T01:00:00Z,2025-03-04T01:00:00.000Z,8741,Península
271601.0,2025-03-04T03:00:00.000+01:00,2025-03-04T02:00:00Z,2025-03-04T02:00:00.000Z,8741,Península
270371.0,2025-03-04T04:00:00.000+01:00,2025-03-04T03:00:00Z,2025-03-04T03:00:00.000Z,8741,Península
278675.0,2025-03-04T05:00:00.000+01:00,2025-03-04T04:00:00Z,2025-03-04T04:00:00.000Z,8741,Península
312545.0,2025-03-04T06:00:00.000+01:00,2025-03-04T05:00:00Z,2025-03-04T05:00:00.000Z,8741,Península
356622.0,2025-03-04T07:00:00.000+01:00,2025-03-04T06:00:00Z,2025-03-04T06:00:00.000Z,8741,Península
377257.0,2025-03-04T08:00:00.000+01:00,2025-03-04T07:00:00Z,2025-03-04T07:00:00.000Z,8741,Península
380911.0,2025-03-04T09:00:00.000+01:00,2025-03-04T08:00:00Z,2025-03-04T08:00:00.000Z,8741,Península
378745.0,2025-03-04T10:00:00.000+01:00,2025-03-04T09:00:00Z,2025-03-04T09:00:00.000Z,8741,Península
374908.0,2025-03-04T11:00:00.000+01:00,2025-03-04T10:00:00Z,2025-03-04T10:00:00.000Z,8741,Península
373618.0,2025-03-04T12:00:00.000+01:00,2025-03-04T11:00:00Z,2025-03-04T11:00:00.000Z,8741,Península
374102.0,2025-03-04T13:00:00.000+01:00,2025-03-04T12:00:00Z,2025-03-04T12:00:00.000Z,8741,Península
369786.0,2025-03-04T14:00:00.000+01:00,2025-03-04T13:00:00Z,2025-03-04T13:00:00.000Z,8741,Península
366567.0,2025-03-04T15:00:00.000+01:00,2025-03-04T14:00:00Z,2025-03-04T14:00:00.000Z,8741,Península
364266.0,2025-03-04T16:00:00.000+01:00,2025-03-04T15:00:00Z,2025-03-04T15:00:00.000Z,8741,Península
368605.0,2025-03-04T17:00:00.000+01:00,2025-03-04T16:00:00Z,2025-03-04T16:00:00.000Z,8741,Península
378704.0,2025-03-04T18:00:00.000+01:00,2025-03-04T17:00:00Z,2025-03-04T17:00:00.000Z,8741,Península
404802.0,2025-03-04T19:00:00.000+01:00,2025-03-04T18:00:00Z,2025-03-04T18:00:00.000Z,8741,Península
421051.0,2025-03-04T20:00:00.000+01:00,2025-03-04T19:00:00Z,2025-03-04T19:00:00.000Z,8741,Península
407760.0,2025-03-04T21:00:00.000+01:00,2025-03-04T20:00:00Z,2025-03-04T20:00:00.000Z,8741,Península
370496.0,2025-03-04T22:00:00.000+01:00,2025-03-04T21:00:00Z,2025-03-04T21:00:00.000Z,8741,Península
332920.0,2025-03-04T23:00:00.000+01:00,2025-03-04T22:00:00Z,2025-03-04T22:00:00.000Z,8741,Península
305633.0,2025-03-05T00:00:00.000+01:00,2025-03-04T23:00:00Z,2025-03-04T23:00:00.000Z,8741,Península
286982.0,2025-03-05T01:00:00.000+01:00,2025-03-05T00:00:00Z,2025-03-05T00:00:00.000Z,8741,Península
273481.0,2025-03-05T02:00:00.000+01:00,2025-03-05T01:00:00Z,2025-03-05T01:00:00.000Z,8741,Península
266596.0,2025-03-05T03:00:00.000+01:00,2025-03-05T02:00:00Z,2025-03-05T02:00:00.000Z,8741,Península
265858.0,2025-03-05T04:00:00.000+01:00,2025-03-05T03:00:00Z,2025-03-05T03:00:00.000Z,8741,Península
274347.0,2025-03-05T05:00:00.000+01:00,2025-03-05T04:00:00Z,2025-03-05T04:00:00.000Z,8741,Península
309638.0,2025-03-05T06:00:00.000+01:00,2025-03-05T05:00:00Z,2025-03-05T05:00:00.000Z,8741,Península
357849.0,2025-03-05T07:00:00.000+01:00,2025-03-05T06:00:00Z,2025-03-05T06:00:00.000Z,8741,Península
380742.0,2025-03-05T08:00:00.000+01:00,2025-03-05T07:00:00Z,2025-03-05T07:00:00.000Z,8741,Península
383792.0,2025-03-05T09:00:00.000+01:00,2025-03-05T08:00:00Z,2025-03-05T08:00:00.000Z,8741,Península
380525.0,2025-03-05T10:00:00.000+01:00,2025-03-05T09:00:00Z,2025-03-05T09:00:00.000Z,8741,Península
381321.0,2025-03-05T11:00:00.000+01:00,2025-03-05T10:00:00Z,2025-03-05T10:00:00.000Z,8741,Península
381348.0,2025-03-05T12:00:00.000+01:00,2025-03-05T11:00:00Z,2025-03-05T11:00:00.000Z,8741,Península
386414.0,2025-03-05T13:00:00.000+01:00,2025-03-05T12:00:00Z,2025-03-05T12:00:00.000Z,8741,Península
382852.0,2025-03-05T14:00:00.000+01:00,2025-03-05T13:00:00Z,2025-03-05T13:00:00.000Z,8741,Península
377910.0,2025-03-05T15:00:00.000+01:00,2025-03-05T14:00:00Z,2025-03-05T14:00:00.000Z,8741,Península
374483.0,2025-03-05T16:00:00.000+01:00,2025-03-05T15:00:00Z,2025-03-05T15:00:00.000Z,8741,Península
379573.0,2025-03-05T17:00:00.000+01:00,2025-03-05T16:00:00Z,2025-03-05T16:00:00.000Z,8741,Península
386508.0,2025-03-05T18:00:00.000+01:00,2025-03-05T17:00:00Z,2025-03-05T17:00:00.000Z,8741,Península
407291.0,2025-03-05T19:00:00.000+01:00,2025-03-05T18:00:00Z,2025-03-05T18:00:00.000Z,8741,Península
422719.0,2025-03-05T20:00:00.000+01:00,2025-03-05T19:00:00Z,2025-03-05T19:00:00.000Z,8741,Península
409137.0,2025-03-05T21:00:00.000+01:00,2025-03-05T20:00:00Z,2025-03-05T20:00:00.000Z,8741,Península
371059.0,2025-03-05T22:00:00.000+01:00,2025-03-05T21:00:00Z,2025-03-05T21:00:00.000Z,8741,Península
333349.0,2025-03-05T23:00:00.000+01:00,2025-03-05T22:00:00Z,2025-03-05T22:00:00.000Z,8741,Península
308841.0,2025-03-06T00:00:00.000+01:00,2025-03-05T23:00:00Z,2025-03-05T23:00:00.000Z,8741,Península
287548.0,2025-03-06T01:00:00.000+01:00,2025-03-06T00:00:00Z,2025-03-06T00:00:00.000Z,8741,Península
274986.0,2025-03-06T02:00:00.000+01:00,2025-03-06T01:00:00Z,2025-03-06T01:00:00.000Z,8741,Península
269452.0,2025-03-06T03:00:00.000+01:00,2025-03-06T02:00:00Z,2025-03-06T02:00:00.000Z,8741,Península
268872.0,2025-03-06T04:00:00.000+01:00,2025-03-06T03:00:00Z,2025-03-06T03:00:00.000Z,8741,Península
276504.0,2025-03-06T05:00:00.000+01:00,2025-03-06T04:00:00Z,2025-03-06T04:00:00.000Z,8741,Península
311876.0,2025-03-06T06:00:00.000+01:00,2025-03-06T05:00:00Z,2025-03-06T05:00:00.000Z,8741,Península
357553.0,2025-03-06T07:00:00.000+01:00,2025-03-06T06:00:00Z,2025-03-06T06:00:00.000Z,8741,Península
381756.0,2025-03-06T08:00:00.000+01:00,2025-03-06T07:00:00Z,2025-03-06T07:00:00.000Z,8741,Península
386775.0,2025-03-06T09:00:00.000+01:00,2025-03-06T08:00:00Z,2025-03-06T08:00:00.000Z,8741,Península
383721.0,2025-03-06T10:00:00.000+01:00,2025-03-06T09:00:00Z,2025-03-06T09:00:00.000Z,8741,Península
381311.0,2025-03-06T11:00:00.000+01:00,2025-03-06T10:00:00Z,2025-03-06T10:00:00.000Z,8741,Península
382175.0,2025-03-06T12:00:00.000+01:00,2025-03-06T11:00:00Z,2025-03-06T11:00:00.000Z,8741,Península
383856.0,2025-03-06T13:00:00.000+01:00,2025-03-06T12:00:00Z,2025-03-06T12:00:00.000Z,8741,Península
380545.0,2025-03-06T14:00:00.000+01:00,2025-03-06T13:00:00Z,2025-03-06T13:00:00.000Z,8741,Península
374692.0,2025-03-06T15:00:00.000+01:00,2025-03-06T14:00:00Z,2025-03-06T14:00:00.000Z,8741,Península
370867.0,2025-03-06T16:00:00.000+01:00,2025-03-06T15:00:00Z,2025-03-06T15:00:00.000Z,8741,Península
373502.0,2025-03-06T17:00:00.000+01:00,2025-03-06T16:00:00Z,2025-03-06T16:00:00.000Z,8741,Península
379041.0,2025-03-06T18:00:00.000+01:00,2025-03-06T17:00:00Z,2025-03-06T17:00:00.000Z,8741,Península
405682.0,2025-03-06T19:00:00.000+01:00,2025-03-06T18:00:00Z,2025-03-06T18:00:00.000Z,8741,Península
422750.0,2025-03-06T20:00:00.000+01:00,2025-03-06T19:00:00Z,2025-03-06T19:00:00.000Z,8741,Península
412105.0,2025-03-06T21:00:00.000+01:00,2025-03-06T20:00:00Z,2025-03-06T20:00:00.000Z,8741,Península
373236.0,2025-03-06T22:00:00.000+01:00,2025-03-06T21:00:00Z,2025-03-06T21:00:00.000Z,8741,Península
337422.0,2025-03-06T23:00:00.000+01:00,2025-03-06T22:00:00Z,2025-03-06T22:00:00.000Z,8741,Península
313858.0,2025-03-07T00:00:00.000+01:00,2025-03-06T23:00:00Z,2025-03-06T23:00:00.000Z,8741,Península
294741.0,2025-03-07T01:00:00.000+01:00,2025-03-07T00:00:00Z,2025-03-07T00:00:00.000Z,8741,Península
280547.0,2025-03-07T02:00:00.000+01:00,2025-03-07T01:00:00Z,2025-03-07T01:00:00.000Z,8741,Península
274811.0,2025-03-07T03:00:00.000+01:00,2025-03-07T02:00:00Z,2025-03-07T02:00:00.000Z,8741,Península
274253.0,2025-03-07T04:00:00.000+01:00,2025-03-07T03:00:00Z,2025-03-07T03:00:00.000Z,8741,Península
283553.0,2025-03-07T05:00:00.000+01:00,2025-03-07T04:00:00Z,2025-03-07T04:00:00.000Z,8741,Península
317968.0,2025-03-07T06:00:00.000+01:00,2025-03-07T05:00:00Z,2025-03-07T05:00:00.000Z,8741,Península
365222.0,2025-03-07T07:00:00.000+01:00,2025-03-07T06:00:00Z,2025-03-07T06:00:00.000Z,8741,Península
388906.0,2025-03-07T08:00:00.000+01:00,2025-03-07T07:00:00Z,2025-03-07T07:00:00.000Z,8741,Península
392119.0,2025-03-07T09:00:00.000+01:00,2025-03-07T08:00:00Z,2025-03-07T08:00:00.000Z,8741,Península
387017.0,2025-03-07T10:00:00.000+01:00,2025-03-07T09:00:00Z,2025-03-07T09:00:00.000Z,8741,Península
386764.0,2025-03-07T11:00:00.000+01:00,2025-03-07T10:00:00Z,2025-03-07T10:00:00.000Z,8741,Península
386932.0,2025-03-07T12:00:00.000+01:00,2025-03-07T11:00:00Z,2025-03-07T11:00:00.000Z,8741,Península
387345.0,2025-03-07T13:00:00.000+01:00,2025-03-07T12:00:00Z,2025-03-07T12:00:00.000Z,8741,Península
384450.0,2025-03-07T14:00:00.000+01:00,2025-03-07T13:00:00Z,2025-03-07T13:00:00.000Z,8741,Península
374721.0,2025-03-07T15:00:00.000+01:00,2025-03-07T14:00:00Z,2025-03-07T14:00:00.000Z,8741,Península
369638.0,2025-03-07T16:00:00.000+01:00,2025-03-07T15:00:00Z,2025-03-07T15:00:00.000Z,8741,Península
371980.0,2025-03-07T17:00:00.000+01:00,2025-03-07T16:00:00Z,2025-03-07T16:00:00.000Z,8741,Península
380966.0,2025-03-07T18:00:00.000+01:00,2025-03-07T17:00:00Z,2025-03-07T17:00:00.000Z,8741,Península
399165.0,2025-03-07T19:00:00.000+01:00,2025-03-07T18:00:00Z,2025-03-07T18:00:00.000Z,8741,Península
407314.0,2025-03-07T20:00:00.000+01:00,2025-03-07T19:00:00Z,2025-03-07T19:00:00.000Z,8741,Península
398969.0,2025-03-07T21:00:00.000+01:00,2025-03-07T20:00:00Z,2025-03-07T20:00:00.000Z,8741,Península
365757.0,2025-03-07T22:00:00.000+01:00,2025-03-07T21:00:00Z,2025-03-07T21:00:00.000Z,8741,Península
333789.0,2025-03-07T23:00:00.000+01:00,2025-03-07T22:00:00Z,2025-03-07T22:00:00.000Z,8741,Península
309657.0,2025-03-08T00:00:00.000+01:00,2025-03-07T23:00:00Z,2025-03-07T23:00:00.000Z,8741,Península
287558.0,2025-03-08T01:00:00.000+01:00,2025-03-08T00:00:00Z,2025-03-08T00:00:00.000Z,8741,Península
270350.0,2025-03-08T02:00:00.000+01:00,2025-03-08T01:00:00Z,2025-03-08T01:00:00.000Z,8741,Península
263007.0,2025-03-08T03:00:00.000+01:00,2025-03-08T02:00:00Z,2025-03-08T02:00:00.000Z,8741,Península
257846.0,2025-03-08T04:00:00.000+01:00,2025-03-08T03:00:00Z,2025-03-08T03:00:00.000Z,8741,Península
257751.0,2025-03-08T05:00:00.000+01:00,2025-03-08T04:00:00Z,2025-03-08T04:00:00.000Z,8741,Península
264719.0,2025-03-08T06:00:00.000+01:00,2025-03-08T05:00:00Z,2025-03-08T05:00:00.000Z,8741,Península
277092.0,2025-03-08T07:00:00.000+01:00,2025-03-08T06:00:00Z,2025-03-08T06:00:00.000Z,8741,Península
292385.0,2025-03-08T08:00:00.000+01:00,2025-03-08T07:00:00Z,2025-03-08T07:00:00.000Z,8741,Península
319640.0,2025-03-08T09:00:00.000+01:00,2025-03-08T08:00:00Z,2025-03-08T08:00:00.000Z,8741,Península
338050.0,2025-03-08T10:00:00.000+01:00,2025-03-08T09:00:00Z,2025-03-08T09:00:00.000Z,8741,Península
345609.0,2025-03-08T11:00:00.000+01:00,2025-03-08T10:00:00Z,2025-03-08T10:00:00.000Z,8741,Península
346732.0,2025-03-08T12:00:00.000+01:00,2025-03-08T11:00:00Z,2025-03-08T11:00:00.000Z,8741,Península
348579.0,2025-03-08T13:00:00.000+01:00,2025-03-08T12:00:00Z,2025-03-08T12:00:00.000Z,8741,Península
344520.0,2025-03-08T14:00:00.000+01:00,2025-03-08T13:00:00Z,2025-03-08T13:00:00.000Z,8741,Península
329304.0,2025-03-08T15:00:00.000+01:00,2025-03-08T14:00:00Z,2025-03-08T14:00:00.000Z,8741,Península
320233.0,2025-03-08T16:00:00.000+01:00,2025-03-08T15:00:00Z,2025-03-08T15:00:00.000Z,8741,Península
321963.0,2025-03-08T17:00:00.000+01:00,2025-03-08T16:00:00Z,2025-03-08T16:00:00.000Z,8741,Península
333237.0,2025-03-08T18:00:00.000+01:00,2025-03-08T17:00:00Z,2025-03-08T17:00:00.000Z,8741,Península
351152.0,2025-03-08T19:00:00.000+01:00,2025-03-08T18:00:00Z,2025-03-08T18:00:00.000Z,8741,Península
362808.0,2025-03-08T20:00:00.000+01:00,2025-03-08T19:00:00Z,2025-03-08T19:00:00.000Z,8741,Península
362216.0,2025-03-08T21:00:00.000+01:00,2025-03-08T20:00:00Z,2025-03-08T20:00:00.000Z,8741,Península
336180.0,2025-03-08T22:00:00.000+01:00,2025-03-08T21:00:00Z,2025-03-08T21:00:00.000Z,8741,Península
309387.0,2025-03-08T23:00:00.000+01:00,2025-03-08T22:00:00Z,2025-03-08T22:00:00.000Z,8741,Península
287001.0,2025-03-09T00:00:00.000+01:00,2025-03-08T23:00:00Z,2025-03-08T23:00:00.000Z,8741,Península
267878.0,2025-03-09T01:00:00.000+01:00,2025-03-09T00:00:00Z,2025-03-09T00:00:00.000Z,8741,Península
254182.0,2025-03-09T02:00:00.000+01:00,2025-03-09T01:00:00Z,2025-03-09T01:00:00.000Z,8741,Península
245011.0,2025-03-09T03:00:00.000+01:00,2025-03-09T02:00:00Z,2025-03-09T02:00:00.000Z,8741,Península
242359.0,2025-03-09T04:00:00.000+01:00,2025-03-09T03:00:00Z,2025-03-09T03:00:00.000Z,8741,Península
242900.0,2025-03-09T05:00:00.000+01:00,2025-03-09T04:00:00Z,2025-03-09T04:00:00.000Z,8741,Península
248118.0,2025-03-09T06:00:00.000+01:00,2025-03-09T05:00:00Z,2025-03-09T05:00:00.000Z,8741,Península
253032.0,2025-03-09T07:00:00.000+01:00,2025-03-09T06:00:00Z,2025-03-09T06:00:00.000Z,8741,Península
261882.0,2025-03-09T08:00:00.000+01:00,2025-03-09T07:00:00Z,2025-03-09T07:00:00.000Z,8741,Península
277866.0,2025-03-09T09:00:00.000+01:00,2025-03-09T08:00:00Z,2025-03-09T08:00:00.000Z,8741,Península
292189.0,2025-03-09T10:00:00.000+01:00,2025-03-09T09:00:00Z,2025-03-09T09:00:00.000Z,8741,Península
301100.0,2025-03-09T11:00:00.000+01:00,2025-03-09T10:00:00Z,2025-03-09T10:00:00.000Z,8741,Península
302078.0,2025-03-09T12:00:00.000+01:00,2025-03-09T11:00:00Z,2025-03-09T11:00:00.000Z,8741,Península
307728.0,2025-03-09T13:00:00.000+01:00,2025-03-09T12:00:00Z,2025-03-09T12:00:00.000Z,8741,Península
302371.0,2025-03-09T14:00:00.000+01:00,2025-03-09T13:00:00Z,2025-03-09T13:00:00.000Z,8741,Península
291947.0,2025-03-09T15:00:00.000+01:00,2025-03-09T14:00:00Z,2025-03-09T14:00:00.000Z,8741,Península
289240.0,2025-03-09T16:00:00.000+01:00,2025-03-09T15:00:00Z,2025-03-09T15:00:00.000Z,8741,Península
298542.0,2025-03-09T17:00:00.000+01:00,2025-03-09T16:00:00Z,2025-03-09T16:00:00.000Z,8741,Península
317032.0,2025-03-09T18:00:00.000+01:00,2025-03-09T17:00:00Z,2025-03-09T17:00:00.000Z,8741,Península
346658.0,2025-03-09T19:00:00.000+01:00,2025-03-09T18:00:00Z,2025-03-09T18:00:00.000Z,8741,Península
365998.0,2025-03-09T20:00:00.000+01:00,2025-03-09T19:00:00Z,2025-03-09T19:00:00.000Z,8741,Península
364204.0,2025-03-09T21:00:00.000+01:00,2025-03-09T20:00:00Z,2025-03-09T20:00:00.000Z,8741,Península
341950.0,2025-03-09T22:00:00.000+01:00,2025-03-09T21:00:00Z,2025-03-09T21:00:00.000Z,8741,Península
310890.0,2025-03-09T23:00:00.000+01:00,2025-03-09T22:00:00Z,2025-03-09T22:00:00.000Z,8741,Península
286778.0,2025-03-10T00:00:00.000+01:00,2025-03-09T23:00:00Z,2025-03-09T23:00:00.000Z,8741,Península
269405.0,2025-03-10T01:00:00.000+01:00,2025-03-10T00:00:00Z,2025-03-10T00:00:00.000Z,8741,Península
258642.0,2025-03-10T02:00:00.000+01:00,2025-03-10T01:00:00Z,2025-03-10T01:00:00.000Z,8741,Península
254073.0,2025-03-10T03:00:00.000+01:00,2025-03-10T02:00:00Z,2025-03-10T02:00:00.000Z,8741,Península
255012.0,2025-03-10T04:00:00.000+01:00,2025-03-10T03:00:00Z,2025-03-10T03:00:00.000Z,8741,Península
268588.0,2025-03-10T05:00:00.000+01:00,2025-03-10T04:00:00Z,2025-03-10T04:00:00.000Z,8741,Península
308760.0,2025-03-10T06:00:00.000+01:00,2025-03-10T05:00:00Z,2025-03-10T05:00:00.000Z,8741,Península
357098.0,2025-03-10T07:00:00.000+01:00,2025-03-10T06:00:00Z,2025-03-10T06:00:00.000Z,8741,Península
384015.0,2025-03-10T08:00:00.000+01:00,2025-03-10T07:00:00Z,2025-03-10T07:00:00.000Z,8741,Península
386953.0,2025-03-10T09:00:00.000+01:00,2025-03-10T08:00:00Z,2025-03-10T08:00:00.000Z,8741,Península
379061.0,2025-03-10T10:00:00.000+01:00,2025-03-10T09:00:00Z,2025-03-10T09:00:00.000Z,8741,Península
370412.0,2025-03-10T11:00:00.000+01:00,2025-03-10T10:00:00Z,2025-03-10T10:00:00.000Z,8741,Península
371083.0,2025-03-10T12:00:00.000+01:00,2025-03-10T11:00:00Z,2025-03-10T11:00:00.000Z,8741,Península
371679.0,2025-03-10T13:00:00.000+01:00,2025-03-10T12:00:00Z,2025-03-10T12:00:00.000Z,8741,Península
369058.0,2025-03-10T14:00:00.000+01:00,2025-03-10T13:00:00Z,2025-03-10T13:00:00.000Z,8741,Península
364443.0,2025-03-10T15:00:00.000+01:00,2025-03-10T14:00:00Z,2025-03-10T14:00:00.000Z,8741,Península
364355.0,2025-03-10T16:00:00.000+01:00,2025-03-10T15:00:00Z,2025-03-10T15:00:00.000Z,8741,Península
369981.0,2025-03-10T17:00:00.000+01:00,2025-03-10T16:00:00Z,2025-03-10T16:00:00.000Z,8741,Península
382687.0,2025-03-10T18:00:00.000+01:00,2025-03-10T17:00:00Z,2025-03-10T17:00:00.000Z,8741,Península
410225.0,2025-03-10T19:00:00.000+01:00,2025-03-10T18:00:00Z,2025-03-10T18:00:00.000Z,8741,Península
427578.0,2025-03-10T20:00:00.000+01:00,2025-03-10T19:00:00Z,2025-03-10T19:00:00.000Z,8741,Península
416621.0,2025-03-10T21:00:00.000+01:00,2025-03-10T20:00:00Z,2025-03-10T20:00:00.000Z,8741,Península
375190.0,2025-03-10T22:00:00.000+01:00,2025-03-10T21:00:00Z,2025-03-10T21:00:00.000Z,8741,Península
336691.0,2025-03-10T23:00:00.000+01:00,2025-03-10T22:00:00Z,2025-03-10T22:00:00.000Z,8741,Península
310496.0,2025-03-11T00:00:00.000+01:00,2025-03-10T23:00:00Z,2025-03-10T23:00:00.000Z,8741,Península
292352.0,2025-03-11T01:00:00.000+01:00,2025-03-11T00:00:00Z,2025-03-11T00:00:00.000Z,8741,Península
279594.0,2025-03-11T02:00:00.000+01:00,2025-03-11T01:00:00Z,2025-03-11T01:00:00.000Z,8741,Península
272919.0,2025-03-11T03:00:00.000+01:00,2025-03-11T02:00:00Z,2025-03-11T02:00:00.000Z,8741,Península
273300.0,2025-03-11T04:00:00.000+01:00,2025-03-11T03:00:00Z,2025-03-11T03:00:00.000Z,8741,Península
281484.0,2025-03-11T05:00:00.000+01:00,2025-03-11T04:00:00Z,2025-03-11T04:00:00.000Z,8741,Península
315460.0,2025-03-11T06:00:00.000+01:00,2025-03-11T05:00:00Z,2025-03-11T05:00:00.000Z,8741,Península
361395.0,2025-03-11T07:00:00.000+01:00,2025-03-11T06:00:00Z,2025-03-11T06:00:00.000Z,8741,Península
386654.0,2025-03-11T08:00:00.000+01:00,2025-03-11T07:00:00Z,2025-03-11T07:00:00.000Z,8741,Península
388814.0,2025-03-11T09:00:00.000+01:00,2025-03-11T08:00:00Z,2025-03-11T08:00:00.000Z,8741,Península
383258.0,2025-03-11T10:00:00.000+01:00,2025-03-11T09:00:00Z,2025-03-11T09:00:00.000Z,8741,Península
380292.0,2025-03-11T11:00:00.000+01:00,2025-03-11T10:00:00Z,2025-03-11T10:00:00.000Z,8741,Península
377825.0,2025-03-11T12:00:00.000+01:00,2025-03-11T11:00:00Z,2025-03-11T11:00:00.000Z,8741,Península
375685.0,2025-03-11T13:00:00.000+01:00,2025-03-11T12:00:00Z,2025-03-11T12:00:00.000Z,8741,Península
374568.0,2025-03-11T14:00:00.000+01:00,2025-03-11T13:00:00Z,2025-03-11T13:00:00.000Z,8741,Península
364945.0,2025-03-11T15:00:00.000+01:00,2025-03-11T14:00:00Z,2025-03-11T14:00:00.000Z,8741,Península
367100.0,2025-03-11T16:00:00.000+01:00,2025-03-11T15:00:00Z,2025-03-11T15:00:00.000Z,8741,Península
371102.0,2025-03-11T17:00:00.000+01:00,2025-03-11T16:00:00Z,2025-03-11T16:00:00.000Z,8741,Península
381371.0,2025-03-11T18:00:00.000+01:00,2025-03-11T17:00:00Z,2025-03-11T17:00:00.000Z,8741,Península
404114.0,2025-03-11T19:00:00.000+01:00,2025-03-11T18:00:00Z,2025-03-11T18:00:00.000Z,8741,Península
423161.0,2025-03-11T20:00:00.000+01:00,2025-03-11T19:00:00Z,2025-03-11T19:00:00.000Z,8741,Península
414535.0,2025-03-11T21:00:00.000+01:00,2025-03-11T20:00:00Z,2025-03-11T20:00:00.000Z,8741,Península
373757.0,2025-03-11T22:00:00.000+01:00,2025-03-11T21:00:00Z,2025-03-11T21:00:00.000Z,8741,Península
334645.0,2025-03-11T23:00:00.000+01:00,2025-03-11T22:00:00Z,2025-03-11T22:00:00.000Z,8741,Península
307911.0,2025-03-12T00:00:00.000+01:00,2025-03-11T23:00:00Z,2025-03-11T23:00:00.000Z,8741,Península
288864.0,2025-03-12T01:00:00.000+01:00,2025-03-12T00:00:00Z,2025-03-12T00:00:00.000Z,8741,Península
276049.0,2025-03-12T02:00:00.000+01:00,2025-03-12T01:00:00Z,2025-03-12T01:00:00.000Z,8741,Península
271350.0,2025-03-12T03:00:00.000+01:00,2025-03-12T02:00:00Z,2025-03-12T02:00:00.000Z,8741,Península
270956.0,2025-03-12T04:00:00.000+01:00,2025-03-12T03:00:00Z,2025-03-12T03:00:00.000Z,8741,Península
280464.0,2025-03-12T05:00:00.000+01:00,2025-03-12T04:00:00Z,2025-03-12T04:00:00.000Z,8741,Península
314128.0,2025-03-12T06:00:00.000+01:00,2025-03-12T05:00:00Z,2025-03-12T05:00:00.000Z,8741,Península
358977.0,2025-03-12T07:00:00.000+01:00,2025-03-12T06:00:00Z,2025-03-12T06:00:00.000Z,8741,Península
375962.0,2025-03-12T08:00:00.000+01:00,2025-03-12T07:00:00Z,2025-03-12T07:00:00.000Z,8741,Península
375358.0,2025-03-12T09:00:00.000+01:00,2025-03-12T08:00:00Z,2025-03-12T08:00:00.000Z,8741,Península
374332.0,2025-03-12T10:00:00.000+01:00,2025-03-12T09:00:00Z,2025-03-12T09:00:00.000Z,8741,Península
363939.0,2025-03-12T11:00:00.000+01:00,2025-03-12T10:00:00Z,2025-03-12T10:00:00.000Z,8741,Península
360186.0,2025-03-12T12:00:00.000+01:00,2025-03-12T11:00:00Z,2025-03-12T11:00:00.000Z,8741,Península
361908.0,2025-03-12T13:00:00.000+01:00,2025-03-12T12:00:00Z,2025-03-12T12:00:00.000Z,8741,Península
360699.0,2025-03-12T14:00:00.000+01:00,2025-03-12T13:00:00Z,2025-03-12T13:00:00.000Z,8741,Península
358796.0,2025-03-12T15:00:00.000+01:00,2025-03-12T14:00:00Z,2025-03-12T14:00:00.000Z,8741,Península
363924.0,2025-03-12T16:00:00.000+01:00,2025-03-12T15:00:00Z,2025-03-12T15:00:00.000Z,8741,Península
371257.0,2025-03-12T17:00:00.000+01:00,2025-03-12T16:00:00Z,2025-03-12T16:00:00.000Z,8741,Península
382345.0,2025-03-12T18:00:00.000+01:00,2025-03-12T17:00:00Z,2025-03-12T17:00:00.000Z,8741,Península
411780.0,2025-03-12T19:00:00.000+01:00,2025-03-12T18:00:00Z,2025-03-12T18:00:00.000Z,8741,Península
426103.0,2025-03-12T20:00:00.000+01:00,2025-03-12T19:00:00Z,2025-03-12T19:00:00.000Z,8741,Península
410563.0,2025-03-12T21:00:00.000+01:00,2025-03-12T20:00:00Z,2025-03-12T20:00:00.000Z,8741,Península
373296.0,2025-03-12T22:00:00.000+01:00,2025-03-12T21:00:00Z,2025-03-12T21:00:00.000Z,8741,Península
336118.0,2025-03-12T23:00:00.000+01:00,2025-03-12T22:00:00Z,2025-03-12T22:00:00.000Z,8741,Península
313911.0,2025-03-13T00:00:00.000+01:00,2025-03-12T23:00:00Z,2025-03-12T23:00:00.000Z,8741,Península
294259.0,2025-03-13T01:00:00.000+01:00,2025-03-13T00:00:00Z,2025-03-13T00:00:00.000Z,8741,Península
281231.0,2025-03-13T02:00:00.000+01:00,2025-03-13T01:00:00Z,2025-03-13T01:00:00.000Z,8741,Península
275711.0,2025-03-13T03:00:00.000+01:00,2025-03-13T02:00:00Z,2025-03-13T02:00:00.000Z,8741,Península
275423.0,2025-03-13T04:00:00.000+01:00,2025-03-13T03:00:00Z,2025-03-13T03:00:00.000Z,8741,Península
285500.0,2025-03-13T05:00:00.000+01:00,2025-03-13T04:00:00Z,2025-03-13T04:00:00.000Z,8741,Península
319176.0,2025-03-13T06:00:00.000+01:00,2025-03-13T05:00:00Z,2025-03-13T05:00:00.000Z,8741,Península
363143.0,2025-03-13T07:00:00.000+01:00,2025-03-13T06:00:00Z,2025-03-13T06:00:00.000Z,8741,Península
386492.0,2025-03-13T08:00:00.000+01:00,2025-03-13T07:00:00Z,2025-03-13T07:00:00.000Z,8741,Península
388251.0,2025-03-13T09:00:00.000+01:00,2025-03-13T08:00:00Z,2025-03-13T08:00:00.000Z,8741,Península
389757.0,2025-03-13T10:00:00.000+01:00,2025-03-13T09:00:00Z,2025-03-13T09:00:00.000Z,8741,Península
390091.0,2025-03-13T11:00:00.000+01:00,2025-03-13T10:00:00Z,2025-03-13T10:00:00.000Z,8741,Península
390683.0,2025-03-13T12:00:00.000+01:00,2025-03-13T11:00:00Z,2025-03-13T11:00:00.000Z,8741,Península
389300.0,2025-03-13T13:00:00.000+01:00,2025-03-13T12:00:00Z,2025-03-13T12:00:00.000Z,8741,Península
387292.0,2025-03-13T14:00:00.000+01:00,2025-03-13T13:00:00Z,2025-03-13T13:00:00.000Z,8741,Península
382406.0,2025-03-13T15:00:00.000+01:00,2025-03-13T14:00:00Z,2025-03-13T14:00:00.000Z,8741,Península
379348.0,2025-03-13T16:00:00.000+01:00,2025-03-13T15:00:00Z,2025-03-13T15:00:00.000Z,8741,Península
385094.0,2025-03-13T17:00:00.000+01:00,2025-03-13T16:00:00Z,2025-03-13T16:00:00.000Z,8741,Península
393714.0,2025-03-13T18:00:00.000+01:00,2025-03-13T17:00:00Z,2025-03-13T17:00:00.000Z,8741,Península
416952.0,2025-03-13T19:00:00.000+01:00,2025-03-13T18:00:00Z,2025-03-13T18:00:00.000Z,8741,Península
431804.0,2025-03-13T20:00:00.000+01:00,2025-03-13T19:00:00Z,2025-03-13T19:00:00.000Z,8741,Península
420348.0,2025-03-13T21:00:00.000+01:00,2025-03-13T20:00:00Z,2025-03-13T20:00:00.000Z,8741,Península
380869.0,2025-03-13T22:00:00.000+01:00,2025-03-13T21:00:00Z,2025-03-13T21:00:00.000Z,8741,Península
343121.0,2025-03-13T23:00:00.000+01:00,2025-03-13T22:00:00Z,2025-03-13T22:00:00.000Z,8741,Península
317023.0,2025-03-14T00:00:00.000+01:00,2025-03-13T23:00:00Z,2025-03-13T23:00:00.000Z,8741,Península
297563.0,2025-03-14T01:00:00.000+01:00,2025-03-14T00:00:00Z,2025-03-14T00:00:00.000Z,8741,Península
283866.0,2025-03-14T02:00:00.000+01:00,2025-03-14T01:00:00Z,2025-03-14T01:00:00.000Z,8741,Península
277916.0,2025-03-14T03:00:00.000+01:00,2025-03-14T02:00:00Z,2025-03-14T02:00:00.000Z,8741,Península
277892.0,2025-03-14T04:00:00.000+01:00,2025-03-14T03:00:00Z,2025-03-14T03:00:00.000Z,8741,Península
287981.0,2025-03-14T05:00:00.000+01:00,2025-03-14T04:00:00Z,2025-03-14T04:00:00.000Z,8741,Península
321384.0,2025-03-14T06:00:00.000+01:00,2025-03-14T05:00:00Z,2025-03-14T05:00:00.000Z,8741,Península
369727.0,2025-03-14T07:00:00.000+01:00,2025-03-14T06:00:00Z,2025-03-14T06:00:00.000Z,8741,Península
396775.0,2025-03-14T08:00:00.000+01:00,2025-03-14T07:00:00Z,2025-03-14T07:00:00.000Z,8741,Península
401217.0,2025-03-14T09:00:00.000+01:00,2025-03-14T08:00:00Z,2025-03-14T08:00:00.000Z,8741,Península
394360.0,2025-03-14T10:00:00.000+01:00,2025-03-14T09:00:00Z,2025-03-14T09:00:00.000Z,8741,Península
385231.0,2025-03-14T11:00:00.000+01:00,2025-03-14T10:00:00Z,2025-03-14T10:00:00.000Z,8741,Península
383711.0,2025-03-14T12:00:00.000+01:00,2025-03-14T11:00:00Z,2025-03-14T11:00:00.000Z,8741,Península
383536.0,2025-03-14T13:00:00.000+01:00,2025-03-14T12:00:00Z,2025-03-14T12:00:00.000Z,8741,Península
381053.0,2025-03-14T14:00:00.000+01:00,2025-03-14T13:00:00Z,2025-03-14T13:00:00.000Z,8741,Península
374380.0,2025-03-14T15:00:00.000+01:00,2025-03-14T14:00:00Z,2025-03-14T14:00:00.000Z,8741,Península
371472.0,2025-03-14T16:00:00.000+01:00,2025-03-14T15:00:00Z,2025-03-14T15:00:00.000Z,8741,Península
374703.0,2025-03-14T17:00:00.000+01:00,2025-03-14T16:00:00Z,2025-03-14T16:00:00.000Z,8741,Península
382460.0,2025-03-14T18:00:00.000+01:00,2025-03-14T17:00:00Z,2025-03-14T17:00:00.000Z,8741,Península
403626.0,2025-03-14T19:00:00.000+01:00,2025-03-14T18:00:00Z,2025-03-14T18:00:00.000Z,8741,Península
416650.0,2025-03-14T20:00:00.000+01:00,2025-03-14T19:00:00Z,2025-03-14T19:00:00.000Z,8741,Península
406440.0,2025-03-14T21:00:00.000+01:00,2025-03-14T20:00:00Z,2025-03-14T20:00:00.000Z,8741,Península
374792.0,2025-03-14T22:00:00.000+01:00,2025-03-14T21:00:00Z,2025-03-14T21:00:00.000Z,8741,Península
344354.0,2025-03-14T23:00:00.000+01:00,2025-03-14T22:00:00Z,2025-03-14T22:00:00.000Z,8741,Península
319493.0,2025-03-15T00:00:00.000+01:00,2025-03-14T23:00:00Z,2025-03-14T23:00:00.000Z,8741,Península
297480.0,2025-03-15T01:00:00.000+01:00,2025-03-15T00:00:00Z,2025-03-15T00:00:00.000Z,8741,Península
281373.0,2025-03-15T02:00:00.000+01:00,2025-03-15T01:00:00Z,2025-03-15T01:00:00.000Z,8741,Península
271536.0,2025-03-15T03:00:00.000+01:00,2025-03-15T02:00:00Z,2025-03-15T02:00:00.000Z,8741,Península
267598.0,2025-03-15T04:00:00.000+01:00,2025-03-15T03:00:00Z,2025-03-15T03:00:00.000Z,8741,Península
270957.0,2025-03-15T05:00:00.000+01:00,2025-03-15T04:00:00Z,2025-03-15T04:00:00.000Z,8741,Península
277693.0,2025-03-15T06:00:00.000+01:00,2025-03-15T05:00:00Z,2025-03-15T05:00:00.000Z,8741,Península
287963.0,2025-03-15T07:00:00.000+01:00,2025-03-15T06:00:00Z,2025-03-15T06:00:00.000Z,8741,Península
302145.0,2025-03-15T08:00:00.000+01:00,2025-03-15T07:00:00Z,2025-03-15T07:00:00.000Z,8741,Península
313896.0,2025-03-15T09:00:00.000+01:00,2025-03-15T08:00:00Z,2025-03-15T08:00:00.000Z,8741,Península
317111.0,2025-03-15T10:00:00.000+01:00,2025-03-15T09:00:00Z,2025-03-15T09:00:00.000Z,8741,Península
310918.0,2025-03-15T11:00:00.000+01:00,2025-03-15T10:00:00Z,2025-03-15T10:00:00.000Z,8741,Península
307624.0,2025-03-15T12:00:00.000+01:00,2025-03-15T11:00:00Z,2025-03-15T11:00:00.000Z,8741,Península
312117.0,2025-03-15T13:00:00.000+01:00,2025-03-15T12:00:00Z,2025-03-15T12:00:00.000Z,8741,Península
313408.0,2025-03-15T14:00:00.000+01:00,2025-03-15T13:00:00Z,2025-03-15T13:00:00.000Z,8741,Península
307619.0,2025-03-15T15:00:00.000+01:00,2025-03-15T14:00:00Z,2025-03-15T14:00:00.000Z,8741,Península
305734.0,2025-03-15T16:00:00.000+01:00,2025-03-15T15:00:00Z,2025-03-15T15:00:00.000Z,8741,Península
310057.0,2025-03-15T17:00:00.000+01:00,2025-03-15T16:00:00Z,2025-03-15T16:00:00.000Z,8741,Península
326535.0,2025-03-15T18:00:00.000+01:00,2025-03-15T17:00:00Z,2025-03-15T17:00:00.000Z,8741,Península
351077.0,2025-03-15T19:00:00.000+01:00,2025-03-15T18:00:00Z,2025-03-15T18:00:00.000Z,8741,Península
367437.0,2025-03-15T20:00:00.000+01:00,2025-03-15T19:00:00Z,2025-03-15T19:00:00.000Z,8741,Península
369368.0,2025-03-15T21:00:00.000+01:00,2025-03-15T20:00:00Z,2025-03-15T20:00:00.000Z,8741,Península
344546.0,2025-03-15T22:00:00.000+01:00,2025-03-15T21:00:00Z,2025-03-15T21:00:00.000Z,8741,Península
320364.0,2025-03-15T23:00:00.000+01:00,2025-03-15T22:00:00Z,2025-03-15T22:00:00.000Z,8741,Península
298629.0,2025-03-16T00:00:00.000+01:00,2025-03-15T23:00:00Z,2025-03-15T23:00:00.000Z,8741,Península
277122.0,2025-03-16T01:00:00.000+01:00,2025-03-16T00:00:00Z,2025-03-16T00:00:00.000Z,8741,Península
260219.0,2025-03-16T02:00:00.000+01:00,2025-03-16T01:00:00Z,2025-03-16T01:00:00.000Z,8741,Península
252874.0,2025-03-16T03:00:00.000+01:00,2025-03-16T02:00:00Z,2025-03-16T02:00:00.000Z,8741,Península
250770.0,2025-03-16T04:00:00.000+01:00,2025-03-16T03:00:00Z,2025-03-16T03:00:00.000Z,8741,Península
251327.0,2025-03-16T05:00:00.000+01:00,2025-03-16T04:00:00Z,2025-03-16T04:00:00.000Z,8741,Península
256091.0,2025-03-16T06:00:00.000+01:00,2025-03-16T05:00:00Z,2025-03-16T05:00:00.000Z,8741,Península
259407.0,2025-03-16T07:00:00.000+01:00,2025-03-16T06:00:00Z,2025-03-16T06:00:00.000Z,8741,Península
266171.0,2025-03-16T08:00:00.000+01:00,2025-03-16T07:00:00Z,2025-03-16T07:00:00.000Z,8741,Península
285757.0,2025-03-16T09:00:00.000+01:00,2025-03-16T08:00:00Z,2025-03-16T08:00:00.000Z,8741,Península
299817.0,2025-03-16T10:00:00.000+01:00,2025-03-16T09:00:00Z,2025-03-16T09:00:00.000Z,8741,Península
305228.0,2025-03-16T11:00:00.000+01:00,2025-03-16T10:00:00Z,2025-03-16T10:00:00.000Z,8741,Península
307073.0,2025-03-16T12:00:00.000+01:00,2025-03-16T11:00:00Z,2025-03-16T11:00:00.000Z,8741,Península
312799.0,2025-03-16T13:00:00.000+01:00,2025-03-16T12:00:00Z,2025-03-16T12:00:00.000Z,8741,Península
315150.0,2025-03-16T14:00:00.000+01:00,2025-03-16T13:00:00Z,2025-03-16T13:00:00.000Z,8741,Península
305652.0,2025-03-16T15:00:00.000+01:00,2025-03-16T14:00:00Z,2025-03-16T14:00:00.000Z,8741,Península
300468.0,2025-03-16T16:00:00.000+01:00,2025-03-16T15:00:00Z,2025-03-16T15:00:00.000Z,8741,Península
305285.0,2025-03-16T17:00:00.000+01:00,2025-03-16T16:00:00Z,2025-03-16T16:00:00.000Z,8741,Península
323103.0,2025-03-16T18:00:00.000+01:00,2025-03-16T17:00:00Z,2025-03-16T17:00:00.000Z,8741,Península
350286.0,2025-03-16T19:00:00.000+01:00,2025-03-16T18:00:00Z,2025-03-16T18:00:00.000Z,8741,Península
374351.0,2025-03-16T20:00:00.000+01:00,2025-03-16T19:00:00Z,2025-03-16T19:00:00.000Z,8741,Península
375453.0,2025-03-16T21:00:00.000+01:00,2025-03-16T20:00:00Z,2025-03-16T20:00:00.000Z,8741,Península
356304.0,2025-03-16T22:00:00.000+01:00,2025-03-16T21:00:00Z,2025-03-16T21:00:00.000Z,8741,Península
323809.0,2025-03-16T23:00:00.000+01:00,2025-03-16T22:00:00Z,2025-03-16T22:00:00.000Z,8741,Península
297849.0,2025-03-17T00:00:00.000+01:00,2025-03-16T23:00:00Z,2025-03-16T23:00:00.000Z,8741,Península
278586.0,2025-03-17T01:00:00.000+01:00,2025-03-17T00:00:00Z,2025-03-17T00:00:00.000Z,8741,Península
265989.0,2025-03-17T02:00:00.000+01:00,2025-03-17T01:00:00Z,2025-03-17T01:00:00.000Z,8741,Península
262429.0,2025-03-17T03:00:00.000+01:00,2025-03-17T02:00:00Z,2025-03-17T02:00:00.000Z,8741,Península
263081.0,2025-03-17T04:00:00.000+01:00,2025-03-17T03:00:00Z,2025-03-17T03:00:00.000Z,8741,Península
275787.0,2025-03-17T05:00:00.000+01:00,2025-03-17T04:00:00Z,2025-03-17T04:00:00.000Z,8741,Península
312687.0,2025-03-17T06:00:00.000+01:00,2025-03-17T05:00:00Z,2025-03-17T05:00:00.000Z,8741,Península
361661.0,2025-03-17T07:00:00.000+01:00,2025-03-17T06:00:00Z,2025-03-17T06:00:00.000Z,8741,Península
393075.0,2025-03-17T08:00:00.000+01:00,2025-03-17T07:00:00Z,2025-03-17T07:00:00.000Z,8741,Península
400473.0,2025-03-17T09:00:00.000+01:00,2025-03-17T08:00:00Z,2025-03-17T08:00:00.000Z,8741,Península
400826.0,2025-03-17T10:00:00.000+01:00,2025-03-17T09:00:00Z,2025-03-17T09:00:00.000Z,8741,Península
392300.0,2025-03-17T11:00:00.000+01:00,2025-03-17T10:00:00Z,2025-03-17T10:00:00.000Z,8741,Península
392574.0,2025-03-17T12:00:00.000+01:00,2025-03-17T11:00:00Z,2025-03-17T11:00:00.000Z,8741,Península
395524.0,2025-03-17T13:00:00.000+01:00,2025-03-17T12:00:00Z,2025-03-17T12:00:00.000Z,8741,Península
388646.0,2025-03-17T14:00:00.000+01:00,2025-03-17T13:00:00Z,2025-03-17T13:00:00.000Z,8741,Península
381740.0,2025-03-17T15:00:00.000+01:00,2025-03-17T14:00:00Z,2025-03-17T14:00:00.000Z,8741,Península
378872.0,2025-03-17T16:00:00.000+01:00,2025-03-17T15:00:00Z,2025-03-17T15:00:00.000Z,8741,Península
385240.0,2025-03-17T17:00:00.000+01:00,2025-03-17T16:00:00Z,2025-03-17T16:00:00.000Z,8741,Península
394227.0,2025-03-17T18:00:00.000+01:00,2025-03-17T17:00:00Z,2025-03-17T17:00:00.000Z,8741,Península
416423.0,2025-03-17T19:00:00.000+01:00,2025-03-17T18:00:00Z,2025-03-17T18:00:00.000Z,8741,Península
435075.0,2025-03-17T20:00:00.000+01:00,2025-03-17T19:00:00Z,2025-03-17T19:00:00.000Z,8741,Península
423041.0,2025-03-17T21:00:00.000+01:00,2025-03-17T20:00:00Z,2025-03-17T20:00:00.000Z,8741,Península
381766.0,2025-03-17T22:00:00.000+01:00,2025-03-17T21:00:00Z,2025-03-17T21:00:00.000Z,8741,Península
342572.0,2025-03-17T23:00:00.000+01:00,2025-03-17T22:00:00Z,2025-03-17T22:00:00.000Z,8741,Península
314002.0,2025-03-18T00:00:00.000+01:00,2025-03-17T23:00:00Z,2025-03-17T23:00:00.000Z,8741,Península
291760.0,2025-03-18T01:00:00.000+01:00,2025-03-18T00:00:00Z,2025-03-18T00:00:00.000Z,8741,Península
279402.0,2025-03-18T02:00:00.000+01:00,2025-03-18T01:00:00Z,2025-03-18T01:00:00.000Z,8741,Península
273480.0,2025-03-18T03:00:00.000+01:00,2025-03-18T02:00:00Z,2025-03-18T02:00:00.000Z,8741,Península
272646.0,2025-03-18T04:00:00.000+01:00,2025-03-18T03:00:00Z,2025-03-18T03:00:00.000Z,8741,Península
280359.0,2025-03-18T05:00:00.000+01:00,2025-03-18T04:00:00Z,2025-03-18T04:00:00.000Z,8741,Península
314613.0,2025-03-18T06:00:00.000+01:00,2025-03-18T05:00:00Z,2025-03-18T05:00:00.000Z,8741,Península
359820.0,2025-03-18T07:00:00.000+01:00,2025-03-18T06:00:00Z,2025-03-18T06:00:00.000Z,8741,Península
387142.0,2025-03-18T08:00:00.000+01:00,2025-03-18T07:00:00Z,2025-03-18T07:00:00.000Z,8741,Península
393402.0,2025-03-18T09:00:00.000+01:00,2025-03-18T08:00:00Z,2025-03-18T08:00:00.000Z,8741,Península
394416.0,2025-03-18T10:00:00.000+01:00,2025-03-18T09:00:00Z,2025-03-18T09:00:00.000Z,8741,Península
391899.0,2025-03-18T11:00:00.000+01:00,2025-03-18T10:00:00Z,2025-03-18T10:00:00.000Z,8741,Península
392807.0,2025-03-18T12:00:00.000+01:00,2025-03-18T11:00:00Z,2025-03-18T11:00:00.000Z,8741,Península
396025.0,2025-03-18T13:00:00.000+01:00,2025-03-18T12:00:00Z,2025-03-18T12:00:00.000Z,8741,Península
390452.0,2025-03-18T14:00:00.000+01:00,2025-03-18T13:00:00Z,2025-03-18T13:00:00.000Z,8741,Península
381296.0,2025-03-18T15:00:00.000+01:00,2025-03-18T14:00:00Z,2025-03-18T14:00:00.000Z,8741,Península
375589.0,2025-03-18T16:00:00.000+01:00,2025-03-18T15:00:00Z,2025-03-18T15:00:00.000Z,8741,Península
383052.0,2025-03-18T17:00:00.000+01:00,2025-03-18T16:00:00Z,2025-03-18T16:00:00.000Z,8741,Península
390433.0,2025-03-18T18:00:00.000+01:00,2025-03-18T17:00:00Z,2025-03-18T17:00:00.000Z,8741,Península
411720.0,2025-03-18T19:00:00.000+01:00,2025-03-18T18:00:00Z,2025-03-18T18:00:00.000Z,8741,Península
432655.0,2025-03-18T20:00:00.000+01:00,2025-03-18T19:00:00Z,2025-03-18T19:00:00.000Z,8741,Península
423390.0,2025-03-18T21:00:00.000+01:00,2025-03-18T20:00:00Z,2025-03-18T20:00:00.000Z,8741,Península
386263.0,2025-03-18T22:00:00.000+01:00,2025-03-18T21:00:00Z,2025-03-18T21:00:00.000Z,8741,Península
347443.0,2025-03-18T23:00:00.000+01:00,2025-03-18T22:00:00Z,2025-03-18T22:00:00.000Z,8741,Península
320349.0,2025-03-19T00:00:00.000+01:00,2025-03-18T23:00:00Z,2025-03-18T23:00:00.000Z,8741,Península
298942.0,2025-03-19T01:00:00.000+01:00,2025-03-19T00:00:00Z,2025-03-19T00:00:00.000Z,8741,Península
285786.0,2025-03-19T02:00:00.000+01:00,2025-03-19T01:00:00Z,2025-03-19T01:00:00.000Z,8741,Península
279251.0,2025-03-19T03:00:00.000+01:00,2025-03-19T02:00:00Z,2025-03-19T02:00:00.000Z,8741,Península
275914.0,2025-03-19T04:00:00.000+01:00,2025-03-19T03:00:00Z,2025-03-19T03:00:00.000Z,8741,Península
283234.0,2025-03-19T05:00:00.000+01:00,2025-03-19T04:00:00Z,2025-03-19T04:00:00.000Z,8741,Península
308236.0,2025-03-19T06:00:00.000+01:00,2025-03-19T05:00:00Z,2025-03-19T05:00:00.000Z,8741,Península
349367.0,2025-03-19T07:00:00.000+01:00,2025-03-19T06:00:00Z,2025-03-19T06:00:00.000Z,8741,Península
371497.0,2025-03-19T08:00:00.000+01:00,2025-03-19T07:00:00Z,2025-03-19T07:00:00.000Z,8741,Península
373372.0,2025-03-19T09:00:00.000+01:00,2025-03-19T08:00:00Z,2025-03-19T08:00:00.000Z,8741,Península
370724.0,2025-03-19T10:00:00.000+01:00,2025-03-19T09:00:00Z,2025-03-19T09:00:00.000Z,8741,Península
362991.0,2025-03-19T11:00:00.000+01:00,2025-03-19T10:00:00Z,2025-03-19T10:00:00.000Z,8741,Península
357703.0,2025-03-19T12:00:00.000+01:00,2025-03-19T11:00:00Z,2025-03-19T11:00:00.000Z,8741,Península
355132.0,2025-03-19T13:00:00.000+01:00,2025-03-19T12:00:00Z,2025-03-19T12:00:00.000Z,8741,Península
353077.0,2025-03-19T14:00:00.000+01:00,2025-03-19T13:00:00Z,2025-03-19T13:00:00.000Z,8741,Península
347250.0,2025-03-19T15:00:00.000+01:00,2025-03-19T14:00:00Z,2025-03-19T14:00:00.000Z,8741,Península
344605.0,2025-03-19T16:00:00.000+01:00,2025-03-19T15:00:00Z,2025-03-19T15:00:00.000Z,8741,Península
344025.0,2025-03-19T17:00:00.000+01:00,2025-03-19T16:00:00Z,2025-03-19T16:00:00.000Z,8741,Península
357528.0,2025-03-19T18:00:00.000+01:00,2025-03-19T17:00:00Z,2025-03-19T17:00:00.000Z,8741,Península
384141.0,2025-03-19T19:00:00.000+01:00,2025-03-19T18:00:00Z,2025-03-19T18:00:00.000Z,8741,Península
404673.0,2025-03-19T20:00:00.000+01:00,2025-03-19T19:00:00Z,2025-03-19T19:00:00.000Z,8741,Península
397033.0,2025-03-19T21:00:00.000+01:00,2025-03-19T20:00:00Z,2025-03-19T20:00:00.000Z,8741,Península
360678.0,2025-03-19T22:00:00.000+01:00,2025-03-19T21:00:00Z,2025-03-19T21:00:00.000Z,8741,Península
323046.0,2025-03-19T23:00:00.000+01:00,2025-03-19T22:00:00Z,2025-03-19T22:00:00.000Z,8741,Península
299850.0,2025-03-20T00:00:00.000+01:00,2025-03-19T23:00:00Z,2025-03-19T23:00:00.000Z,8741,Península
275778.0,2025-03-20T01:00:00.000+01:00,2025-03-20T00:00:00Z,2025-03-20T00:00:00.000Z,8741,Península
261612.0,2025-03-20T02:00:00.000+01:00,2025-03-20T01:00:00Z,2025-03-20T01:00:00.000Z,8741,Península
257063.0,2025-03-20T03:00:00.000+01:00,2025-03-20T02:00:00Z,2025-03-20T02:00:00.000Z,8741,Península
256224.0,2025-03-20T04:00:00.000+01:00,2025-03-20T03:00:00Z,2025-03-20T03:00:00.000Z,8741,Península
263478.0,2025-03-20T05:00:00.000+01:00,2025-03-20T04:00:00Z,2025-03-20T04:00:00.000Z,8741,Península
301851.0,2025-03-20T06:00:00.000+01:00,2025-03-20T05:00:00Z,2025-03-20T05:00:00.000Z,8741,Península
345822.0,2025-03-20T07:00:00.000+01:00,2025-03-20T06:00:00Z,2025-03-20T06:00:00.000Z,8741,Península
374904.0,2025-03-20T08:00:00.000+01:00,2025-03-20T07:00:00Z,2025-03-20T07:00:00.000Z,8741,Península
375980.0,2025-03-20T09:00:00.000+01:00,2025-03-20T08:00:00Z,2025-03-20T08:00:00.000Z,8741,Península
377735.0,2025-03-20T10:00:00.000+01:00,2025-03-20T09:00:00Z,2025-03-20T09:00:00.000Z,8741,Península
377739.0,2025-03-20T11:00:00.000+01:00,2025-03-20T10:00:00Z,2025-03-20T10:00:00.000Z,8741,Península
376058.0,2025-03-20T12:00:00.000+01:00,2025-03-20T11:00:00Z,2025-03-20T11:00:00.000Z,8741,Península
373125.0,2025-03-20T13:00:00.000+01:00,2025-03-20T12:00:00Z,2025-03-20T12:00:00.000Z,8741,Península
367056.0,2025-03-20T14:00:00.000+01:00,2025-03-20T13:00:00Z,2025-03-20T13:00:00.000Z,8741,Península
360905.0,2025-03-20T15:00:00.000+01:00,2025-03-20T14:00:00Z,2025-03-20T14:00:00.000Z,8741,Península
359241.0,2025-03-20T16:00:00.000+01:00,2025-03-20T15:00:00Z,2025-03-20T15:00:00.000Z,8741,Península
365532.0,2025-03-20T17:00:00.000+01:00,2025-03-20T16:00:00Z,2025-03-20T16:00:00.000Z,8741,Península
377929.0,2025-03-20T18:00:00.000+01:00,2025-03-20T17:00:00Z,2025-03-20T17:00:00.000Z,8741,Península
402444.0,2025-03-20T19:00:00.000+01:00,2025-03-20T18:00:00Z,2025-03-20T18:00:00.000Z,8741,Península
417620.0,2025-03-20T20:00:00.000+01:00,2025-03-20T19:00:00Z,2025-03-20T19:00:00.000Z,8741,Península
406110.0,2025-03-20T21:00:00.000+01:00,2025-03-20T20:00:00Z,2025-03-20T20:00:00.000Z,8741,Península
368220.0,2025-03-20T22:00:00.000+01:00,2025-03-20T21:00:00Z,2025-03-20T21:00:00.000Z,8741,Península
333624.0,2025-03-20T23:00:00.000+01:00,2025-03-20T22:00:00Z,2025-03-20T22:00:00.000Z,8741,Península
307078.0,2025-03-21T00:00:00.000+01:00,2025-03-20T23:00:00Z,2025-03-20T23:00:00.000Z,8741,Península
287262.0,2025-03-21T01:00:00.000+01:00,2025-03-21T00:00:00Z,2025-03-21T00:00:00.000Z,8741,Península
273423.0,2025-03-21T02:00:00.000+01:00,2025-03-21T01:00:00Z,2025-03-21T01:00:00.000Z,8741,Península
268781.0,2025-03-21T03:00:00.000+01:00,2025-03-21T02:00:00Z,2025-03-21T02:00:00.000Z,8741,Península
266547.0,2025-03-21T04:00:00.000+01:00,2025-03-21T03:00:00Z,2025-03-21T03:00:00.000Z,8741,Península
273861.0,2025-03-21T05:00:00.000+01:00,2025-03-21T04:00:00Z,2025-03-21T04:00:00.000Z,8741,Península
307636.0,2025-03-21T06:00:00.000+01:00,2025-03-21T05:00:00Z,2025-03-21T05:00:00.000Z,8741,Península
352824.0,2025-03-21T07:00:00.000+01:00,2025-03-21T06:00:00Z,2025-03-21T06:00:00.000Z,8741,Península
378353.0,2025-03-21T08:00:00.000+01:00,2025-03-21T07:00:00Z,2025-03-21T07:00:00.000Z,8741,Península
377188.0,2025-03-21T09:00:00.000+01:00,2025-03-21T08:00:00Z,2025-03-21T08:00:00.000Z,8741,Península
372797.0,2025-03-21T10:00:00.000+01:00,2025-03-21T09:00:00Z,2025-03-21T09:00:00.000Z,8741,Península
367598.0,2025-03-21T11:00:00.000+01:00,2025-03-21T10:00:00Z,2025-03-21T10:00:00.000Z,8741,Península
366874.0,2025-03-21T12:00:00.000+01:00,2025-03-21T11:00:00Z,2025-03-21T11:00:00.000Z,8741,Península
366271.0,2025-03-21T13:00:00.000+01:00,2025-03-21T12:00:00Z,2025-03-21T12:00:00.000Z,8741,Península
360888.0,2025-03-21T14:00:00.000+01:00,2025-03-21T13:00:00Z,2025-03-21T13:00:00.000Z,8741,Península
357708.0,2025-03-21T15:00:00.000+01:00,2025-03-21T14:00:00Z,2025-03-21T14:00:00.000Z,8741,Península
356731.0,2025-03-21T16:00:00.000+01:00,2025-03-21T15:00:00Z,2025-03-21T15:00:00.000Z,8741,Península
362363.0,2025-03-21T17:00:00.000+01:00,2025-03-21T16:00:00Z,2025-03-21T16:00:00.000Z,8741,Península
367063.0,2025-03-21T18:00:00.000+01:00,2025-03-21T17:00:00Z,2025-03-21T17:00:00.000Z,8741,Península
386419.0,2025-03-21T19:00:00.000+01:00,2025-03-21T18:00:00Z,2025-03-21T18:00:00.000Z,8741,Península
401555.0,2025-03-21T20:00:00.000+01:00,2025-03-21T19:00:00Z,2025-03-21T19:00:00.000Z,8741,Península
393577.0,2025-03-21T21:00:00.000+01:00,2025-03-21T20:00:00Z,2025-03-21T20:00:00.000Z,8741,Península
358600.0,2025-03-21T22:00:00.000+01:00,2025-03-21T21:00:00Z,2025-03-21T21:00:00.000Z,8741,Península
327195.0,2025-03-21T23:00:00.000+01:00,2025-03-21T22:00:00Z,2025-03-21T22:00:00.000Z,8741,Península
306159.0,2025-03-22T00:00:00.000+01:00,2025-03-21T23:00:00Z,2025-03-21T23:00:00.000Z,8741,Península
285623.0,2025-03-22T01:00:00.000+01:00,2025-03-22T00:00:00Z,2025-03-22T00:00:00.000Z,8741,Península
271907.0,2025-03-22T02:00:00.000+01:00,2025-03-22T01:00:00Z,2025-03-22T01:00:00.000Z,8741,Península
262197.0,2025-03-22T03:00:00.000+01:00,2025-03-22T02:00:00Z,2025-03-22T02:00:00.000Z,8741,Península
256325.0,2025-03-22T04:00:00.000+01:00,2025-03-22T03:00:00Z,2025-03-22T03:00:00.000Z,8741,Península
256059.0,2025-03-22T05:00:00.000+01:00,2025-03-22T04:00:00Z,2025-03-22T04:00:00.000Z,8741,Península
264558.0,2025-03-22T06:00:00.000+01:00,2025-03-22T05:00:00Z,2025-03-22T05:00:00.000Z,8741,Península
276519.0,2025-03-22T07:00:00.000+01:00,2025-03-22T06:00:00Z,2025-03-22T06:00:00.000Z,8741,Península
291566.0,2025-03-22T08:00:00.000+01:00,2025-03-22T07:00:00Z,2025-03-22T07:00:00.000Z,8741,Península
312013.0,2025-03-22T09:00:00.000+01:00,2025-03-22T08:00:00Z,2025-03-22T08:00:00.000Z,8741,Península
318626.0,2025-03-22T10:00:00.000+01:00,2025-03-22T09:00:00Z,2025-03-22T09:00:00.000Z,8741,Península
317720.0,2025-03-22T11:00:00.000+01:00,2025-03-22T10:00:00Z,2025-03-22T10:00:00.000Z,8741,Península
318573.0,2025-03-22T12:00:00.000+01:00,2025-03-22T11:00:00Z,2025-03-22T11:00:00.000Z,8741,Península
320936.0,2025-03-22T13:00:00.000+01:00,2025-03-22T12:00:00Z,2025-03-22T12:00:00.000Z,8741,Península
316163.0,2025-03-22T14:00:00.000+01:00,2025-03-22T13:00:00Z,2025-03-22T13:00:00.000Z,8741,Península
304139.0,2025-03-22T15:00:00.000+01:00,2025-03-22T14:00:00Z,2025-03-22T14:00:00.000Z,8741,Península
300206.0,2025-03-22T16:00:00.000+01:00,2025-03-22T15:00:00Z,2025-03-22T15:00:00.000Z,8741,Península
308529.0,2025-03-22T17:00:00.000+01:00,2025-03-22T16:00:00Z,2025-03-22T16:00:00.000Z,8741,Península
317107.0,2025-03-22T18:00:00.000+01:00,2025-03-22T17:00:00Z,2025-03-22T17:00:00.000Z,8741,Península
340115.0,2025-03-22T19:00:00.000+01:00,2025-03-22T18:00:00Z,2025-03-22T18:00:00.000Z,8741,Península
358220.0,2025-03-22T20:00:00.000+01:00,2025-03-22T19:00:00Z,2025-03-22T19:00:00.000Z,8741,Península
355426.0,2025-03-22T21:00:00.000+01:00,2025-03-22T20:00:00Z,2025-03-22T20:00:00.000Z,8741,Península
335588.0,2025-03-22T22:00:00.000+01:00,2025-03-22T21:00:00Z,2025-03-22T21:00:00.000Z,8741,Península
309581.0,2025-03-22T23:00:00.000+01:00,2025-03-22T22:00:00Z,2025-03-22T22:00:00.000Z,8741,Península
288438.0,2025-03-23T00:00:00.000+01:00,2025-03-22T23:00:00Z,2025-03-22T23:00:00.000Z,8741,Península
268727.0,2025-03-23T01:00:00.000+01:00,2025-03-23T00:00:00Z,2025-03-23T00:00:00.000Z,8741,Península
255168.0,2025-03-23T02:00:00.000+01:00,2025-03-23T01:00:00Z,2025-03-23T01:00:00.000Z,8741,Península
246554.0,2025-03-23T03:00:00.000+01:00,2025-03-23T02:00:00Z,2025-03-23T02:00:00.000Z,8741,Península
242407.0,2025-03-23T04:00:00.000+01:00,2025-03-23T03:00:00Z,2025-03-23T03:00:00.000Z,8741,Península
242270.0,2025-03-23T05:00:00.000+01:00,2025-03-23T04:00:00Z,2025-03-23T04:00:00.000Z,8741,Península
245954.0,2025-03-23T06:00:00.000+01:00,2025-03-23T05:00:00Z,2025-03-23T05:00:00.000Z,8741,Península
249306.0,2025-03-23T07:00:00.000+01:00,2025-03-23T06:00:00Z,2025-03-23T06:00:00.000Z,8741,Península
259529.0,2025-03-23T08:00:00.000+01:00,2025-03-23T07:00:00Z,2025-03-23T07:00:00.000Z,8741,Península
282524.0,2025-03-23T09:00:00.000+01:00,2025-03-23T08:00:00Z,2025-03-23T08:00:00.000Z,8741,Península
296466.0,2025-03-23T10:00:00.000+01:00,2025-03-23T09:00:00Z,2025-03-23T09:00:00.000Z,8741,Península
300726.0,2025-03-23T11:00:00.000+01:00,2025-03-23T10:00:00Z,2025-03-23T10:00:00.000Z,8741,Península
304203.0,2025-03-23T12:00:00.000+01:00,2025-03-23T11:00:00Z,2025-03-23T11:00:00.000Z,8741,Península
313764.0,2025-03-23T13:00:00.000+01:00,2025-03-23T12:00:00Z,2025-03-23T12:00:00.000Z,8741,Península
316392.0,2025-03-23T14:00:00.000+01:00,2025-03-23T13:00:00Z,2025-03-23T13:00:00.000Z,8741,Península
301390.0,2025-03-23T15:00:00.000+01:00,2025-03-23T14:00:00Z,2025-03-23T14:00:00.000Z,8741,Península
297163.0,2025-03-23T16:00:00.000+01:00,2025-03-23T15:00:00Z,2025-03-23T15:00:00.000Z,8741,Península
299225.0,2025-03-23T17:00:00.000+01:00,2025-03-23T16:00:00Z,2025-03-23T16:00:00.000Z,8741,Península
315793.0,2025-03-23T18:00:00.000+01:00,2025-03-23T17:00:00Z,2025-03-23T17:00:00.000Z,8741,Península
346240.0,2025-03-23T19:00:00.000+01:00,2025-03-23T18:00:00Z,2025-03-23T18:00:00.000Z,8741,Península
376516.0,2025-03-23T20:00:00.000+01:00,2025-03-23T19:00:00Z,2025-03-23T19:00:00.000Z,8741,Península
374443.0,2025-03-23T21:00:00.000+01:00,2025-03-23T20:00:00Z,2025-03-23T20:00:00.000Z,8741,Península
351320.0,2025-03-23T22:00:00.000+01:00,2025-03-23T21:00:00Z,2025-03-23T21:00:00.000Z,8741,Península
320047.0,2025-03-23T23:00:00.000+01:00,2025-03-23T22:00:00Z,2025-03-23T22:00:00.000Z,8741,Península
294511.0,2025-03-24T00:00:00.000+01:00,2025-03-23T23:00:00Z,2025-03-23T23:00:00.000Z,8741,Península
276452.0,2025-03-24T01:00:00.000+01:00,2025-03-24T00:00:00Z,2025-03-24T00:00:00.000Z,8741,Península
264929.0,2025-03-24T02:00:00.000+01:00,2025-03-24T01:00:00Z,2025-03-24T01:00:00.000Z,8741,Península
260437.0,2025-03-24T03:00:00.000+01:00,2025-03-24T02:00:00Z,2025-03-24T02:00:00.000Z,8741,Península
262161.0,2025-03-24T04:00:00.000+01:00,2025-03-24T03:00:00Z,2025-03-24T03:00:00.000Z,8741,Península
272364.0,2025-03-24T05:00:00.000+01:00,2025-03-24T04:00:00Z,2025-03-24T04:00:00.000Z,8741,Península
313617.0,2025-03-24T06:00:00.000+01:00,2025-03-24T05:00:00Z,2025-03-24T05:00:00.000Z,8741,Península
360474.0,2025-03-24T07:00:00.000+01:00,2025-03-24T06:00:00Z,2025-03-24T06:00:00.000Z,8741,Península
382333.0,2025-03-24T08:00:00.000+01:00,2025-03-24T07:00:00Z,2025-03-24T07:00:00.000Z,8741,Península
381860.0,2025-03-24T09:00:00.000+01:00,2025-03-24T08:00:00Z,2025-03-24T08:00:00.000Z,8741,Península
378586.0,2025-03-24T10:00:00.000+01:00,2025-03-24T09:00:00Z,2025-03-24T09:00:00.000Z,8741,Península
368830.0,2025-03-24T11:00:00.000+01:00,2025-03-24T10:00:00Z,2025-03-24T10:00:00.000Z,8741,Península
362686.0,2025-03-24T12:00:00.000+01:00,2025-03-24T11:00:00Z,2025-03-24T11:00:00.000Z,8741,Península
367180.0,2025-03-24T13:00:00.000+01:00,2025-03-24T12:00:00Z,2025-03-24T12:00:00.000Z,8741,Península
364489.0,2025-03-24T14:00:00.000+01:00,2025-03-24T13:00:00Z,2025-03-24T13:00:00.000Z,8741,Península
356551.0,2025-03-24T15:00:00.000+01:00,2025-03-24T14:00:00Z,2025-03-24T14:00:00.000Z,8741,Península
352313.0,2025-03-24T16:00:00.000+01:00,2025-03-24T15:00:00Z,2025-03-24T15:00:00.000Z,8741,Península
359636.0,2025-03-24T17:00:00.000+01:00,2025-03-24T16:00:00Z,2025-03-24T16:00:00.000Z,8741,Península
370158.0,2025-03-24T18:00:00.000+01:00,2025-03-24T17:00:00Z,2025-03-24T17:00:00.000Z,8741,Península
401095.0,2025-03-24T19:00:00.000+01:00,2025-03-24T18:00:00Z,2025-03-24T18:00:00.000Z,8741,Península
426192.0,2025-03-24T20:00:00.000+01:00,2025-03-24T19:00:00Z,2025-03-24T19:00:00.000Z,8741,Península
417639.0,2025-03-24T21:00:00.000+01:00,2025-03-24T20:00:00Z,2025-03-24T20:00:00.000Z,8741,Península
380487.0,2025-03-24T22:00:00.000+01:00,2025-03-24T21:00:00Z,2025-03-24T21:00:00.000Z,8741,Península
341849.0,2025-03-24T23:00:00.000+01:00,2025-03-24T22:00:00Z,2025-03-24T22:00:00.000Z,8741,Península
313011.0,2025-03-25T00:00:00.000+01:00,2025-03-24T23:00:00Z,2025-03-24T23:00:00.000Z,8741,Península
293564.0,2025-03-25T01:00:00.000+01:00,2025-03-25T00:00:00Z,2025-03-25T00:00:00.000Z,8741,Península
278278.0,2025-03-25T02:00:00.000+01:00,2025-03-25T01:00:00Z,2025-03-25T01:00:00.000Z,8741,Península
272629.0,2025-03-25T03:00:00.000+01:00,2025-03-25T02:00:00Z,2025-03-25T02:00:00.000Z,8741,Península
273232.0,2025-03-25T04:00:00.000+01:00,2025-03-25T03:00:00Z,2025-03-25T03:00:00.000Z,8741,Península
282104.0,2025-03-25T05:00:00.000+01:00,2025-03-25T04:00:00Z,2025-03-25T04:00:00.000Z,8741,Península
316495.0,2025-03-25T06:00:00.000+01:00,2025-03-25T05:00:00Z,2025-03-25T05:00:00.000Z,8741,Península
359123.0,2025-03-25T07:00:00.000+01:00,2025-03-25T06:00:00Z,2025-03-25T06:00:00.000Z,8741,Península
376975.0,2025-03-25T08:00:00.000+01:00,2025-03-25T07:00:00Z,2025-03-25T07:00:00.000Z,8741,Península
368849.0,2025-03-25T09:00:00.000+01:00,2025-03-25T08:00:00Z,2025-03-25T08:00:00.000Z,8741,Península
360120.0,2025-03-25T10:00:00.000+01:00,2025-03-25T09:00:00Z,2025-03-25T09:00:00.000Z,8741,Península
353152.0,2025-03-25T11:00:00.000+01:00,2025-03-25T10:00:00Z,2025-03-25T10:00:00.000Z,8741,Península
350625.0,2025-03-25T12:00:00.000+01:00,2025-03-25T11:00:00Z,2025-03-25T11:00:00.000Z,8741,Península
353657.0,2025-03-25T13:00:00.000+01:00,2025-03-25T12:00:00Z,2025-03-25T12:00:00.000Z,8741,Península
354198.0,2025-03-25T14:00:00.000+01:00,2025-03-25T13:00:00Z,2025-03-25T13:00:00.000Z,8741,Península
353257.0,2025-03-25T15:00:00.000+01:00,2025-03-25T14:00:00Z,2025-03-25T14:00:00.000Z,8741,Península
348350.0,2025-03-25T16:00:00.000+01:00,2025-03-25T15:00:00Z,2025-03-25T15:00:00.000Z,8741,Península
357272.0,2025-03-25T17:00:00.000+01:00,2025-03-25T16:00:00Z,2025-03-25T16:00:00.000Z,8741,Península
363907.0,2025-03-25T18:00:00.000+01:00,2025-03-25T17:00:00Z,2025-03-25T17:00:00.000Z,8741,Península
390943.0,2025-03-25T19:00:00.000+01:00,2025-03-25T18:00:00Z,2025-03-25T18:00:00.000Z,8741,Península
421306.0,2025-03-25T20:00:00.000+01:00,2025-03-25T19:00:00Z,2025-03-25T19:00:00.000Z,8741,Península
416069.0,2025-03-25T21:00:00.000+01:00,2025-03-25T20:00:00Z,2025-03-25T20:00:00.000Z,8741,Península
375958.0,2025-03-25T22:00:00.000+01:00,2025-03-25T21:00:00Z,2025-03-25T21:00:00.000Z,8741,Península
336891.0,2025-03-25T23:00:00.000+01:00,2025-03-25T22:00:00Z,2025-03-25T22:00:00.000Z,8741,Península
311448.0,2025-03-26T00:00:00.000+01:00,2025-03-25T23:00:00Z,2025-03-25T23:00:00.000Z,8741,Península
290382.0,2025-03-26T01:00:00.000+01:00,2025-03-26T00:00:00Z,2025-03-26T00:00:00.000Z,8741,Península
278302.0,2025-03-26T02:00:00.000+01:00,2025-03-26T01:00:00Z,2025-03-26T01:00:00.000Z,8741,Península
273567.0,2025-03-26T03:00:00.000+01:00,2025-03-26T02:00:00Z,2025-03-26T02:00:00.000Z,8741,Península
272486.0,2025-03-26T04:00:00.000+01:00,2025-03-26T03:00:00Z,2025-03-26T03:00:00.000Z,8741,Península
280500.0,2025-03-26T05:00:00.000+01:00,2025-03-26T04:00:00Z,2025-03-26T04:00:00.000Z,8741,Península
314215.0,2025-03-26T06:00:00.000+01:00,2025-03-26T05:00:00Z,2025-03-26T05:00:00.000Z,8741,Península
356627.0,2025-03-26T07:00:00.000+01:00,2025-03-26T06:00:00Z,2025-03-26T06:00:00.000Z,8741,Península
373377.0,2025-03-26T08:00:00.000+01:00,2025-03-26T07:00:00Z,2025-03-26T07:00:00.000Z,8741,Península
360279.0,2025-03-26T09:00:00.000+01:00,2025-03-26T08:00:00Z,2025-03-26T08:00:00.000Z,8741,Península
349433.0,2025-03-26T10:00:00.000+01:00,2025-03-26T09:00:00Z,2025-03-26T09:00:00.000Z,8741,Península
337761.0,2025-03-26T11:00:00.000+01:00,2025-03-26T10:00:00Z,2025-03-26T10:00:00.000Z,8741,Península
331428.0,2025-03-26T12:00:00.000+01:00,2025-03-26T11:00:00Z,2025-03-26T11:00:00.000Z,8741,Península
334172.0,2025-03-26T13:00:00.000+01:00,2025-03-26T12:00:00Z,2025-03-26T12:00:00.000Z,8741,Península
339970.0,2025-03-26T14:00:00.000+01:00,2025-03-26T13:00:00Z,2025-03-26T13:00:00.000Z,8741,Península
337652.0,2025-03-26T15:00:00.000+01:00,2025-03-26T14:00:00Z,2025-03-26T14:00:00.000Z,8741,Península
334569.0,2025-03-26T16:00:00.000+01:00,2025-03-26T15:00:00Z,2025-03-26T15:00:00.000Z,8741,Península
343858.0,2025-03-26T17:00:00.000+01:00,2025-03-26T16:00:00Z,2025-03-26T16:00:00.000Z,8741,Península
356184.0,2025-03-26T18:00:00.000+01:00,2025-03-26T17:00:00Z,2025-03-26T17:00:00.000Z,8741,Península
383281.0,2025-03-26T19:00:00.000+01:00,2025-03-26T18:00:00Z,2025-03-26T18:00:00.000Z,8741,Península
411890.0,2025-03-26T20:00:00.000+01:00,2025-03-26T19:00:00Z,2025-03-26T19:00:00.000Z,8741,Península
403185.0,2025-03-26T21:00:00.000+01:00,2025-03-26T20:00:00Z,2025-03-26T20:00:00.000Z,8741,Península
365350.0,2025-03-26T22:00:00.000+01:00,2025-03-26T21:00:00Z,2025-03-26T21:00:00.000Z,8741,Península
328713.0,2025-03-26T23:00:00.000+01:00,2025-03-26T22:00:00Z,2025-03-26T22:00:00.000Z,8741,Península
304631.0,2025-03-27T00:00:00.000+01:00,2025-03-26T23:00:00Z,2025-03-26T23:00:00.000Z,8741,Península
285034.0,2025-03-27T01:00:00.000+01:00,2025-03-27T00:00:00Z,2025-03-27T00:00:00.000Z,8741,Península
271253.0,2025-03-27T02:00:00.000+01:00,2025-03-27T01:00:00Z,2025-03-27T01:00:00.000Z,8741,Península
266414.0,2025-03-27T03:00:00.000+01:00,2025-03-27T02:00:00Z,2025-03-27T02:00:00.000Z,8741,Península
266955.0,2025-03-27T04:00:00.000+01:00,2025-03-27T03:00:00Z,2025-03-27T03:00:00.000Z,8741,Península
276918.0,2025-03-27T05:00:00.000+01:00,2025-03-27T04:00:00Z,2025-03-27T04:00:00.000Z,8741,Península
310680.0,2025-03-27T06:00:00.000+01:00,2025-03-27T05:00:00Z,2025-03-27T05:00:00.000Z,8741,Península
350926.0,2025-03-27T07:00:00.000+01:00,2025-03-27T06:00:00Z,2025-03-27T06:00:00.000Z,8741,Península
365216.0,2025-03-27T08:00:00.000+01:00,2025-03-27T07:00:00Z,2025-03-27T07:00:00.000Z,8741,Península
355666.0,2025-03-27T09:00:00.000+01:00,2025-03-27T08:00:00Z,2025-03-27T08:00:00.000Z,8741,Península
343643.0,2025-03-27T10:00:00.000+01:00,2025-03-27T09:00:00Z,2025-03-27T09:00:00.000Z,8741,Península
333201.0,2025-03-27T11:00:00.000+01:00,2025-03-27T10:00:00Z,2025-03-27T10:00:00.000Z,8741,Península
329529.0,2025-03-27T12:00:00.000+01:00,2025-03-27T11:00:00Z,2025-03-27T11:00:00.000Z,8741,Península
332769.0,2025-03-27T13:00:00.000+01:00,2025-03-27T12:00:00Z,2025-03-27T12:00:00.000Z,8741,Península
333299.0,2025-03-27T14:00:00.000+01:00,2025-03-27T13:00:00Z,2025-03-27T13:00:00.000Z,8741,Península
329910.0,2025-03-27T15:00:00.000+01:00,2025-03-27T14:00:00Z,2025-03-27T14:00:00.000Z,8741,Península
329483.0,2025-03-27T16:00:00.000+01:00,2025-03-27T15:00:00Z,2025-03-27T15:00:00.000Z,8741,Península
339561.0,2025-03-27T17:00:00.000+01:00,2025-03-27T16:00:00Z,2025-03-27T16:00:00.000Z,8741,Península
351520.0,2025-03-27T18:00:00.000+01:00,2025-03-27T17:00:00Z,2025-03-27T17:00:00.000Z,8741,Península
380392.0,2025-03-27T19:00:00.000+01:00,2025-03-27T18:00:00Z,2025-03-27T18:00:00.000Z,8741,Península
408692.0,2025-03-27T20:00:00.000+01:00,2025-03-27T19:00:00Z,2025-03-27T19:00:00.000Z,8741,Península
401039.0,2025-03-27T21:00:00.000+01:00,2025-03-27T20:00:00Z,2025-03-27T20:00:00.000Z,8741,Península
362559.0,2025-03-27T22:00:00.000+01:00,2025-03-27T21:00:00Z,2025-03-27T21:00:00.000Z,8741,Península
329581.0,2025-03-27T23:00:00.000+01:00,2025-03-27T22:00:00Z,2025-03-27T22:00:00.000Z,8741,Península
303806.0,2025-03-28T00:00:00.000+01:00,2025-03-27T23:00:00Z,2025-03-27T23:00:00.000Z,8741,Península
284086.0,2025-03-28T01:00:00.000+01:00,2025-03-28T00:00:00Z,2025-03-28T00:00:00.000Z,8741,Península
271444.0,2025-03-28T02:00:00.000+01:00,2025-03-28T01:00:00Z,2025-03-28T01:00:00.000Z,8741,Península
266704.0,2025-03-28T03:00:00.000+01:00,2025-03-28T02:00:00Z,2025-03-28T02:00:00.000Z,8741,Península
267401.0,2025-03-28T04:00:00.000+01:00,2025-03-28T03:00:00Z,2025-03-28T03:00:00.000Z,8741,Península
275511.0,2025-03-28T05:00:00.000+01:00,2025-03-28T04:00:00Z,2025-03-28T04:00:00.000Z,8741,Península
308137.0,2025-03-28T06:00:00.000+01:00,2025-03-28T05:00:00Z,2025-03-28T05:00:00.000Z,8741,Península
346698.0,2025-03-28T07:00:00.000+01:00,2025-03-28T06:00:00Z,2025-03-28T06:00:00.000Z,8741,Península
358620.0,2025-03-28T08:00:00.000+01:00,2025-03-28T07:00:00Z,2025-03-28T07:00:00.000Z,8741,Península
349182.0,2025-03-28T09:00:00.000+01:00,2025-03-28T08:00:00Z,2025-03-28T08:00:00.000Z,8741,Península
332397.0,2025-03-28T10:00:00.000+01:00,2025-03-28T09:00:00Z,2025-03-28T09:00:00.000Z,8741,Península
320970.0,2025-03-28T11:00:00.000+01:00,2025-03-28T10:00:00Z,2025-03-28T10:00:00.000Z,8741,Península
315568.0,2025-03-28T12:00:00.000+01:00,2025-03-28T11:00:00Z,2025-03-28T11:00:00.000Z,8741,Península
314021.0,2025-03-28T13:00:00.000+01:00,2025-03-28T12:00:00Z,2025-03-28T12:00:00.000Z,8741,Península
309630.0,2025-03-28T14:00:00.000+01:00,2025-03-28T13:00:00Z,2025-03-28T13:00:00.000Z,8741,Península
303371.0,2025-03-28T15:00:00.000+01:00,2025-03-28T14:00:00Z,2025-03-28T14:00:00.000Z,8741,Península
304180.0,2025-03-28T16:00:00.000+01:00,2025-03-28T15:00:00Z,2025-03-28T15:00:00.000Z,8741,Península
318088.0,2025-03-28T17:00:00.000+01:00,2025-03-28T16:00:00Z,2025-03-28T16:00:00.000Z,8741,Península
337293.0,2025-03-28T18:00:00.000+01:00,2025-03-28T17:00:00Z,2025-03-28T17:00:00.000Z,8741,Península
360989.0,2025-03-28T19:00:00.000+01:00,2025-03-28T18:00:00Z,2025-03-28T18:00:00.000Z,8741,Península
386572.0,2025-03-28T20:00:00.000+01:00,2025-03-28T19:00:00Z,2025-03-28T19:00:00.000Z,8741,Península
378005.0,2025-03-28T21:00:00.000+01:00,2025-03-28T20:00:00Z,2025-03-28T20:00:00.000Z,8741,Península
348838.0,2025-03-28T22:00:00.000+01:00,2025-03-28T21:00:00Z,2025-03-28T21:00:00.000Z,8741,Península
319298.0,2025-03-28T23:00:00.000+01:00,2025-03-28T22:00:00Z,2025-03-28T22:00:00.000Z,8741,Península
296633.0,2025-03-29T00:00:00.000+01:00,2025-03-28T23:00:00Z,2025-03-28T23:00:00.000Z,8741,Península
278866.0,2025-03-29T01:00:00.000+01:00,2025-03-29T00:00:00Z,2025-03-29T00:00:00.000Z,8741,Península
264718.0,2025-03-29T02:00:00.000+01:00,2025-03-29T01:00:00Z,2025-03-29T01:00:00.000Z,8741,Península
256457.0,2025-03-29T03:00:00.000+01:00,2025-03-29T02:00:00Z,2025-03-29T02:00:00.000Z,8741,Península
251328.0,2025-03-29T04:00:00.000+01:00,2025-03-29T03:00:00Z,2025-03-29T03:00:00.000Z,8741,Península
252257.0,2025-03-29T05:00:00.000+01:00,2025-03-29T04:00:00Z,2025-03-29T04:00:00.000Z,8741,Península
260586.0,2025-03-29T06:00:00.000+01:00,2025-03-29T05:00:00Z,2025-03-29T05:00:00.000Z,8741,Península
267254.0,2025-03-29T07:00:00.000+01:00,2025-03-29T06:00:00Z,2025-03-29T06:00:00.000Z,8741,Península
273969.0,2025-03-29T08:00:00.000+01:00,2025-03-29T07:00:00Z,2025-03-29T07:00:00.000Z,8741,Península
274380.0,2025-03-29T09:00:00.000+01:00,2025-03-29T08:00:00Z,2025-03-29T08:00:00.000Z,8741,Península
273610.0,2025-03-29T10:00:00.000+01:00,2025-03-29T09:00:00Z,2025-03-29T09:00:00.000Z,8741,Península
276281.0,2025-03-29T11:00:00.000+01:00,2025-03-29T10:00:00Z,2025-03-29T10:00:00.000Z,8741,Península
267237.0,2025-03-29T12:00:00.000+01:00,2025-03-29T11:00:00Z,2025-03-29T11:00:00.000Z,8741,Península
263141.0,2025-03-29T13:00:00.000+01:00,2025-03-29T12:00:00Z,2025-03-29T12:00:00.000Z,8741,Península
259544.0,2025-03-29T14:00:00.000+01:00,2025-03-29T13:00:00Z,2025-03-29T13:00:00.000Z,8741,Península
249874.0,2025-03-29T15:00:00.000+01:00,2025-03-29T14:00:00Z,2025-03-29T14:00:00.000Z,8741,Península
250289.0,2025-03-29T16:00:00.000+01:00,2025-03-29T15:00:00Z,2025-03-29T15:00:00.000Z,8741,Península
263459.0,2025-03-29T17:00:00.000+01:00,2025-03-29T16:00:00Z,2025-03-29T16:00:00.000Z,8741,Península
287999.0,2025-03-29T18:00:00.000+01:00,2025-03-29T17:00:00Z,2025-03-29T17:00:00.000Z,8741,Península
314856.0,2025-03-29T19:00:00.000+01:00,2025-03-29T18:00:00Z,2025-03-29T18:00:00.000Z,8741,Península
339453.0,2025-03-29T20:00:00.000+01:00,2025-03-29T19:00:00Z,2025-03-29T19:00:00.000Z,8741,Península
340475.0,2025-03-29T21:00:00.000+01:00,2025-03-29T20:00:00Z,2025-03-29T20:00:00.000Z,8741,Península
317806.0,2025-03-29T22:00:00.000+01:00,2025-03-29T21:00:00Z,2025-03-29T21:00:00.000Z,8741,Península
294103.0,2025-03-29T23:00:00.000+01:00,2025-03-29T22:00:00Z,2025-03-29T22:00:00.000Z,8741,Península
270493.0,2025-03-30T00:00:00.000+01:00,2025-03-29T23:00:00Z,2025-03-29T23:00:00.000Z,8741,Península
252868.0,2025-03-30T01:00:00.000+01:00,2025-03-30T00:00:00Z,2025-03-30T00:00:00.000Z,8741,Península
241567.0,2025-03-30T03:00:00.000+02:00,2025-03-30T01:00:00Z,2025-03-30T01:00:00.000Z,8741,Península
234221.0,2025-03-30T04:00:00.000+02:00,2025-03-30T02:00:00Z,2025-03-30T02:00:00.000Z,8741,Península
235130.0,2025-03-30T05:00:00.000+02:00,2025-03-30T03:00:00Z,2025-03-30T03:00:00.000Z,8741,Península
239214.0,2025-03-30T06:00:00.000+02:00,2025-03-30T04:00:00Z,2025-03-30T04:00:00.000Z,8741,Península
248623.0,2025-03-30T07:00:00.000+02:00,2025-03-30T05:00:00Z,2025-03-30T05:00:00.000Z,8741,Península
249789.0,2025-03-30T08:00:00.000+02:00,2025-03-30T06:00:00Z,2025-03-30T06:00:00.000Z,8741,Península
251137.0,2025-03-30T09:00:00.000+02:00,2025-03-30T07:00:00Z,2025-03-30T07:00:00.000Z,8741,Península
250377.0,2025-03-30T10:00:00.000+02:00,2025-03-30T08:00:00Z,2025-03-30T08:00:00.000Z,8741,Península
246185.0,2025-03-30T11:00:00.000+02:00,2025-03-30T09:00:00Z,2025-03-30T09:00:00.000Z,8741,Península
240784.0,2025-03-30T12:00:00.000+02:00,2025-03-30T10:00:00Z,2025-03-30T10:00:00.000Z,8741,Península
239664.0,2025-03-30T13:00:00.000+02:00,2025-03-30T11:00:00Z,2025-03-30T11:00:00.000Z,8741,Península
239123.0,2025-03-30T14:00:00.000+02:00,2025-03-30T12:00:00Z,2025-03-30T12:00:00.000Z,8741,Península
226248.0,2025-03-30T15:00:00.000+02:00,2025-03-30T13:00:00Z,2025-03-30T13:00:00.000Z,8741,Península
221308.0,2025-03-30T16:00:00.000+02:00,2025-03-30T14:00:00Z,2025-03-30T14:00:00.000Z,8741,Península
227112.0,2025-03-30T17:00:00.000+02:00,2025-03-30T15:00:00Z,2025-03-30T15:00:00.000Z,8741,Península
246964.0,2025-03-30T18:00:00.000+02:00,2025-03-30T16:00:00Z,2025-03-30T16:00:00.000Z,8741,Península
276813.0,2025-03-30T19:00:00.000+02:00,2025-03-30T17:00:00Z,2025-03-30T17:00:00.000Z,8741,Península
314372.0,2025-03-30T20:00:00.000+02:00,2025-03-30T18:00:00Z,2025-03-30T18:00:00.000Z,8741,Península
344946.0,2025-03-30T21:00:00.000+02:00,2025-03-30T19:00:00Z,2025-03-30T19:00:00.000Z,8741,Península
328511.0,2025-03-30T22:00:00.000+02:00,2025-03-30T20:00:00Z,2025-03-30T20:00:00.000Z,8741,Península
299089.0,2025-03-30T23:00:00.000+02:00,2025-03-30T21:00:00Z,2025-03-30T21:00:00.000Z,8741,Península
275348.0,2025-03-31T00:00:00.000+02:00,2025-03-30T22:00:00Z,2025-03-30T22:00:00.000Z,8741,Península
257636.0,2025-03-31T01:00:00.000+02:00,2025-03-30T23:00:00Z,2025-03-30T23:00:00.000Z,8741,Península
245681.0,2025-03-31T02:00:00.000+02:00,2025-03-31T00:00:00Z,2025-03-31T00:00:00.000Z,8741,Península
241870.0,2025-03-31T03:00:00.000+02:00,2025-03-31T01:00:00Z,2025-03-31T01:00:00.000Z,8741,Península
242878.0,2025-03-31T04:00:00.000+02:00,2025-03-31T02:00:00Z,2025-03-31T02:00:00.000Z,8741,Península
253853.0,2025-03-31T05:00:00.000+02:00,2025-03-31T03:00:00Z,2025-03-31T03:00:00.000Z,8741,Península
291795.0,2025-03-31T06:00:00.000+02:00,2025-03-31T04:00:00Z,2025-03-31T04:00:00.000Z,8741,Península
341229.0,2025-03-31T07:00:00.000+02:00,2025-03-31T05:00:00Z,2025-03-31T05:00:00.000Z,8741,Península
366185.0,2025-03-31T08:00:00.000+02:00,2025-03-31T06:00:00Z,2025-03-31T06:00:00.000Z,8741,Península
357960.0,2025-03-31T09:00:00.000+02:00,2025-03-31T07:00:00Z,2025-03-31T07:00:00.000Z,8741,Península
341441.0,2025-03-31T10:00:00.000+02:00,2025-03-31T08:00:00Z,2025-03-31T08:00:00.000Z,8741,Península
324235.0,2025-03-31T11:00:00.000+02:00,2025-03-31T09:00:00Z,2025-03-31T09:00:00.000Z,8741,Península
312058.0,2025-03-31T12:00:00.000+02:00,2025-03-31T10:00:00Z,2025-03-31T10:00:00.000Z,8741,Península
307178.0,2025-03-31T13:00:00.000+02:00,2025-03-31T11:00:00Z,2025-03-31T11:00:00.000Z,8741,Península
302588.0,2025-03-31T14:00:00.000+02:00,2025-03-31T12:00:00Z,2025-03-31T12:00:00.000Z,8741,Península
294036.0,2025-03-31T15:00:00.000+02:00,2025-03-31T13:00:00Z,2025-03-31T13:00:00.000Z,8741,Península
288194.0,2025-03-31T16:00:00.000+02:00,2025-03-31T14:00:00Z,2025-03-31T14:00:00.000Z,8741,Península
295126.0,2025-03-31T17:00:00.000+02:00,2025-03-31T15:00:00Z,2025-03-31T15:00:00.000Z,8741,Península
311590.0,2025-03-31T18:00:00.000+02:00,2025-03-31T16:00:00Z,2025-03-31T16:00:00.000Z,8741,Península
335488.0,2025-03-31T19:00:00.000+02:00,2025-03-31T17:00:00Z,2025-03-31T17:00:00.000Z,8741,Península
361870.0,2025-03-31T20:00:00.000+02:00,2025-03-31T18:00:00Z,2025-03-31T18:00:00.000Z,8741,Península
382642.0,2025-03-31T21:00:00.000+02:00,2025-03-31T19:00:00Z,2025-03-31T19:00:00.000Z,8741,Península
350326.0,2025-03-31T22:00:00.000+02:00,2025-03-31T20:00:00Z,2025-03-31T20:00:00.000Z,8741,Península
317586.0,2025-03-31T23:00:00.000+02:00,2025-03-31T21:00:00Z,2025-03-31T21:00:00.000Z,8741,Península
295707.0,2025-04-01T00:00:00.000+02:00,2025-03-31T22:00:00Z,2025-03-31T22:00:00.000Z,8741,Península
278273.0,2025-04-01T01:00:00.000+02:00,2025-03-31T23:00:00Z,2025-03-31T23:00:00.000Z,8741,Península
265729.0,2025-04-01T02:00:00.000+02:00,2025-04-01T00:00:00Z,2025-04-01T00:00:00.000Z,8741,Península
261546.0,2025-04-01T03:00:00.000+02:00,2025-04-01T01:00:00Z,2025-04-01T01:00:00.000Z,8741,Península
260943.0,2025-04-01T04:00:00.000+02:00,2025-04-01T02:00:00Z,2025-04-01T02:00:00.000Z,8741,Península
266830.0,2025-04-01T05:00:00.000+02:00,2025-04-01T03:00:00Z,2025-04-01T03:00:00.000Z,8741,Península
299019.0,2025-04-01T06:00:00.000+02:00,2025-04-01T04:00:00Z,2025-04-01T04:00:00.000Z,8741,Península
344741.0,2025-04-01T07:00:00.000+02:00,2025-04-01T05:00:00Z,2025-04-01T05:00:00.000Z,8741,Península
362390.0,2025-04-01T08:00:00.000+02:00,2025-04-01T06:00:00Z,2025-04-01T06:00:00.000Z,8741,Península
356330.0,2025-04-01T09:00:00.000+02:00,2025-04-01T07:00:00Z,2025-04-01T07:00:00.000Z,8741,Península
333475.0,2025-04-01T10:00:00.000+02:00,2025-04-01T08:00:00Z,2025-04-01T08:00:00.000Z,8741,Península
313399.0,2025-04-01T11:00:00.000+02:00,2025-04-01T09:00:00Z,2025-04-01T09:00:00.000Z,8741,Península
304404.0,2025-04-01T12:00:00.000+02:00,2025-04-01T10:00:00Z,2025-04-01T10:00:00.000Z,8741,Península
309781.0,2025-04-01T13:00:00.000+02:00,2025-04-01T11:00:00Z,2025-04-01T11:00:00.000Z,8741,Península
304584.0,2025-04-01T14:00:00.000+02:00,2025-04-01T12:00:00Z,2025-04-01T12:00:00.000Z,8741,Península
293051.0,2025-04-01T15:00:00.000+02:00,2025-04-01T13:00:00Z,2025-04-01T13:00:00.000Z,8741,Península
290756.0,2025-04-01T16:00:00.000+02:00,2025-04-01T14:00:00Z,2025-04-01T14:00:00.000Z,8741,Península
300240.0,2025-04-01T17:00:00.000+02:00,2025-04-01T15:00:00Z,2025-04-01T15:00:00.000Z,8741,Península
313098.0,2025-04-01T18:00:00.000+02:00,2025-04-01T16:00:00Z,2025-04-01T16:00:00.000Z,8741,Península
335446.0,2025-04-01T19:00:00.000+02:00,2025-04-01T17:00:00Z,2025-04-01T17:00:00.000Z,8741,Península
369691.0,2025-04-01T20:00:00.000+02:00,2025-04-01T18:00:00Z,2025-04-01T18:00:00.000Z,8741,Península
390568.0,2025-04-01T21:00:00.000+02:00,2025-04-01T19:00:00Z,2025-04-01T19:00:00.000Z,8741,Península
355902.0,2025-04-01T22:00:00.000+02:00,2025-04-01T20:00:00Z,2025-04-01T20:00:00.000Z,8741,Península
321054.0,2025-04-01T23:00:00.000+02:00,2025-04-01T21:00:00Z,2025-04-01T21:00:00.000Z,8741,Península
295609.0,2025-04-02T00:00:00.000+02:00,2025-04-01T22:00:00Z,2025-04-01T22:00:00.000Z,8741,Península
277897.0,2025-04-02T01:00:00.000+02:00,2025-04-01T23:00:00Z,2025-04-01T23:00:00.000Z,8741,Península
265781.0,2025-04-02T02:00:00.000+02:00,2025-04-02T00:00:00Z,2025-04-02T00:00:00.000Z,8741,Península
260459.0,2025-04-02T03:00:00.000+02:00,2025-04-02T01:00:00Z,2025-04-02T01:00:00.000Z,8741,Península
259443.0,2025-04-02T04:00:00.000+02:00,2025-04-02T02:00:00Z,2025-04-02T02:00:00.000Z,8741,Península
266922.0,2025-04-02T05:00:00.000+02:00,2025-04-02T03:00:00Z,2025-04-02T03:00:00.000Z,8741,Península
301552.0,2025-04-02T06:00:00.000+02:00,2025-04-02T04:00:00Z,2025-04-02T04:00:00.000Z,8741,Península
347664.0,2025-04-02T07:00:00.000+02:00,2025-04-02T05:00:00Z,2025-04-02T05:00:00.000Z,8741,Península
369566.0,2025-04-02T08:00:00.000+02:00,2025-04-02T06:00:00Z,2025-04-02T06:00:00.000Z,8741,Península
370719.0,2025-04-02T09:00:00.000+02:00,2025-04-02T07:00:00Z,2025-04-02T07:00:00.000Z,8741,Península
362779.0,2025-04-02T10:00:00.000+02:00,2025-04-02T08:00:00Z,2025-04-02T08:00:00.000Z,8741,Península
351820.0,2025-04-02T11:00:00.000+02:00,2025-04-02T09:00:00Z,2025-04-02T09:00:00.000Z,8741,Península
345233.0,2025-04-02T12:00:00.000+02:00,2025-04-02T10:00:00Z,2025-04-02T10:00:00.000Z,8741,Península
343551.0,2025-04-02T13:00:00.000+02:00,2025-04-02T11:00:00Z,2025-04-02T11:00:00.000Z,8741,Península
338169.0,2025-04-02T14:00:00.000+02:00,2025-04-02T12:00:00Z,2025-04-02T12:00:00.000Z,8741,Península
333749.0,2025-04-02T15:00:00.000+02:00,2025-04-02T13:00:00Z,2025-04-02T13:00:00.000Z,8741,Península
329606.0,2025-04-02T16:00:00.000+02:00,2025-04-02T14:00:00Z,2025-04-02T14:00:00.000Z,8741,Península
333532.0,2025-04-02T17:00:00.000+02:00,2025-04-02T15:00:00Z,2025-04-02T15:00:00.000Z,8741,Península
337575.0,2025-04-02T18:00:00.000+02:00,2025-04-02T16:00:00Z,2025-04-02T16:00:00.000Z,8741,Península
356196.0,2025-04-02T19:00:00.000+02:00,2025-04-02T17:00:00Z,2025-04-02T17:00:00.000Z,8741,Península
383669.0,2025-04-02T20:00:00.000+02:00,2025-04-02T18:00:00Z,2025-04-02T18:00:00.000Z,8741,Península
393220.0,2025-04-02T21:00:00.000+02:00,2025-04-02T19:00:00Z,2025-04-02T19:00:00.000Z,8741,Península
357365.0,2025-04-02T22:00:00.000+02:00,2025-04-02T20:00:00Z,2025-04-02T20:00:00.000Z,8741,Península
322387.0,2025-04-02T23:00:00.000+02:00,2025-04-02T21:00:00Z,2025-04-02T21:00:00.000Z,8741,Península
297146.0,2025-04-03T00:00:00.000+02:00,2025-04-02T22:00:00Z,2025-04-02T22:00:00.000Z,8741,Península
278898.0,2025-04-03T01:00:00.000+02:00,2025-04-02T23:00:00Z,2025-04-02T23:00:00.000Z,8741,Península
265680.0,2025-04-03T02:00:00.000+02:00,2025-04-03T00:00:00Z,2025-04-03T00:00:00.000Z,8741,Península
262748.0,2025-04-03T03:00:00.000+02:00,2025-04-03T01:00:00Z,2025-04-03T01:00:00.000Z,8741,Península
261278.0,2025-04-03T04:00:00.000+02:00,2025-04-03T02:00:00Z,2025-04-03T02:00:00.000Z,8741,Península
268698.0,2025-04-03T05:00:00.000+02:00,2025-04-03T03:00:00Z,2025-04-03T03:00:00.000Z,8741,Península
301359.0,2025-04-03T06:00:00.000+02:00,2025-04-03T04:00:00Z,2025-04-03T04:00:00.000Z,8741,Península
347584.0,2025-04-03T07:00:00.000+02:00,2025-04-03T05:00:00Z,2025-04-03T05:00:00.000Z,8741,Península
369982.0,2025-04-03T08:00:00.000+02:00,2025-04-03T06:00:00Z,2025-04-03T06:00:00.000Z,8741,Península
377388.0,2025-04-03T09:00:00.000+02:00,2025-04-03T07:00:00Z,2025-04-03T07:00:00.000Z,8741,Península
376384.0,2025-04-03T10:00:00.000+02:00,2025-04-03T08:00:00Z,2025-04-03T08:00:00.000Z,8741,Península
367860.0,2025-04-03T11:00:00.000+02:00,2025-04-03T09:00:00Z,2025-04-03T09:00:00.000Z,8741,Península
365845.0,2025-04-03T12:00:00.000+02:00,2025-04-03T10:00:00Z,2025-04-03T10:00:00.000Z,8741,Península
367801.0,2025-04-03T13:00:00.000+02:00,2025-04-03T11:00:00Z,2025-04-03T11:00:00.000Z,8741,Península
357653.0,2025-04-03T14:00:00.000+02:00,2025-04-03T12:00:00Z,2025-04-03T12:00:00.000Z,8741,Península
347015.0,2025-04-03T15:00:00.000+02:00,2025-04-03T13:00:00Z,2025-04-03T13:00:00.000Z,8741,Península
339341.0,2025-04-03T16:00:00.000+02:00,2025-04-03T14:00:00Z,2025-04-03T14:00:00.000Z,8741,Península
337415.0,2025-04-03T17:00:00.000+02:00,2025-04-03T15:00:00Z,2025-04-03T15:00:00.000Z,8741,Península
343581.0,2025-04-03T18:00:00.000+02:00,2025-04-03T16:00:00Z,2025-04-03T16:00:00.000Z,8741,Península
359314.0,2025-04-03T19:00:00.000+02:00,2025-04-03T17:00:00Z,2025-04-03T17:00:00.000Z,8741,Península
385749.0,2025-04-03T20:00:00.000+02:00,2025-04-03T18:00:00Z,2025-04-03T18:00:00.000Z,8741,Península
396865.0,2025-04-03T21:00:00.000+02:00,2025-04-03T19:00:00Z,2025-04-03T19:00:00.000Z,8741,Península
363048.0,2025-04-03T22:00:00.000+02:00,2025-04-03T20:00:00Z,2025-04-03T20:00:00.000Z,8741,Península
325301.0,2025-04-03T23:00:00.000+02:00,2025-04-03T21:00:00Z,2025-04-03T21:00:00.000Z,8741,Península
302713.0,2025-04-04T00:00:00.000+02:00,2025-04-03T22:00:00Z,2025-04-03T22:00:00.000Z,8741,Península
284860.0,2025-04-04T01:00:00.000+02:00,2025-04-03T23:00:00Z,2025-04-03T23:00:00.000Z,8741,Península
273080.0,2025-04-04T02:00:00.000+02:00,2025-04-04T00:00:00Z,2025-04-04T00:00:00.000Z,8741,Península
267347.0,2025-04-04T03:00:00.000+02:00,2025-04-04T01:00:00Z,2025-04-04T01:00:00.000Z,8741,Península
265777.0,2025-04-04T04:00:00.000+02:00,2025-04-04T02:00:00Z,2025-04-04T02:00:00.000Z,8741,Península
273161.0,2025-04-04T05:00:00.000+02:00,2025-04-04T03:00:00Z,2025-04-04T03:00:00.000Z,8741,Península
306815.0,2025-04-04T06:00:00.000+02:00,2025-04-04T04:00:00Z,2025-04-04T04:00:00.000Z,8741,Península
353089.0,2025-04-04T07:00:00.000+02:00,2025-04-04T05:00:00Z,2025-04-04T05:00:00.000Z,8741,Península
375825.0,2025-04-04T08:00:00.000+02:00,2025-04-04T06:00:00Z,2025-04-04T06:00:00.000Z,8741,Península
379364.0,2025-04-04T09:00:00.000+02:00,2025-04-04T07:00:00Z,2025-04-04T07:00:00.000Z,8741,Península
374433.0,2025-04-04T10:00:00.000+02:00,2025-04-04T08:00:00Z,2025-04-04T08:00:00.000Z,8741,Península
361677.0,2025-04-04T11:00:00.000+02:00,2025-04-04T09:00:00Z,2025-04-04T09:00:00.000Z,8741,Península
353346.0,2025-04-04T12:00:00.000+02:00,2025-04-04T10:00:00Z,2025-04-04T10:00:00.000Z,8741,Península
351046.0,2025-04-04T13:00:00.000+02:00,2025-04-04T11:00:00Z,2025-04-04T11:00:00.000Z,8741,Península
346719.0,2025-04-04T14:00:00.000+02:00,2025-04-04T12:00:00Z,2025-04-04T12:00:00.000Z,8741,Península
331995.0,2025-04-04T15:00:00.000+02:00,2025-04-04T13:00:00Z,2025-04-04T13:00:00.000Z,8741,Península
321529.0,2025-04-04T16:00:00.000+02:00,2025-04-04T14:00:00Z,2025-04-04T14:00:00.000Z,8741,Península
326041.0,2025-04-04T17:00:00.000+02:00,2025-04-04T15:00:00Z,2025-04-04T15:00:00.000Z,8741,Península
331549.0,2025-04-04T18:00:00.000+02:00,2025-04-04T16:00:00Z,2025-04-04T16:00:00.000Z,8741,Península
345795.0,2025-04-04T19:00:00.000+02:00,2025-04-04T17:00:00Z,2025-04-04T17:00:00.000Z,8741,Península
369361.0,2025-04-04T20:00:00.000+02:00,2025-04-04T18:00:00Z,2025-04-04T18:00:00.000Z,8741,Península
379621.0,2025-04-04T21:00:00.000+02:00,2025-04-04T19:00:00Z,2025-04-04T19:00:00.000Z,8741,Península
353329.0,2025-04-04T22:00:00.000+02:00,2025-04-04T20:00:00Z,2025-04-04T20:00:00.000Z,8741,Península
324298.0,2025-04-04T23:00:00.000+02:00,2025-04-04T21:00:00Z,2025-04-04T21:00:00.000Z,8741,Península
302716.0,2025-04-05T00:00:00.000+02:00,2025-04-04T22:00:00Z,2025-04-04T22:00:00.000Z,8741,Península
281409.0,2025-04-05T01:00:00.000+02:00,2025-04-04T23:00:00Z,2025-04-04T23:00:00.000Z,8741,Península
265990.0,2025-04-05T02:00:00.000+02:00,2025-04-05T00:00:00Z,2025-04-05T00:00:00.000Z,8741,Península
256620.0,2025-04-05T03:00:00.000+02:00,2025-04-05T01:00:00Z,2025-04-05T01:00:00.000Z,8741,Península
251124.0,2025-04-05T04:00:00.000+02:00,2025-04-05T02:00:00Z,2025-04-05T02:00:00.000Z,8741,Península
250614.0,2025-04-05T05:00:00.000+02:00,2025-04-05T03:00:00Z,2025-04-05T03:00:00.000Z,8741,Península
259838.0,2025-04-05T06:00:00.000+02:00,2025-04-05T04:00:00Z,2025-04-05T04:00:00.000Z,8741,Península
275327.0,2025-04-05T07:00:00.000+02:00,2025-04-05T05:00:00Z,2025-04-05T05:00:00.000Z,8741,Península
289474.0,2025-04-05T08:00:00.000+02:00,2025-04-05T06:00:00Z,2025-04-05T06:00:00.000Z,8741,Península
301510.0,2025-04-05T09:00:00.000+02:00,2025-04-05T07:00:00Z,2025-04-05T07:00:00.000Z,8741,Península
303882.0,2025-04-05T10:00:00.000+02:00,2025-04-05T08:00:00Z,2025-04-05T08:00:00.000Z,8741,Península
298036.0,2025-04-05T11:00:00.000+02:00,2025-04-05T09:00:00Z,2025-04-05T09:00:00.000Z,8741,Península
290716.0,2025-04-05T12:00:00.000+02:00,2025-04-05T10:00:00Z,2025-04-05T10:00:00.000Z,8741,Península
289714.0,2025-04-05T13:00:00.000+02:00,2025-04-05T11:00:00Z,2025-04-05T11:00:00.000Z,8741,Península
283057.0,2025-04-05T14:00:00.000+02:00,2025-04-05T12:00:00Z,2025-04-05T12:00:00.000Z,8741,Península
269170.0,2025-04-05T15:00:00.000+02:00,2025-04-05T13:00:00Z,2025-04-05T13:00:00.000Z,8741,Península
261924.0,2025-04-05T16:00:00.000+02:00,2025-04-05T14:00:00Z,2025-04-05T14:00:00.000Z,8741,Península
266480.0,2025-04-05T17:00:00.000+02:00,2025-04-05T15:00:00Z,2025-04-05T15:00:00.000Z,8741,Península
276539.0,2025-04-05T18:00:00.000+02:00,2025-04-05T16:00:00Z,2025-04-05T16:00:00.000Z,8741,Península
291055.0,2025-04-05T19:00:00.000+02:00,2025-04-05T17:00:00Z,2025-04-05T17:00:00.000Z,8741,Península
312679.0,2025-04-05T20:00:00.000+02:00,2025-04-05T18:00:00Z,2025-04-05T18:00:00.000Z,8741,Península
335230.0,2025-04-05T21:00:00.000+02:00,2025-04-05T19:00:00Z,2025-04-05T19:00:00.000Z,8741,Península
318914.0,2025-04-05T22:00:00.000+02:00,2025-04-05T20:00:00Z,2025-04-05T20:00:00.000Z,8741,Península
294820.0,2025-04-05T23:00:00.000+02:00,2025-04-05T21:00:00Z,2025-04-05T21:00:00.000Z,8741,Península
273837.0,2025-04-06T00:00:00.000+02:00,2025-04-05T22:00:00Z,2025-04-05T22:00:00.000Z,8741,Península
256928.0,2025-04-06T01:00:00.000+02:00,2025-04-05T23:00:00Z,2025-04-05T23:00:00.000Z,8741,Península
244717.0,2025-04-06T02:00:00.000+02:00,2025-04-06T00:00:00Z,2025-04-06T00:00:00.000Z,8741,Península
235029.0,2025-04-06T03:00:00.000+02:00,2025-04-06T01:00:00Z,2025-04-06T01:00:00.000Z,8741,Península
231513.0,2025-04-06T04:00:00.000+02:00,2025-04-06T02:00:00Z,2025-04-06T02:00:00.000Z,8741,Península
231256.0,2025-04-06T05:00:00.000+02:00,2025-04-06T03:00:00Z,2025-04-06T03:00:00.000Z,8741,Península
236625.0,2025-04-06T06:00:00.000+02:00,2025-04-06T04:00:00Z,2025-04-06T04:00:00.000Z,8741,Península
244274.0,2025-04-06T07:00:00.000+02:00,2025-04-06T05:00:00Z,2025-04-06T05:00:00.000Z,8741,Península
249981.0,2025-04-06T08:00:00.000+02:00,2025-04-06T06:00:00Z,2025-04-06T06:00:00.000Z,8741,Península
260023.0,2025-04-06T09:00:00.000+02:00,2025-04-06T07:00:00Z,2025-04-06T07:00:00.000Z,8741,Península
264262.0,2025-04-06T10:00:00.000+02:00,2025-04-06T08:00:00Z,2025-04-06T08:00:00.000Z,8741,Península
259237.0,2025-04-06T11:00:00.000+02:00,2025-04-06T09:00:00Z,2025-04-06T09:00:00.000Z,8741,Península
252484.0,2025-04-06T12:00:00.000+02:00,2025-04-06T10:00:00Z,2025-04-06T10:00:00.000Z,8741,Península
255102.0,2025-04-06T13:00:00.000+02:00,2025-04-06T11:00:00Z,2025-04-06T11:00:00.000Z,8741,Península
256267.0,2025-04-06T14:00:00.000+02:00,2025-04-06T12:00:00Z,2025-04-06T12:00:00.000Z,8741,Península
245656.0,2025-04-06T15:00:00.000+02:00,2025-04-06T13:00:00Z,2025-04-06T13:00:00.000Z,8741,Península
241301.0,2025-04-06T16:00:00.000+02:00,2025-04-06T14:00:00Z,2025-04-06T14:00:00.000Z,8741,Península
246346.0,2025-04-06T17:00:00.000+02:00,2025-04-06T15:00:00Z,2025-04-06T15:00:00.000Z,8741,Península
261843.0,2025-04-06T18:00:00.000+02:00,2025-04-06T16:00:00Z,2025-04-06T16:00:00.000Z,8741,Península
282696.0,2025-04-06T19:00:00.000+02:00,2025-04-06T17:00:00Z,2025-04-06T17:00:00.000Z,8741,Península
308500.0,2025-04-06T20:00:00.000+02:00,2025-04-06T18:00:00Z,2025-04-06T18:00:00.000Z,8741,Península
335541.0,2025-04-06T21:00:00.000+02:00,2025-04-06T19:00:00Z,2025-04-06T19:00:00.000Z,8741,Península
318918.0,2025-04-06T22:00:00.000+02:00,2025-04-06T20:00:00Z,2025-04-06T20:00:00.000Z,8741,Península
292064.0,2025-04-06T23:00:00.000+02:00,2025-04-06T21:00:00Z,2025-04-06T21:00:00.000Z,8741,Península
269053.0,2025-04-07T00:00:00.000+02:00,2025-04-06T22:00:00Z,2025-04-06T22:00:00.000Z,8741,Península
253278.0,2025-04-07T01:00:00.000+02:00,2025-04-06T23:00:00Z,2025-04-06T23:00:00.000Z,8741,Península
242379.0,2025-04-07T02:00:00.000+02:00,2025-04-07T00:00:00Z,2025-04-07T00:00:00.000Z,8741,Península
239650.0,2025-04-07T03:00:00.000+02:00,2025-04-07T01:00:00Z,2025-04-07T01:00:00.000Z,8741,Península
242126.0,2025-04-07T04:00:00.000+02:00,2025-04-07T02:00:00Z,2025-04-07T02:00:00.000Z,8741,Península
252710.0,2025-04-07T05:00:00.000+02:00,2025-04-07T03:00:00Z,2025-04-07T03:00:00.000Z,8741,Península
287603.0,2025-04-07T06:00:00.000+02:00,2025-04-07T04:00:00Z,2025-04-07T04:00:00.000Z,8741,Península
335379.0,2025-04-07T07:00:00.000+02:00,2025-04-07T05:00:00Z,2025-04-07T05:00:00.000Z,8741,Península
356309.0,2025-04-07T08:00:00.000+02:00,2025-04-07T06:00:00Z,2025-04-07T06:00:00.000Z,8741,Península
348978.0,2025-04-07T09:00:00.000+02:00,2025-04-07T07:00:00Z,2025-04-07T07:00:00.000Z,8741,Península
335909.0,2025-04-07T10:00:00.000+02:00,2025-04-07T08:00:00Z,2025-04-07T08:00:00.000Z,8741,Península
325269.0,2025-04-07T11:00:00.000+02:00,2025-04-07T09:00:00Z,2025-04-07T09:00:00.000Z,8741,Península
319378.0,2025-04-07T12:00:00.000+02:00,2025-04-07T10:00:00Z,2025-04-07T10:00:00.000Z,8741,Península
315501.0,2025-04-07T13:00:00.000+02:00,2025-04-07T11:00:00Z,2025-04-07T11:00:00.000Z,8741,Península
302889.0,2025-04-07T14:00:00.000+02:00,2025-04-07T12:00:00Z,2025-04-07T12:00:00.000Z,8741,Península
295313.0,2025-04-07T15:00:00.000+02:00,2025-04-07T13:00:00Z,2025-04-07T13:00:00.000Z,8741,Península
298582.0,2025-04-07T16:00:00.000+02:00,2025-04-07T14:00:00Z,2025-04-07T14:00:00.000Z,8741,Península
303813.0,2025-04-07T17:00:00.000+02:00,2025-04-07T15:00:00Z,2025-04-07T15:00:00.000Z,8741,Península
316132.0,2025-04-07T18:00:00.000+02:00,2025-04-07T16:00:00Z,2025-04-07T16:00:00.000Z,8741,Península
334544.0,2025-04-07T19:00:00.000+02:00,2025-04-07T17:00:00Z,2025-04-07T17:00:00.000Z,8741,Península
356888.0,2025-04-07T20:00:00.000+02:00,2025-04-07T18:00:00Z,2025-04-07T18:00:00.000Z,8741,Península
377751.0,2025-04-07T21:00:00.000+02:00,2025-04-07T19:00:00Z,2025-04-07T19:00:00.000Z,8741,Península
343819.0,2025-04-07T22:00:00.000+02:00,2025-04-07T20:00:00Z,2025-04-07T20:00:00.000Z,8741,Península
310722.0,2025-04-07T23:00:00.000+02:00,2025-04-07T21:00:00Z,2025-04-07T21:00:00.000Z,8741,Península
288899.0,2025-04-08T00:00:00.000+02:00,2025-04-07T22:00:00Z,2025-04-07T22:00:00.000Z,8741,Península
273959.0,2025-04-08T01:00:00.000+02:00,2025-04-07T23:00:00Z,2025-04-07T23:00:00.000Z,8741,Península
264652.0,2025-04-08T02:00:00.000+02:00,2025-04-08T00:00:00Z,2025-04-08T00:00:00.000Z,8741,Península
259363.0,2025-04-08T03:00:00.000+02:00,2025-04-08T01:00:00Z,2025-04-08T01:00:00.000Z,8741,Península
259239.0,2025-04-08T04:00:00.000+02:00,2025-04-08T02:00:00Z,2025-04-08T02:00:00.000Z,8741,Península
267390.0,2025-04-08T05:00:00.000+02:00,2025-04-08T03:00:00Z,2025-04-08T03:00:00.000Z,8741,Península
298311.0,2025-04-08T06:00:00.000+02:00,2025-04-08T04:00:00Z,2025-04-08T04:00:00.000Z,8741,Península
342601.0,2025-04-08T07:00:00.000+02:00,2025-04-08T05:00:00Z,2025-04-08T05:00:00.000Z,8741,Península
356746.0,2025-04-08T08:00:00.000+02:00,2025-04-08T06:00:00Z,2025-04-08T06:00:00.000Z,8741,Península
346643.0,2025-04-08T09:00:00.000+02:00,2025-04-08T07:00:00Z,2025-04-08T07:00:00.000Z,8741,Península
335812.0,2025-04-08T10:00:00.000+02:00,2025-04-08T08:00:00Z,2025-04-08T08:00:00.000Z,8741,Península
319288.0,2025-04-08T11:00:00.000+02:00,2025-04-08T09:00:00Z,2025-04-08T09:00:00.000Z,8741,Península
310356.0,2025-04-08T12:00:00.000+02:00,2025-04-08T10:00:00Z,2025-04-08T10:00:00.000Z,8741,Península
305232.0,2025-04-08T13:00:00.000+02:00,2025-04-08T11:00:00Z,2025-04-08T11:00:00.000Z,8741,Península
303483.0,2025-04-08T14:00:00.000+02:00,2025-04-08T12:00:00Z,2025-04-08T12:00:00.000Z,8741,Península
292574.0,2025-04-08T15:00:00.000+02:00,2025-04-08T13:00:00Z,2025-04-08T13:00:00.000Z,8741,Península
288743.0,2025-04-08T16:00:00.000+02:00,2025-04-08T14:00:00Z,2025-04-08T14:00:00.000Z,8741,Península
297436.0,2025-04-08T17:00:00.000+02:00,2025-04-08T15:00:00Z,2025-04-08T15:00:00.000Z,8741,Península
312754.0,2025-04-08T18:00:00.000+02:00,2025-04-08T16:00:00Z,2025-04-08T16:00:00.000Z,8741,Península
333764.0,2025-04-08T19:00:00.000+02:00,2025-04-08T17:00:00Z,2025-04-08T17:00:00.000Z,8741,Península
362587.0,2025-04-08T20:00:00.000+02:00,2025-04-08T18:00:00Z,2025-04-08T18:00:00.000Z,8741,Península
371654.0,2025-04-08T21:00:00.000+02:00,2025-04-08T19:00:00Z,2025-04-08T19:00:00.000Z,8741,Península
339393.0,2025-04-08T22:00:00.000+02:00,2025-04-08T20:00:00Z,2025-04-08T20:00:00.000Z,8741,Península
309757.0,2025-04-08T23:00:00.000+02:00,2025-04-08T21:00:00Z,2025-04-08T21:00:00.000Z,8741,Península
285757.0,2025-04-09T00:00:00.000+02:00,2025-04-08T22:00:00Z,2025-04-08T22:00:00.000Z,8741,Península
271494.0,2025-04-09T01:00:00.000+02:00,2025-04-08T23:00:00Z,2025-04-08T23:00:00.000Z,8741,Península
260982.0,2025-04-09T02:00:00.000+02:00,2025-04-09T00:00:00Z,2025-04-09T00:00:00.000Z,8741,Península
256699.0,2025-04-09T03:00:00.000+02:00,2025-04-09T01:00:00Z,2025-04-09T01:00:00.000Z,8741,Península
255983.0,2025-04-09T04:00:00.000+02:00,2025-04-09T02:00:00Z,2025-04-09T02:00:00.000Z,8741,Península
263642.0,2025-04-09T05:00:00.000+02:00,2025-04-09T03:00:00Z,2025-04-09T03:00:00.000Z,8741,Península
295560.0,2025-04-09T06:00:00.000+02:00,2025-04-09T04:00:00Z,2025-04-09T04:00:00.000Z,8741,Península
335000.0,2025-04-09T07:00:00.000+02:00,2025-04-09T05:00:00Z,2025-04-09T05:00:00.000Z,8741,Península
350835.0,2025-04-09T08:00:00.000+02:00,2025-04-09T06:00:00Z,2025-04-09T06:00:00.000Z,8741,Península
346091.0,2025-04-09T09:00:00.000+02:00,2025-04-09T07:00:00Z,2025-04-09T07:00:00.000Z,8741,Península
330697.0,2025-04-09T10:00:00.000+02:00,2025-04-09T08:00:00Z,2025-04-09T08:00:00.000Z,8741,Península
319552.0,2025-04-09T11:00:00.000+02:00,2025-04-09T09:00:00Z,2025-04-09T09:00:00.000Z,8741,Península
316958.0,2025-04-09T12:00:00.000+02:00,2025-04-09T10:00:00Z,2025-04-09T10:00:00.000Z,8741,Península
311443.0,2025-04-09T13:00:00.000+02:00,2025-04-09T11:00:00Z,2025-04-09T11:00:00.000Z,8741,Península
305767.0,2025-04-09T14:00:00.000+02:00,2025-04-09T12:00:00Z,2025-04-09T12:00:00.000Z,8741,Península
298516.0,2025-04-09T15:00:00.000+02:00,2025-04-09T13:00:00Z,2025-04-09T13:00:00.000Z,8741,Península
299952.0,2025-04-09T16:00:00.000+02:00,2025-04-09T14:00:00Z,2025-04-09T14:00:00.000Z,8741,Península
304113.0,2025-04-09T17:00:00.000+02:00,2025-04-09T15:00:00Z,2025-04-09T15:00:00.000Z,8741,Península
312954.0,2025-04-09T18:00:00.000+02:00,2025-04-09T16:00:00Z,2025-04-09T16:00:00.000Z,8741,Península
333032.0,2025-04-09T19:00:00.000+02:00,2025-04-09T17:00:00Z,2025-04-09T17:00:00.000Z,8741,Península
360399.0,2025-04-09T20:00:00.000+02:00,2025-04-09T18:00:00Z,2025-04-09T18:00:00.000Z,8741,Península
375996.0,2025-04-09T21:00:00.000+02:00,2025-04-09T19:00:00Z,2025-04-09T19:00:00.000Z,8741,Península
340814.0,2025-04-09T22:00:00.000+02:00,2025-04-09T20:00:00Z,2025-04-09T20:00:00.000Z,8741,Península
308015.0,2025-04-09T23:00:00.000+02:00,2025-04-09T21:00:00Z,2025-04-09T21:00:00.000Z,8741,Península
286265.0,2025-04-10T00:00:00.000+02:00,2025-04-09T22:00:00Z,2025-04-09T22:00:00.000Z,8741,Península
269807.0,2025-04-10T01:00:00.000+02:00,2025-04-09T23:00:00Z,2025-04-09T23:00:00.000Z,8741,Península
259986.0,2025-04-10T02:00:00.000+02:00,2025-04-10T00:00:00Z,2025-04-10T00:00:00.000Z,8741,Península
254654.0,2025-04-10T03:00:00.000+02:00,2025-04-10T01:00:00Z,2025-04-10T01:00:00.000Z,8741,Península
255596.0,2025-04-10T04:00:00.000+02:00,2025-04-10T02:00:00Z,2025-04-10T02:00:00.000Z,8741,Península
262060.0,2025-04-10T05:00:00.000+02:00,2025-04-10T03:00:00Z,2025-04-10T03:00:00.000Z,8741,Península
296038.0,2025-04-10T06:00:00.000+02:00,2025-04-10T04:00:00Z,2025-04-10T04:00:00.000Z,8741,Península
336441.0,2025-04-10T07:00:00.000+02:00,2025-04-10T05:00:00Z,2025-04-10T05:00:00.000Z,8741,Península
354642.0,2025-04-10T08:00:00.000+02:00,2025-04-10T06:00:00Z,2025-04-10T06:00:00.000Z,8741,Península
350793.0,2025-04-10T09:00:00.000+02:00,2025-04-10T07:00:00Z,2025-04-10T07:00:00.000Z,8741,Península
337615.0,2025-04-10T10:00:00.000+02:00,2025-04-10T08:00:00Z,2025-04-10T08:00:00.000Z,8741,Península
327507.0,2025-04-10T11:00:00.000+02:00,2025-04-10T09:00:00Z,2025-04-10T09:00:00.000Z,8741,Península
316401.0,2025-04-10T12:00:00.000+02:00,2025-04-10T10:00:00Z,2025-04-10T10:00:00.000Z,8741,Península
312837.0,2025-04-10T13:00:00.000+02:00,2025-04-10T11:00:00Z,2025-04-10T11:00:00.000Z,8741,Península
308240.0,2025-04-10T14:00:00.000+02:00,2025-04-10T12:00:00Z,2025-04-10T12:00:00.000Z,8741,Península
302318.0,2025-04-10T15:00:00.000+02:00,2025-04-10T13:00:00Z,2025-04-10T13:00:00.000Z,8741,Península
298820.0,2025-04-10T16:00:00.000+02:00,2025-04-10T14:00:00Z,2025-04-10T14:00:00.000Z,8741,Península
307456.0,2025-04-10T17:00:00.000+02:00,2025-04-10T15:00:00Z,2025-04-10T15:00:00.000Z,8741,Península
317384.0,2025-04-10T18:00:00.000+02:00,2025-04-10T16:00:00Z,2025-04-10T16:00:00.000Z,8741,Península
335186.0,2025-04-10T19:00:00.000+02:00,2025-04-10T17:00:00Z,2025-04-10T17:00:00.000Z,8741,Península
359553.0,2025-04-10T20:00:00.000+02:00,2025-04-10T18:00:00Z,2025-04-10T18:00:00.000Z,8741,Península
374402.0,2025-04-10T21:00:00.000+02:00,2025-04-10T19:00:00Z,2025-04-10T19:00:00.000Z,8741,Península
342716.0,2025-04-10T22:00:00.000+02:00,2025-04-10T20:00:00Z,2025-04-10T20:00:00.000Z,8741,Península
310960.0,2025-04-10T23:00:00.000+02:00,2025-04-10T21:00:00Z,2025-04-10T21:00:00.000Z,8741,Península
288954.0,2025-04-11T00:00:00.000+02:00,2025-04-10T22:00:00Z,2025-04-10T22:00:00.000Z,8741,Península
276011.0,2025-04-11T01:00:00.000+02:00,2025-04-10T23:00:00Z,2025-04-10T23:00:00.000Z,8741,Península
265417.0,2025-04-11T02:00:00.000+02:00,2025-04-11T00:00:00Z,2025-04-11T00:00:00.000Z,8741,Península
260124.0,2025-04-11T03:00:00.000+02:00,2025-04-11T01:00:00Z,2025-04-11T01:00:00.000Z,8741,Península
258839.0,2025-04-11T04:00:00.000+02:00,2025-04-11T02:00:00Z,2025-04-11T02:00:00.000Z,8741,Península
264167.0,2025-04-11T05:00:00.000+02:00,2025-04-11T03:00:00Z,2025-04-11T03:00:00.000Z,8741,Península
295417.0,2025-04-11T06:00:00.000+02:00,2025-04-11T04:00:00Z,2025-04-11T04:00:00.000Z,8741,Península
333457.0,2025-04-11T07:00:00.000+02:00,2025-04-11T05:00:00Z,2025-04-11T05:00:00.000Z,8741,Península
351350.0,2025-04-11T08:00:00.000+02:00,2025-04-11T06:00:00Z,2025-04-11T06:00:00.000Z,8741,Península
355610.0,2025-04-11T09:00:00.000+02:00,2025-04-11T07:00:00Z,2025-04-11T07:00:00.000Z,8741,Península
351387.0,2025-04-11T10:00:00.000+02:00,2025-04-11T08:00:00Z,2025-04-11T08:00:00.000Z,8741,Península
347019.0,2025-04-11T11:00:00.000+02:00,2025-04-11T09:00:00Z,2025-04-11T09:00:00.000Z,8741,Península
346026.0,2025-04-11T12:00:00.000+02:00,2025-04-11T10:00:00Z,2025-04-11T10:00:00.000Z,8741,Península
343218.0,2025-04-11T13:00:00.000+02:00,2025-04-11T11:00:00Z,2025-04-11T11:00:00.000Z,8741,Península
335269.0,2025-04-11T14:00:00.000+02:00,2025-04-11T12:00:00Z,2025-04-11T12:00:00.000Z,8741,Península
326435.0,2025-04-11T15:00:00.000+02:00,2025-04-11T13:00:00Z,2025-04-11T13:00:00.000Z,8741,Península
322138.0,2025-04-11T16:00:00.000+02:00,2025-04-11T14:00:00Z,2025-04-11T14:00:00.000Z,8741,Península
323935.0,2025-04-11T17:00:00.000+02:00,2025-04-11T15:00:00Z,2025-04-11T15:00:00.000Z,8741,Península
325660.0,2025-04-11T18:00:00.000+02:00,2025-04-11T16:00:00Z,2025-04-11T16:00:00.000Z,8741,Península
335675.0,2025-04-11T19:00:00.000+02:00,2025-04-11T17:00:00Z,2025-04-11T17:00:00.000Z,8741,Península
353370.0,2025-04-11T20:00:00.000+02:00,2025-04-11T18:00:00Z,2025-04-11T18:00:00.000Z,8741,Península
364131.0,2025-04-11T21:00:00.000+02:00,2025-04-11T19:00:00Z,2025-04-11T19:00:00.000Z,8741,Península
334720.0,2025-04-11T22:00:00.000+02:00,2025-04-11T20:00:00Z,2025-04-11T20:00:00.000Z,8741,Península
307907.0,2025-04-11T23:00:00.000+02:00,2025-04-11T21:00:00Z,2025-04-11T21:00:00.000Z,8741,Península
287926.0,2025-04-12T00:00:00.000+02:00,2025-04-11T22:00:00Z,2025-04-11T22:00:00.000Z,8741,Península
271515.0,2025-04-12T01:00:00.000+02:00,2025-04-11T23:00:00Z,2025-04-11T23:00:00.000Z,8741,Península
259003.0,2025-04-12T02:00:00.000+02:00,2025-04-12T00:00:00Z,2025-04-12T00:00:00.000Z,8741,Península
250535.0,2025-04-12T03:00:00.000+02:00,2025-04-12T01:00:00Z,2025-04-12T01:00:00.000Z,8741,Península
248418.0,2025-04-12T04:00:00.000+02:00,2025-04-12T02:00:00Z,2025-04-12T02:00:00.000Z,8741,Península
248282.0,2025-04-12T05:00:00.000+02:00,2025-04-12T03:00:00Z,2025-04-12T03:00:00.000Z,8741,Península
255050.0,2025-04-12T06:00:00.000+02:00,2025-04-12T04:00:00Z,2025-04-12T04:00:00.000Z,8741,Península
268340.0,2025-04-12T07:00:00.000+02:00,2025-04-12T05:00:00Z,2025-04-12T05:00:00.000Z,8741,Península
279981.0,2025-04-12T08:00:00.000+02:00,2025-04-12T06:00:00Z,2025-04-12T06:00:00.000Z,8741,Península
301283.0,2025-04-12T09:00:00.000+02:00,2025-04-12T07:00:00Z,2025-04-12T07:00:00.000Z,8741,Península
311317.0,2025-04-12T10:00:00.000+02:00,2025-04-12T08:00:00Z,2025-04-12T08:00:00.000Z,8741,Península
313142.0,2025-04-12T11:00:00.000+02:00,2025-04-12T09:00:00Z,2025-04-12T09:00:00.000Z,8741,Península
310738.0,2025-04-12T12:00:00.000+02:00,2025-04-12T10:00:00Z,2025-04-12T10:00:00.000Z,8741,Península
311210.0,2025-04-12T13:00:00.000+02:00,2025-04-12T11:00:00Z,2025-04-12T11:00:00.000Z,8741,Península
310390.0,2025-04-12T14:00:00.000+02:00,2025-04-12T12:00:00Z,2025-04-12T12:00:00.000Z,8741,Península
293643.0,2025-04-12T15:00:00.000+02:00,2025-04-12T13:00:00Z,2025-04-12T13:00:00.000Z,8741,Península
279724.0,2025-04-12T16:00:00.000+02:00,2025-04-12T14:00:00Z,2025-04-12T14:00:00.000Z,8741,Península
277890.0,2025-04-12T17:00:00.000+02:00,2025-04-12T15:00:00Z,2025-04-12T15:00:00.000Z,8741,Península
285108.0,2025-04-12T18:00:00.000+02:00,2025-04-12T16:00:00Z,2025-04-12T16:00:00.000Z,8741,Península
295237.0,2025-04-12T19:00:00.000+02:00,2025-04-12T17:00:00Z,2025-04-12T17:00:00.000Z,8741,Península
314729.0,2025-04-12T20:00:00.000+02:00,2025-04-12T18:00:00Z,2025-04-12T18:00:00.000Z,8741,Península
334399.0,2025-04-12T21:00:00.000+02:00,2025-04-12T19:00:00Z,2025-04-12T19:00:00.000Z,8741,Península
314679.0,2025-04-12T22:00:00.000+02:00,2025-04-12T20:00:00Z,2025-04-12T20:00:00.000Z,8741,Península
288567.0,2025-04-12T23:00:00.000+02:00,2025-04-12T21:00:00Z,2025-04-12T21:00:00.000Z,8741,Península
269344.0,2025-04-13T00:00:00.000+02:00,2025-04-12T22:00:00Z,2025-04-12T22:00:00.000Z,8741,Península
251626.0,2025-04-13T01:00:00.000+02:00,2025-04-12T23:00:00Z,2025-04-12T23:00:00.000Z,8741,Península
239612.0,2025-04-13T02:00:00.000+02:00,2025-04-13T00:00:00Z,2025-04-13T00:00:00.000Z,8741,Península
230026.0,2025-04-13T03:00:00.000+02:00,2025-04-13T01:00:00Z,2025-04-13T01:00:00.000Z,8741,Península
229302.0,2025-04-13T04:00:00.000+02:00,2025-04-13T02:00:00Z,2025-04-13T02:00:00.000Z,8741,Península
228739.0,2025-04-13T05:00:00.000+02:00,2025-04-13T03:00:00Z,2025-04-13T03:00:00.000Z,8741,Península
234089.0,2025-04-13T06:00:00.000+02:00,2025-04-13T04:00:00Z,2025-04-13T04:00:00.000Z,8741,Península
239037.0,2025-04-13T07:00:00.000+02:00,2025-04-13T05:00:00Z,2025-04-13T05:00:00.000Z,8741,Península
245181.0,2025-04-13T08:00:00.000+02:00,2025-04-13T06:00:00Z,2025-04-13T06:00:00.000Z,8741,Península
262616.0,2025-04-13T09:00:00.000+02:00,2025-04-13T07:00:00Z,2025-04-13T07:00:00.000Z,8741,Península
278044.0,2025-04-13T10:00:00.000+02:00,2025-04-13T08:00:00Z,2025-04-13T08:00:00.000Z,8741,Península
278738.0,2025-04-13T11:00:00.000+02:00,2025-04-13T09:00:00Z,2025-04-13T09:00:00.000Z,8741,Península
274952.0,2025-04-13T12:00:00.000+02:00,2025-04-13T10:00:00Z,2025-04-13T10:00:00.000Z,8741,Península
274957.0,2025-04-13T13:00:00.000+02:00,2025-04-13T11:00:00Z,2025-04-13T11:00:00.000Z,8741,Península
270208.0,2025-04-13T14:00:00.000+02:00,2025-04-13T12:00:00Z,2025-04-13T12:00:00.000Z,8741,Península
257838.0,2025-04-13T15:00:00.000+02:00,2025-04-13T13:00:00Z,2025-04-13T13:00:00.000Z,8741,Península
254485.0,2025-04-13T16:00:00.000+02:00,2025-04-13T14:00:00Z,2025-04-13T14:00:00.000Z,8741,Península
256051.0,2025-04-13T17:00:00.000+02:00,2025-04-13T15:00:00Z,2025-04-13T15:00:00.000Z,8741,Península
262869.0,2025-04-13T18:00:00.000+02:00,2025-04-13T16:00:00Z,2025-04-13T16:00:00.000Z,8741,Península
276003.0,2025-04-13T19:00:00.000+02:00,2025-04-13T17:00:00Z,2025-04-13T17:00:00.000Z,8741,Península
299643.0,2025-04-13T20:00:00.000+02:00,2025-04-13T18:00:00Z,2025-04-13T18:00:00.000Z,8741,Península
322529.0,2025-04-13T21:00:00.000+02:00,2025-04-13T19:00:00Z,2025-04-13T19:00:00.000Z,8741,Península
311728.0,2025-04-13T22:00:00.000+02:00,2025-04-13T20:00:00Z,2025-04-13T20:00:00.000Z,8741,Península
288845.0,2025-04-13T23:00:00.000+02:00,2025-04-13T21:00:00Z,2025-04-13T21:00:00.000Z,8741,Península
268366.0,2025-04-14T00:00:00.000+02:00,2025-04-13T22:00:00Z,2025-04-13T22:00:00.000Z,8741,Península
252998.0,2025-04-14T01:00:00.000+02:00,2025-04-13T23:00:00Z,2025-04-13T23:00:00.000Z,8741,Península
243498.0,2025-04-14T02:00:00.000+02:00,2025-04-14T00:00:00Z,2025-04-14T00:00:00.000Z,8741,Península
239897.0,2025-04-14T03:00:00.000+02:00,2025-04-14T01:00:00Z,2025-04-14T01:00:00.000Z,8741,Península
238468.0,2025-04-14T04:00:00.000+02:00,2025-04-14T02:00:00Z,2025-04-14T02:00:00.000Z,8741,Península
247610.0,2025-04-14T05:00:00.000+02:00,2025-04-14T03:00:00Z,2025-04-14T03:00:00.000Z,8741,Península
278497.0,2025-04-14T06:00:00.000+02:00,2025-04-14T04:00:00Z,2025-04-14T04:00:00.000Z,8741,Península
314362.0,2025-04-14T07:00:00.000+02:00,2025-04-14T05:00:00Z,2025-04-14T05:00:00.000Z,8741,Península
334288.0,2025-04-14T08:00:00.000+02:00,2025-04-14T06:00:00Z,2025-04-14T06:00:00.000Z,8741,Península
341975.0,2025-04-14T09:00:00.000+02:00,2025-04-14T07:00:00Z,2025-04-14T07:00:00.000Z,8741,Península
340041.0,2025-04-14T10:00:00.000+02:00,2025-04-14T08:00:00Z,2025-04-14T08:00:00.000Z,8741,Península
334031.0,2025-04-14T11:00:00.000+02:00,2025-04-14T09:00:00Z,2025-04-14T09:00:00.000Z,8741,Península
328279.0,2025-04-14T12:00:00.000+02:00,2025-04-14T10:00:00Z,2025-04-14T10:00:00.000Z,8741,Península
325173.0,2025-04-14T13:00:00.000+02:00,2025-04-14T11:00:00Z,2025-04-14T11:00:00.000Z,8741,Península
314293.0,2025-04-14T14:00:00.000+02:00,2025-04-14T12:00:00Z,2025-04-14T12:00:00.000Z,8741,Península
311315.0,2025-04-14T15:00:00.000+02:00,2025-04-14T13:00:00Z,2025-04-14T13:00:00.000Z,8741,Península
307382.0,2025-04-14T16:00:00.000+02:00,2025-04-14T14:00:00Z,2025-04-14T14:00:00.000Z,8741,Península
306334.0,2025-04-14T17:00:00.000+02:00,2025-04-14T15:00:00Z,2025-04-14T15:00:00.000Z,8741,Península
314761.0,2025-04-14T18:00:00.000+02:00,2025-04-14T16:00:00Z,2025-04-14T16:00:00.000Z,8741,Península
330120.0,2025-04-14T19:00:00.000+02:00,2025-04-14T17:00:00Z,2025-04-14T17:00:00.000Z,8741,Península
352947.0,2025-04-14T20:00:00.000+02:00,2025-04-14T18:00:00Z,2025-04-14T18:00:00.000Z,8741,Península
371517.0,2025-04-14T21:00:00.000+02:00,2025-04-14T19:00:00Z,2025-04-14T19:00:00.000Z,8741,Península
338700.0,2025-04-14T22:00:00.000+02:00,2025-04-14T20:00:00Z,2025-04-14T20:00:00.000Z,8741,Península
308254.0,2025-04-14T23:00:00.000+02:00,2025-04-14T21:00:00Z,2025-04-14T21:00:00.000Z,8741,Península
284553.0,2025-04-15T00:00:00.000+02:00,2025-04-14T22:00:00Z,2025-04-14T22:00:00.000Z,8741,Península
269556.0,2025-04-15T01:00:00.000+02:00,2025-04-14T23:00:00Z,2025-04-14T23:00:00.000Z,8741,Península
257593.0,2025-04-15T02:00:00.000+02:00,2025-04-15T00:00:00Z,2025-04-15T00:00:00.000Z,8741,Península
252987.0,2025-04-15T03:00:00.000+02:00,2025-04-15T01:00:00Z,2025-04-15T01:00:00.000Z,8741,Península
252855.0,2025-04-15T04:00:00.000+02:00,2025-04-15T02:00:00Z,2025-04-15T02:00:00.000Z,8741,Península
257599.0,2025-04-15T05:00:00.000+02:00,2025-04-15T03:00:00Z,2025-04-15T03:00:00.000Z,8741,Península
286981.0,2025-04-15T06:00:00.000+02:00,2025-04-15T04:00:00Z,2025-04-15T04:00:00.000Z,8741,Península
319964.0,2025-04-15T07:00:00.000+02:00,2025-04-15T05:00:00Z,2025-04-15T05:00:00.000Z,8741,Península
338243.0,2025-04-15T08:00:00.000+02:00,2025-04-15T06:00:00Z,2025-04-15T06:00:00.000Z,8741,Península
346226.0,2025-04-15T09:00:00.000+02:00,2025-04-15T07:00:00Z,2025-04-15T07:00:00.000Z,8741,Península
341543.0,2025-04-15T10:00:00.000+02:00,2025-04-15T08:00:00Z,2025-04-15T08:00:00.000Z,8741,Península
330525.0,2025-04-15T11:00:00.000+02:00,2025-04-15T09:00:00Z,2025-04-15T09:00:00.000Z,8741,Península
335341.0,2025-04-15T12:00:00.000+02:00,2025-04-15T10:00:00Z,2025-04-15T10:00:00.000Z,8741,Península
337303.0,2025-04-15T13:00:00.000+02:00,2025-04-15T11:00:00Z,2025-04-15T11:00:00.000Z,8741,Península
331595.0,2025-04-15T14:00:00.000+02:00,2025-04-15T12:00:00Z,2025-04-15T12:00:00.000Z,8741,Península
321336.0,2025-04-15T15:00:00.000+02:00,2025-04-15T13:00:00Z,2025-04-15T13:00:00.000Z,8741,Península
318719.0,2025-04-15T16:00:00.000+02:00,2025-04-15T14:00:00Z,2025-04-15T14:00:00.000Z,8741,Península
317150.0,2025-04-15T17:00:00.000+02:00,2025-04-15T15:00:00Z,2025-04-15T15:00:00.000Z,8741,Península
322121.0,2025-04-15T18:00:00.000+02:00,2025-04-15T16:00:00Z,2025-04-15T16:00:00.000Z,8741,Península
336518.0,2025-04-15T19:00:00.000+02:00,2025-04-15T17:00:00Z,2025-04-15T17:00:00.000Z,8741,Península
359893.0,2025-04-15T20:00:00.000+02:00,2025-04-15T18:00:00Z,2025-04-15T18:00:00.000Z,8741,Península
374291.0,2025-04-15T21:00:00.000+02:00,2025-04-15T19:00:00Z,2025-04-15T19:00:00.000Z,8741,Península
345569.0,2025-04-15T22:00:00.000+02:00,2025-04-15T20:00:00Z,2025-04-15T20:00:00.000Z,8741,Península
311758.0,2025-04-15T23:00:00.000+02:00,2025-04-15T21:00:00Z,2025-04-15T21:00:00.000Z,8741,Península
288898.0,2025-04-16T00:00:00.000+02:00,2025-04-15T22:00:00Z,2025-04-15T22:00:00.000Z,8741,Península
270425.0,2025-04-16T01:00:00.000+02:00,2025-04-15T23:00:00Z,2025-04-15T23:00:00.000Z,8741,Península
257109.0,2025-04-16T02:00:00.000+02:00,2025-04-16T00:00:00Z,2025-04-16T00:00:00.000Z,8741,Península
252643.0,2025-04-16T03:00:00.000+02:00,2025-04-16T01:00:00Z,2025-04-16T01:00:00.000Z,8741,Península
251609.0,2025-04-16T04:00:00.000+02:00,2025-04-16T02:00:00Z,2025-04-16T02:00:00.000Z,8741,Península
257947.0,2025-04-16T05:00:00.000+02:00,2025-04-16T03:00:00Z,2025-04-16T03:00:00.000Z,8741,Península
286682.0,2025-04-16T06:00:00.000+02:00,2025-04-16T04:00:00Z,2025-04-16T04:00:00.000Z,8741,Península
318388.0,2025-04-16T07:00:00.000+02:00,2025-04-16T05:00:00Z,2025-04-16T05:00:00.000Z,8741,Península
339765.0,2025-04-16T08:00:00.000+02:00,2025-04-16T06:00:00Z,2025-04-16T06:00:00.000Z,8741,Península
341805.0,2025-04-16T09:00:00.000+02:00,2025-04-16T07:00:00Z,2025-04-16T07:00:00.000Z,8741,Península
337788.0,2025-04-16T10:00:00.000+02:00,2025-04-16T08:00:00Z,2025-04-16T08:00:00.000Z,8741,Península
330873.0,2025-04-16T11:00:00.000+02:00,2025-04-16T09:00:00Z,2025-04-16T09:00:00.000Z,8741,Península
324292.0,2025-04-16T12:00:00.000+02:00,2025-04-16T10:00:00Z,2025-04-16T10:00:00.000Z,8741,Península
321902.0,2025-04-16T13:00:00.000+02:00,2025-04-16T11:00:00Z,2025-04-16T11:00:00.000Z,8741,Península
315189.0,2025-04-16T14:00:00.000+02:00,2025-04-16T12:00:00Z,2025-04-16T12:00:00.000Z,8741,Península
307159.0,2025-04-16T15:00:00.000+02:00,2025-04-16T13:00:00Z,2025-04-16T13:00:00.000Z,8741,Península
303249.0,2025-04-16T16:00:00.000+02:00,2025-04-16T14:00:00Z,2025-04-16T14:00:00.000Z,8741,Península
308293.0,2025-04-16T17:00:00.000+02:00,2025-04-16T15:00:00Z,2025-04-16T15:00:00.000Z,8741,Península
314055.0,2025-04-16T18:00:00.000+02:00,2025-04-16T16:00:00Z,2025-04-16T16:00:00.000Z,8741,Península
324489.0,2025-04-16T19:00:00.000+02:00,2025-04-16T17:00:00Z,2025-04-16T17:00:00.000Z,8741,Península
346187.0,2025-04-16T20:00:00.000+02:00,2025-04-16T18:00:00Z,2025-04-16T18:00:00.000Z,8741,Península
362644.0,2025-04-16T21:00:00.000+02:00,2025-04-16T19:00:00Z,2025-04-16T19:00:00.000Z,8741,Península
334493.0,2025-04-16T22:00:00.000+02:00,2025-04-16T20:00:00Z,2025-04-16T20:00:00.000Z,8741,Península
302878.0,2025-04-16T23:00:00.000+02:00,2025-04-16T21:00:00Z,2025-04-16T21:00:00.000Z,8741,Península
282382.0,2025-04-17T00:00:00.000+02:00,2025-04-16T22:00:00Z,2025-04-16T22:00:00.000Z,8741,Península
264712.0,2025-04-17T01:00:00.000+02:00,2025-04-16T23:00:00Z,2025-04-16T23:00:00.000Z,8741,Península
251245.0,2025-04-17T02:00:00.000+02:00,2025-04-17T00:00:00Z,2025-04-17T00:00:00.000Z,8741,Península
243714.0,2025-04-17T03:00:00.000+02:00,2025-04-17T01:00:00Z,2025-04-17T01:00:00.000Z,8741,Península
240258.0,2025-04-17T04:00:00.000+02:00,2025-04-17T02:00:00Z,2025-04-17T02:00:00.000Z,8741,Península
241198.0,2025-04-17T05:00:00.000+02:00,2025-04-17T03:00:00Z,2025-04-17T03:00:00.000Z,8741,Península
253586.0,2025-04-17T06:00:00.000+02:00,2025-04-17T04:00:00Z,2025-04-17T04:00:00.000Z,8741,Península
269633.0,2025-04-17T07:00:00.000+02:00,2025-04-17T05:00:00Z,2025-04-17T05:00:00.000Z,8741,Península
280187.0,2025-04-17T08:00:00.000+02:00,2025-04-17T06:00:00Z,2025-04-17T06:00:00.000Z,8741,Península
284707.0,2025-04-17T09:00:00.000+02:00,2025-04-17T07:00:00Z,2025-04-17T07:00:00.000Z,8741,Península
283603.0,2025-04-17T10:00:00.000+02:00,2025-04-17T08:00:00Z,2025-04-17T08:00:00.000Z,8741,Península
277865.0,2025-04-17T11:00:00.000+02:00,2025-04-17T09:00:00Z,2025-04-17T09:00:00.000Z,8741,Península
270760.0,2025-04-17T12:00:00.000+02:00,2025-04-17T10:00:00Z,2025-04-17T10:00:00.000Z,8741,Península
272415.0,2025-04-17T13:00:00.000+02:00,2025-04-17T11:00:00Z,2025-04-17T11:00:00.000Z,8741,Península
268120.0,2025-04-17T14:00:00.000+02:00,2025-04-17T12:00:00Z,2025-04-17T12:00:00.000Z,8741,Península
255762.0,2025-04-17T15:00:00.000+02:00,2025-04-17T13:00:00Z,2025-04-17T13:00:00.000Z,8741,Península
252215.0,2025-04-17T16:00:00.000+02:00,2025-04-17T14:00:00Z,2025-04-17T14:00:00.000Z,8741,Península
255842.0,2025-04-17T17:00:00.000+02:00,2025-04-17T15:00:00Z,2025-04-17T15:00:00.000Z,8741,Península
269312.0,2025-04-17T18:00:00.000+02:00,2025-04-17T16:00:00Z,2025-04-17T16:00:00.000Z,8741,Península
284398.0,2025-04-17T19:00:00.000+02:00,2025-04-17T17:00:00Z,2025-04-17T17:00:00.000Z,8741,Península
306608.0,2025-04-17T20:00:00.000+02:00,2025-04-17T18:00:00Z,2025-04-17T18:00:00.000Z,8741,Península
327832.0,2025-04-17T21:00:00.000+02:00,2025-04-17T19:00:00Z,2025-04-17T19:00:00.000Z,8741,Península
312956.0,2025-04-17T22:00:00.000+02:00,2025-04-17T20:00:00Z,2025-04-17T20:00:00.000Z,8741,Península
287951.0,2025-04-17T23:00:00.000+02:00,2025-04-17T21:00:00Z,2025-04-17T21:00:00.000Z,8741,Península
268519.0,2025-04-18T00:00:00.000+02:00,2025-04-17T22:00:00Z,2025-04-17T22:00:00.000Z,8741,Península
250594.0,2025-04-18T01:00:00.000+02:00,2025-04-17T23:00:00Z,2025-04-17T23:00:00.000Z,8741,Península
238777.0,2025-04-18T02:00:00.000+02:00,2025-04-18T00:00:00Z,2025-04-18T00:00:00.000Z,8741,Península
231793.0,2025-04-18T03:00:00.000+02:00,2025-04-18T01:00:00Z,2025-04-18T01:00:00.000Z,8741,Península
228827.0,2025-04-18T04:00:00.000+02:00,2025-04-18T02:00:00Z,2025-04-18T02:00:00.000Z,8741,Península
227367.0,2025-04-18T05:00:00.000+02:00,2025-04-18T03:00:00Z,2025-04-18T03:00:00.000Z,8741,Península
235591.0,2025-04-18T06:00:00.000+02:00,2025-04-18T04:00:00Z,2025-04-18T04:00:00.000Z,8741,Península
242378.0,2025-04-18T07:00:00.000+02:00,2025-04-18T05:00:00Z,2025-04-18T05:00:00.000Z,8741,Península
243833.0,2025-04-18T08:00:00.000+02:00,2025-04-18T06:00:00Z,2025-04-18T06:00:00.000Z,8741,Península
250683.0,2025-04-18T09:00:00.000+02:00,2025-04-18T07:00:00Z,2025-04-18T07:00:00.000Z,8741,Península
253805.0,2025-04-18T10:00:00.000+02:00,2025-04-18T08:00:00Z,2025-04-18T08:00:00.000Z,8741,Península
251574.0,2025-04-18T11:00:00.000+02:00,2025-04-18T09:00:00Z,2025-04-18T09:00:00.000Z,8741,Península
247795.0,2025-04-18T12:00:00.000+02:00,2025-04-18T10:00:00Z,2025-04-18T10:00:00.000Z,8741,Península
250820.0,2025-04-18T13:00:00.000+02:00,2025-04-18T11:00:00Z,2025-04-18T11:00:00.000Z,8741,Península
250963.0,2025-04-18T14:00:00.000+02:00,2025-04-18T12:00:00Z,2025-04-18T12:00:00.000Z,8741,Península
239176.0,2025-04-18T15:00:00.000+02:00,2025-04-18T13:00:00Z,2025-04-18T13:00:00.000Z,8741,Península
234120.0,2025-04-18T16:00:00.000+02:00,2025-04-18T14:00:00Z,2025-04-18T14:00:00.000Z,8741,Península
237348.0,2025-04-18T17:00:00.000+02:00,2025-04-18T15:00:00Z,2025-04-18T15:00:00.000Z,8741,Península
248219.0,2025-04-18T18:00:00.000+02:00,2025-04-18T16:00:00Z,2025-04-18T16:00:00.000Z,8741,Península
266040.0,2025-04-18T19:00:00.000+02:00,2025-04-18T17:00:00Z,2025-04-18T17:00:00.000Z,8741,Península
289112.0,2025-04-18T20:00:00.000+02:00,2025-04-18T18:00:00Z,2025-04-18T18:00:00.000Z,8741,Península
312992.0,2025-04-18T21:00:00.000+02:00,2025-04-18T19:00:00Z,2025-04-18T19:00:00.000Z,8741,Península
300276.0,2025-04-18T22:00:00.000+02:00,2025-04-18T20:00:00Z,2025-04-18T20:00:00.000Z,8741,Península
277288.0,2025-04-18T23:00:00.000+02:00,2025-04-18T21:00:00Z,2025-04-18T21:00:00.000Z,8741,Península
255474.0,2025-04-19T00:00:00.000+02:00,2025-04-18T22:00:00Z,2025-04-18T22:00:00.000Z,8741,Península
238118.0,2025-04-19T01:00:00.000+02:00,2025-04-18T23:00:00Z,2025-04-18T23:00:00.000Z,8741,Península
227264.0,2025-04-19T02:00:00.000+02:00,2025-04-19T00:00:00Z,2025-04-19T00:00:00.000Z,8741,Península
221185.0,2025-04-19T03:00:00.000+02:00,2025-04-19T01:00:00Z,2025-04-19T01:00:00.000Z,8741,Península
219347.0,2025-04-19T04:00:00.000+02:00,2025-04-19T02:00:00Z,2025-04-19T02:00:00.000Z,8741,Península
221021.0,2025-04-19T05:00:00.000+02:00,2025-04-19T03:00:00Z,2025-04-19T03:00:00.000Z,8741,Península
230833.0,2025-04-19T06:00:00.000+02:00,2025-04-19T04:00:00Z,2025-04-19T04:00:00.000Z,8741,Península
239289.0,2025-04-19T07:00:00.000+02:00,2025-04-19T05:00:00Z,2025-04-19T05:00:00.000Z,8741,Península
250852.0,2025-04-19T08:00:00.000+02:00,2025-04-19T06:00:00Z,2025-04-19T06:00:00.000Z,8741,Península
266149.0,2025-04-19T09:00:00.000+02:00,2025-04-19T07:00:00Z,2025-04-19T07:00:00.000Z,8741,Península
272175.0,2025-04-19T10:00:00.000+02:00,2025-04-19T08:00:00Z,2025-04-19T08:00:00.000Z,8741,Península
268347.0,2025-04-19T11:00:00.000+02:00,2025-04-19T09:00:00Z,2025-04-19T09:00:00.000Z,8741,Península
267324.0,2025-04-19T12:00:00.000+02:00,2025-04-19T10:00:00Z,2025-04-19T10:00:00.000Z,8741,Península
268146.0,2025-04-19T13:00:00.000+02:00,2025-04-19T11:00:00Z,2025-04-19T11:00:00.000Z,8741,Península
263088.0,2025-04-19T14:00:00.000+02:00,2025-04-19T12:00:00Z,2025-04-19T12:00:00.000Z,8741,Península
250352.0,2025-04-19T15:00:00.000+02:00,2025-04-19T13:00:00Z,2025-04-19T13:00:00.000Z,8741,Península
244702.0,2025-04-19T16:00:00.000+02:00,2025-04-19T14:00:00Z,2025-04-19T14:00:00.000Z,8741,Península
246979.0,2025-04-19T17:00:00.000+02:00,2025-04-19T15:00:00Z,2025-04-19T15:00:00.000Z,8741,Península
257324.0,2025-04-19T18:00:00.000+02:00,2025-04-19T16:00:00Z,2025-04-19T16:00:00.000Z,8741,Península
273894.0,2025-04-19T19:00:00.000+02:00,2025-04-19T17:00:00Z,2025-04-19T17:00:00.000Z,8741,Península
297387.0,2025-04-19T20:00:00.000+02:00,2025-04-19T18:00:00Z,2025-04-19T18:00:00.000Z,8741,Península
321221.0,2025-04-19T21:00:00.000+02:00,2025-04-19T19:00:00Z,2025-04-19T19:00:00.000Z,8741,Península
305553.0,2025-04-19T22:00:00.000+02:00,2025-04-19T20:00:00Z,2025-04-19T20:00:00.000Z,8741,Península
280215.0,2025-04-19T23:00:00.000+02:00,2025-04-19T21:00:00Z,2025-04-19T21:00:00.000Z,8741,Península
257716.0,2025-04-20T00:00:00.000+02:00,2025-04-19T22:00:00Z,2025-04-19T22:00:00.000Z,8741,Península
239595.0,2025-04-20T01:00:00.000+02:00,2025-04-19T23:00:00Z,2025-04-19T23:00:00.000Z,8741,Península
228396.0,2025-04-20T02:00:00.000+02:00,2025-04-20T00:00:00Z,2025-04-20T00:00:00.000Z,8741,Península
221468.0,2025-04-20T03:00:00.000+02:00,2025-04-20T01:00:00Z,2025-04-20T01:00:00.000Z,8741,Península
220252.0,2025-04-20T04:00:00.000+02:00,2025-04-20T02:00:00Z,2025-04-20T02:00:00.000Z,8741,Península
219709.0,2025-04-20T05:00:00.000+02:00,2025-04-20T03:00:00Z,2025-04-20T03:00:00.000Z,8741,Península
226300.0,2025-04-20T06:00:00.000+02:00,2025-04-20T04:00:00Z,2025-04-20T04:00:00.000Z,8741,Península
228763.0,2025-04-20T07:00:00.000+02:00,2025-04-20T05:00:00Z,2025-04-20T05:00:00.000Z,8741,Península
236921.0,2025-04-20T08:00:00.000+02:00,2025-04-20T06:00:00Z,2025-04-20T06:00:00.000Z,8741,Península
249246.0,2025-04-20T09:00:00.000+02:00,2025-04-20T07:00:00Z,2025-04-20T07:00:00.000Z,8741,Península
259015.0,2025-04-20T10:00:00.000+02:00,2025-04-20T08:00:00Z,2025-04-20T08:00:00.000Z,8741,Península
260444.0,2025-04-20T11:00:00.000+02:00,2025-04-20T09:00:00Z,2025-04-20T09:00:00.000Z,8741,Península
260799.0,2025-04-20T12:00:00.000+02:00,2025-04-20T10:00:00Z,2025-04-20T10:00:00.000Z,8741,Península
262548.0,2025-04-20T13:00:00.000+02:00,2025-04-20T11:00:00Z,2025-04-20T11:00:00.000Z,8741,Península
257746.0,2025-04-20T14:00:00.000+02:00,2025-04-20T12:00:00Z,2025-04-20T12:00:00.000Z,8741,Península
246128.0,2025-04-20T15:00:00.000+02:00,2025-04-20T13:00:00Z,2025-04-20T13:00:00.000Z,8741,Península
239763.0,2025-04-20T16:00:00.000+02:00,2025-04-20T14:00:00Z,2025-04-20T14:00:00.000Z,8741,Península
237441.0,2025-04-20T17:00:00.000+02:00,2025-04-20T15:00:00Z,2025-04-20T15:00:00.000Z,8741,Península
249568.0,2025-04-20T18:00:00.000+02:00,2025-04-20T16:00:00Z,2025-04-20T16:00:00.000Z,8741,Península
267299.0,2025-04-20T19:00:00.000+02:00,2025-04-20T17:00:00Z,2025-04-20T17:00:00.000Z,8741,Península
293923.0,2025-04-20T20:00:00.000+02:00,2025-04-20T18:00:00Z,2025-04-20T18:00:00.000Z,8741,Península
322407.0,2025-04-20T21:00:00.000+02:00,2025-04-20T19:00:00Z,2025-04-20T19:00:00.000Z,8741,Península
308696.0,2025-04-20T22:00:00.000+02:00,2025-04-20T20:00:00Z,2025-04-20T20:00:00.000Z,8741,Península
282350.0,2025-04-20T23:00:00.000+02:00,2025-04-20T21:00:00Z,2025-04-20T21:00:00.000Z,8741,Península
258681.0,2025-04-21T00:00:00.000+02:00,2025-04-20T22:00:00Z,2025-04-20T22:00:00.000Z,8741,Península
240440.0,2025-04-21T01:00:00.000+02:00,2025-04-20T23:00:00Z,2025-04-20T23:00:00.000Z,8741,Península
229039.0,2025-04-21T02:00:00.000+02:00,2025-04-21T00:00:00Z,2025-04-21T00:00:00.000Z,8741,Península
224325.0,2025-04-21T03:00:00.000+02:00,2025-04-21T01:00:00Z,2025-04-21T01:00:00.000Z,8741,Península
224653.0,2025-04-21T04:00:00.000+02:00,2025-04-21T02:00:00Z,2025-04-21T02:00:00.000Z,8741,Península
230608.0,2025-04-21T05:00:00.000+02:00,2025-04-21T03:00:00Z,2025-04-21T03:00:00.000Z,8741,Península
250564.0,2025-04-21T06:00:00.000+02:00,2025-04-21T04:00:00Z,2025-04-21T04:00:00.000Z,8741,Península
274820.0,2025-04-21T07:00:00.000+02:00,2025-04-21T05:00:00Z,2025-04-21T05:00:00.000Z,8741,Península
288450.0,2025-04-21T08:00:00.000+02:00,2025-04-21T06:00:00Z,2025-04-21T06:00:00.000Z,8741,Península
293692.0,2025-04-21T09:00:00.000+02:00,2025-04-21T07:00:00Z,2025-04-21T07:00:00.000Z,8741,Península
291431.0,2025-04-21T10:00:00.000+02:00,2025-04-21T08:00:00Z,2025-04-21T08:00:00.000Z,8741,Península
284763.0,2025-04-21T11:00:00.000+02:00,2025-04-21T09:00:00Z,2025-04-21T09:00:00.000Z,8741,Península
283478.0,2025-04-21T12:00:00.000+02:00,2025-04-21T10:00:00Z,2025-04-21T10:00:00.000Z,8741,Península
285993.0,2025-04-21T13:00:00.000+02:00,2025-04-21T11:00:00Z,2025-04-21T11:00:00.000Z,8741,Península
283744.0,2025-04-21T14:00:00.000+02:00,2025-04-21T12:00:00Z,2025-04-21T12:00:00.000Z,8741,Península
273176.0,2025-04-21T15:00:00.000+02:00,2025-04-21T13:00:00Z,2025-04-21T13:00:00.000Z,8741,Península
268759.0,2025-04-21T16:00:00.000+02:00,2025-04-21T14:00:00Z,2025-04-21T14:00:00.000Z,8741,Península
272949.0,2025-04-21T17:00:00.000+02:00,2025-04-21T15:00:00Z,2025-04-21T15:00:00.000Z,8741,Península
283985.0,2025-04-21T18:00:00.000+02:00,2025-04-21T16:00:00Z,2025-04-21T16:00:00.000Z,8741,Península
302857.0,2025-04-21T19:00:00.000+02:00,2025-04-21T17:00:00Z,2025-04-21T17:00:00.000Z,8741,Península
327385.0,2025-04-21T20:00:00.000+02:00,2025-04-21T18:00:00Z,2025-04-21T18:00:00.000Z,8741,Península
351610.0,2025-04-21T21:00:00.000+02:00,2025-04-21T19:00:00Z,2025-04-21T19:00:00.000Z,8741,Península
329975.0,2025-04-21T22:00:00.000+02:00,2025-04-21T20:00:00Z,2025-04-21T20:00:00.000Z,8741,Península
297096.0,2025-04-21T23:00:00.000+02:00,2025-04-21T21:00:00Z,2025-04-21T21:00:00.000Z,8741,Península
276688.0,2025-04-22T00:00:00.000+02:00,2025-04-21T22:00:00Z,2025-04-21T22:00:00.000Z,8741,Península
259819.0,2025-04-22T01:00:00.000+02:00,2025-04-21T23:00:00Z,2025-04-21T23:00:00.000Z,8741,Península
247858.0,2025-04-22T02:00:00.000+02:00,2025-04-22T00:00:00Z,2025-04-22T00:00:00.000Z,8741,Península
244093.0,2025-04-22T03:00:00.000+02:00,2025-04-22T01:00:00Z,2025-04-22T01:00:00.000Z,8741,Península
242243.0,2025-04-22T04:00:00.000+02:00,2025-04-22T02:00:00Z,2025-04-22T02:00:00.000Z,8741,Península
250086.0,2025-04-22T05:00:00.000+02:00,2025-04-22T03:00:00Z,2025-04-22T03:00:00.000Z,8741,Península
282062.0,2025-04-22T06:00:00.000+02:00,2025-04-22T04:00:00Z,2025-04-22T04:00:00.000Z,8741,Península
322665.0,2025-04-22T07:00:00.000+02:00,2025-04-22T05:00:00Z,2025-04-22T05:00:00.000Z,8741,Península
343182.0,2025-04-22T08:00:00.000+02:00,2025-04-22T06:00:00Z,2025-04-22T06:00:00.000Z,8741,Península
342813.0,2025-04-22T09:00:00.000+02:00,2025-04-22T07:00:00Z,2025-04-22T07:00:00.000Z,8741,Península
337146.0,2025-04-22T10:00:00.000+02:00,2025-04-22T08:00:00Z,2025-04-22T08:00:00.000Z,8741,Península
333681.0,2025-04-22T11:00:00.000+02:00,2025-04-22T09:00:00Z,2025-04-22T09:00:00.000Z,8741,Península
326890.0,2025-04-22T12:00:00.000+02:00,2025-04-22T10:00:00Z,2025-04-22T10:00:00.000Z,8741,Península
328194.0,2025-04-22T13:00:00.000+02:00,2025-04-22T11:00:00Z,2025-04-22T11:00:00.000Z,8741,Península
326701.0,2025-04-22T14:00:00.000+02:00,2025-04-22T12:00:00Z,2025-04-22T12:00:00.000Z,8741,Península
315896.0,2025-04-22T15:00:00.000+02:00,2025-04-22T13:00:00Z,2025-04-22T13:00:00.000Z,8741,Península
310948.0,2025-04-22T16:00:00.000+02:00,2025-04-22T14:00:00Z,2025-04-22T14:00:00.000Z,8741,Península
314580.0,2025-04-22T17:00:00.000+02:00,2025-04-22T15:00:00Z,2025-04-22T15:00:00.000Z,8741,Península
315548.0,2025-04-22T18:00:00.000+02:00,2025-04-22T16:00:00Z,2025-04-22T16:00:00.000Z,8741,Península
335930.0,2025-04-22T19:00:00.000+02:00,2025-04-22T17:00:00Z,2025-04-22T17:00:00.000Z,8741,Península
356768.0,2025-04-22T20:00:00.000+02:00,2025-04-22T18:00:00Z,2025-04-22T18:00:00.000Z,8741,Península
376230.0,2025-04-22T21:00:00.000+02:00,2025-04-22T19:00:00Z,2025-04-22T19:00:00.000Z,8741,Península
347587.0,2025-04-22T22:00:00.000+02:00,2025-04-22T20:00:00Z,2025-04-22T20:00:00.000Z,8741,Península
313289.0,2025-04-22T23:00:00.000+02:00,2025-04-22T21:00:00Z,2025-04-22T21:00:00.000Z,8741,Península
288993.0,2025-04-23T00:00:00.000+02:00,2025-04-22T22:00:00Z,2025-04-22T22:00:00.000Z,8741,Península
270763.0,2025-04-23T01:00:00.000+02:00,2025-04-22T23:00:00Z,2025-04-22T23:00:00.000Z,8741,Península
258849.0,2025-04-23T02:00:00.000+02:00,2025-04-23T00:00:00Z,2025-04-23T00:00:00.000Z,8741,Península
255013.0,2025-04-23T03:00:00.000+02:00,2025-04-23T01:00:00Z,2025-04-23T01:00:00.000Z,8741,Península
252418.0,2025-04-23T04:00:00.000+02:00,2025-04-23T02:00:00Z,2025-04-23T02:00:00.000Z,8741,Península
259891.0,2025-04-23T05:00:00.000+02:00,2025-04-23T03:00:00Z,2025-04-23T03:00:00.000Z,8741,Península
289310.0,2025-04-23T06:00:00.000+02:00,2025-04-23T04:00:00Z,2025-04-23T04:00:00.000Z,8741,Península
325190.0,2025-04-23T07:00:00.000+02:00,2025-04-23T05:00:00Z,2025-04-23T05:00:00.000Z,8741,Península
338958.0,2025-04-23T08:00:00.000+02:00,2025-04-23T06:00:00Z,2025-04-23T06:00:00.000Z,8741,Península
332037.0,2025-04-23T09:00:00.000+02:00,2025-04-23T07:00:00Z,2025-04-23T07:00:00.000Z,8741,Península
321317.0,2025-04-23T10:00:00.000+02:00,2025-04-23T08:00:00Z,2025-04-23T08:00:00.000Z,8741,Península
309681.0,2025-04-23T11:00:00.000+02:00,2025-04-23T09:00:00Z,2025-04-23T09:00:00.000Z,8741,Península
303463.0,2025-04-23T12:00:00.000+02:00,2025-04-23T10:00:00Z,2025-04-23T10:00:00.000Z,8741,Península
302572.0,2025-04-23T13:00:00.000+02:00,2025-04-23T11:00:00Z,2025-04-23T11:00:00.000Z,8741,Península
298866.0,2025-04-23T14:00:00.000+02:00,2025-04-23T12:00:00Z,2025-04-23T12:00:00.000Z,8741,Península
289528.0,2025-04-23T15:00:00.000+02:00,2025-04-23T13:00:00Z,2025-04-23T13:00:00.000Z,8741,Península
287823.0,2025-04-23T16:00:00.000+02:00,2025-04-23T14:00:00Z,2025-04-23T14:00:00.000Z,8741,Península
294059.0,2025-04-23T17:00:00.000+02:00,2025-04-23T15:00:00Z,2025-04-23T15:00:00.000Z,8741,Península
304169.0,2025-04-23T18:00:00.000+02:00,2025-04-23T16:00:00Z,2025-04-23T16:00:00.000Z,8741,Península
320424.0,2025-04-23T19:00:00.000+02:00,2025-04-23T17:00:00Z,2025-04-23T17:00:00.000Z,8741,Península
343528.0,2025-04-23T20:00:00.000+02:00,2025-04-23T18:00:00Z,2025-04-23T18:00:00.000Z,8741,Península
365616.0,2025-04-23T21:00:00.000+02:00,2025-04-23T19:00:00Z,2025-04-23T19:00:00.000Z,8741,Península
339019.0,2025-04-23T22:00:00.000+02:00,2025-04-23T20:00:00Z,2025-04-23T20:00:00.000Z,8741,Península
307337.0,2025-04-23T23:00:00.000+02:00,2025-04-23T21:00:00Z,2025-04-23T21:00:00.000Z,8741,Península
282907.0,2025-04-24T00:00:00.000+02:00,2025-04-23T22:00:00Z,2025-04-23T22:00:00.000Z,8741,Península
265386.0,2025-04-24T01:00:00.000+02:00,2025-04-23T23:00:00Z,2025-04-23T23:00:00.000Z,8741,Península
254906.0,2025-04-24T02:00:00.000+02:00,2025-04-24T00:00:00Z,2025-04-24T00:00:00.000Z,8741,Península
251366.0,2025-04-24T03:00:00.000+02:00,2025-04-24T01:00:00Z,2025-04-24T01:00:00.000Z,8741,Península
250114.0,2025-04-24T04:00:00.000+02:00,2025-04-24T02:00:00Z,2025-04-24T02:00:00.000Z,8741,Península
257291.0,2025-04-24T05:00:00.000+02:00,2025-04-24T03:00:00Z,2025-04-24T03:00:00.000Z,8741,Península
288207.0,2025-04-24T06:00:00.000+02:00,2025-04-24T04:00:00Z,2025-04-24T04:00:00.000Z,8741,Península
322155.0,2025-04-24T07:00:00.000+02:00,2025-04-24T05:00:00Z,2025-04-24T05:00:00.000Z,8741,Península
337486.0,2025-04-24T08:00:00.000+02:00,2025-04-24T06:00:00Z,2025-04-24T06:00:00.000Z,8741,Península
331176.0,2025-04-24T09:00:00.000+02:00,2025-04-24T07:00:00Z,2025-04-24T07:00:00.000Z,8741,Península
321023.0,2025-04-24T10:00:00.000+02:00,2025-04-24T08:00:00Z,2025-04-24T08:00:00.000Z,8741,Península
307968.0,2025-04-24T11:00:00.000+02:00,2025-04-24T09:00:00Z,2025-04-24T09:00:00.000Z,8741,Península
303268.0,2025-04-24T12:00:00.000+02:00,2025-04-24T10:00:00Z,2025-04-24T10:00:00.000Z,8741,Península
302447.0,2025-04-24T13:00:00.000+02:00,2025-04-24T11:00:00Z,2025-04-24T11:00:00.000Z,8741,Península
296250.0,2025-04-24T14:00:00.000+02:00,2025-04-24T12:00:00Z,2025-04-24T12:00:00.000Z,8741,Península
290802.0,2025-04-24T15:00:00.000+02:00,2025-04-24T13:00:00Z,2025-04-24T13:00:00.000Z,8741,Península
289378.0,2025-04-24T16:00:00.000+02:00,2025-04-24T14:00:00Z,2025-04-24T14:00:00.000Z,8741,Península
297433.0,2025-04-24T17:00:00.000+02:00,2025-04-24T15:00:00Z,2025-04-24T15:00:00.000Z,8741,Península
311745.0,2025-04-24T18:00:00.000+02:00,2025-04-24T16:00:00Z,2025-04-24T16:00:00.000Z,8741,Península
328147.0,2025-04-24T19:00:00.000+02:00,2025-04-24T17:00:00Z,2025-04-24T17:00:00.000Z,8741,Península
347451.0,2025-04-24T20:00:00.000+02:00,2025-04-24T18:00:00Z,2025-04-24T18:00:00.000Z,8741,Península
368753.0,2025-04-24T21:00:00.000+02:00,2025-04-24T19:00:00Z,2025-04-24T19:00:00.000Z,8741,Península
342040.0,2025-04-24T22:00:00.000+02:00,2025-04-24T20:00:00Z,2025-04-24T20:00:00.000Z,8741,Península
311401.0,2025-04-24T23:00:00.000+02:00,2025-04-24T21:00:00Z,2025-04-24T21:00:00.000Z,8741,Península
290389.0,2025-04-25T00:00:00.000+02:00,2025-04-24T22:00:00Z,2025-04-24T22:00:00.000Z,8741,Península
275455.0,2025-04-25T01:00:00.000+02:00,2025-04-24T23:00:00Z,2025-04-24T23:00:00.000Z,8741,Península
263793.0,2025-04-25T02:00:00.000+02:00,2025-04-25T00:00:00Z,2025-04-25T00:00:00.000Z,8741,Península
258734.0,2025-04-25T03:00:00.000+02:00,2025-04-25T01:00:00Z,2025-04-25T01:00:00.000Z,8741,Península
256642.0,2025-04-25T04:00:00.000+02:00,2025-04-25T02:00:00Z,2025-04-25T02:00:00.000Z,8741,Península
263934.0,2025-04-25T05:00:00.000+02:00,2025-04-25T03:00:00Z,2025-04-25T03:00:00.000Z,8741,Península
292816.0,2025-04-25T06:00:00.000+02:00,2025-04-25T04:00:00Z,2025-04-25T04:00:00.000Z,8741,Península
324505.0,2025-04-25T07:00:00.000+02:00,2025-04-25T05:00:00Z,2025-04-25T05:00:00.000Z,8741,Península
340850.0,2025-04-25T08:00:00.000+02:00,2025-04-25T06:00:00Z,2025-04-25T06:00:00.000Z,8741,Península
339107.0,2025-04-25T09:00:00.000+02:00,2025-04-25T07:00:00Z,2025-04-25T07:00:00.000Z,8741,Península
331226.0,2025-04-25T10:00:00.000+02:00,2025-04-25T08:00:00Z,2025-04-25T08:00:00.000Z,8741,Península
322898.0,2025-04-25T11:00:00.000+02:00,2025-04-25T09:00:00Z,2025-04-25T09:00:00.000Z,8741,Península
319280.0,2025-04-25T12:00:00.000+02:00,2025-04-25T10:00:00Z,2025-04-25T10:00:00.000Z,8741,Península
312975.0,2025-04-25T13:00:00.000+02:00,2025-04-25T11:00:00Z,2025-04-25T11:00:00.000Z,8741,Península
304164.0,2025-04-25T14:00:00.000+02:00,2025-04-25T12:00:00Z,2025-04-25T12:00:00.000Z,8741,Península
293977.0,2025-04-25T15:00:00.000+02:00,2025-04-25T13:00:00Z,2025-04-25T13:00:00.000Z,8741,Península
289879.0,2025-04-25T16:00:00.000+02:00,2025-04-25T14:00:00Z,2025-04-25T14:00:00.000Z,8741,Península
298271.0,2025-04-25T17:00:00.000+02:00,2025-04-25T15:00:00Z,2025-04-25T15:00:00.000Z,8741,Península
310822.0,2025-04-25T18:00:00.000+02:00,2025-04-25T16:00:00Z,2025-04-25T16:00:00.000Z,8741,Península
325989.0,2025-04-25T19:00:00.000+02:00,2025-04-25T17:00:00Z,2025-04-25T17:00:00.000Z,8741,Península
337175.0,2025-04-25T20:00:00.000+02:00,2025-04-25T18:00:00Z,2025-04-25T18:00:00.000Z,8741,Península
354915.0,2025-04-25T21:00:00.000+02:00,2025-04-25T19:00:00Z,2025-04-25T19:00:00.000Z,8741,Península
332357.0,2025-04-25T22:00:00.000+02:00,2025-04-25T20:00:00Z,2025-04-25T20:00:00.000Z,8741,Península
304268.0,2025-04-25T23:00:00.000+02:00,2025-04-25T21:00:00Z,2025-04-25T21:00:00.000Z,8741,Península
280278.0,2025-04-26T00:00:00.000+02:00,2025-04-25T22:00:00Z,2025-04-25T22:00:00.000Z,8741,Península
262360.0,2025-04-26T01:00:00.000+02:00,2025-04-25T23:00:00Z,2025-04-25T23:00:00.000Z,8741,Península
250095.0,2025-04-26T02:00:00.000+02:00,2025-04-26T00:00:00Z,2025-04-26T00:00:00.000Z,8741,Península
243441.0,2025-04-26T03:00:00.000+02:00,2025-04-26T01:00:00Z,2025-04-26T01:00:00.000Z,8741,Península
239910.0,2025-04-26T04:00:00.000+02:00,2025-04-26T02:00:00Z,2025-04-26T02:00:00.000Z,8741,Península
237324.0,2025-04-26T05:00:00.000+02:00,2025-04-26T03:00:00Z,2025-04-26T03:00:00.000Z,8741,Península
245935.0,2025-04-26T06:00:00.000+02:00,2025-04-26T04:00:00Z,2025-04-26T04:00:00.000Z,8741,Península
253416.0,2025-04-26T07:00:00.000+02:00,2025-04-26T05:00:00Z,2025-04-26T05:00:00.000Z,8741,Península
266335.0,2025-04-26T08:00:00.000+02:00,2025-04-26T06:00:00Z,2025-04-26T06:00:00.000Z,8741,Península
278548.0,2025-04-26T09:00:00.000+02:00,2025-04-26T07:00:00Z,2025-04-26T07:00:00.000Z,8741,Península
284606.0,2025-04-26T10:00:00.000+02:00,2025-04-26T08:00:00Z,2025-04-26T08:00:00.000Z,8741,Península
278158.0,2025-04-26T11:00:00.000+02:00,2025-04-26T09:00:00Z,2025-04-26T09:00:00.000Z,8741,Península
273216.0,2025-04-26T12:00:00.000+02:00,2025-04-26T10:00:00Z,2025-04-26T10:00:00.000Z,8741,Península
276824.0,2025-04-26T13:00:00.000+02:00,2025-04-26T11:00:00Z,2025-04-26T11:00:00.000Z,8741,Península
269024.0,2025-04-26T14:00:00.000+02:00,2025-04-26T12:00:00Z,2025-04-26T12:00:00.000Z,8741,Península
253086.0,2025-04-26T15:00:00.000+02:00,2025-04-26T13:00:00Z,2025-04-26T13:00:00.000Z,8741,Península
242652.0,2025-04-26T16:00:00.000+02:00,2025-04-26T14:00:00Z,2025-04-26T14:00:00.000Z,8741,Península
243458.0,2025-04-26T17:00:00.000+02:00,2025-04-26T15:00:00Z,2025-04-26T15:00:00.000Z,8741,Península
259416.0,2025-04-26T18:00:00.000+02:00,2025-04-26T16:00:00Z,2025-04-26T16:00:00.000Z,8741,Península
275420.0,2025-04-26T19:00:00.000+02:00,2025-04-26T17:00:00Z,2025-04-26T17:00:00.000Z,8741,Península
294255.0,2025-04-26T20:00:00.000+02:00,2025-04-26T18:00:00Z,2025-04-26T18:00:00.000Z,8741,Península
319344.0,2025-04-26T21:00:00.000+02:00,2025-04-26T19:00:00Z,2025-04-26T19:00:00.000Z,8741,Península
302973.0,2025-04-26T22:00:00.000+02:00,2025-04-26T20:00:00Z,2025-04-26T20:00:00.000Z,8741,Península
278873.0,2025-04-26T23:00:00.000+02:00,2025-04-26T21:00:00Z,2025-04-26T21:00:00.000Z,8741,Península
260542.0,2025-04-27T00:00:00.000+02:00,2025-04-26T22:00:00Z,2025-04-26T22:00:00.000Z,8741,Península
247779.0,2025-04-27T01:00:00.000+02:00,2025-04-26T23:00:00Z,2025-04-26T23:00:00.000Z,8741,Península
234945.0,2025-04-27T02:00:00.000+02:00,2025-04-27T00:00:00Z,2025-04-27T00:00:00.000Z,8741,Península
228861.0,2025-04-27T03:00:00.000+02:00,2025-04-27T01:00:00Z,2025-04-27T01:00:00.000Z,8741,Península
226102.0,2025-04-27T04:00:00.000+02:00,2025-04-27T02:00:00Z,2025-04-27T02:00:00.000Z,8741,Península
224920.0,2025-04-27T05:00:00.000+02:00,2025-04-27T03:00:00Z,2025-04-27T03:00:00.000Z,8741,Península
227380.0,2025-04-27T06:00:00.000+02:00,2025-04-27T04:00:00Z,2025-04-27T04:00:00.000Z,8741,Península
230980.0,2025-04-27T07:00:00.000+02:00,2025-04-27T05:00:00Z,2025-04-27T05:00:00.000Z,8741,Península
233838.0,2025-04-27T08:00:00.000+02:00,2025-04-27T06:00:00Z,2025-04-27T06:00:00.000Z,8741,Península
239546.0,2025-04-27T09:00:00.000+02:00,2025-04-27T07:00:00Z,2025-04-27T07:00:00.000Z,8741,Península
244036.0,2025-04-27T10:00:00.000+02:00,2025-04-27T08:00:00Z,2025-04-27T08:00:00.000Z,8741,Península
240936.0,2025-04-27T11:00:00.000+02:00,2025-04-27T09:00:00Z,2025-04-27T09:00:00.000Z,8741,Península
236169.0,2025-04-27T12:00:00.000+02:00,2025-04-27T10:00:00Z,2025-04-27T10:00:00.000Z,8741,Península
237140.0,2025-04-27T13:00:00.000+02:00,2025-04-27T11:00:00Z,2025-04-27T11:00:00.000Z,8741,Península
237247.0,2025-04-27T14:00:00.000+02:00,2025-04-27T12:00:00Z,2025-04-27T12:00:00.000Z,8741,Península
226368.0,2025-04-27T15:00:00.000+02:00,2025-04-27T13:00:00Z,2025-04-27T13:00:00.000Z,8741,Península
222922.0,2025-04-27T16:00:00.000+02:00,2025-04-27T14:00:00Z,2025-04-27T14:00:00.000Z,8741,Península
230108.0,2025-04-27T17:00:00.000+02:00,2025-04-27T15:00:00Z,2025-04-27T15:00:00.000Z,8741,Península
246714.0,2025-04-27T18:00:00.000+02:00,2025-04-27T16:00:00Z,2025-04-27T16:00:00.000Z,8741,Península
266866.0,2025-04-27T19:00:00.000+02:00,2025-04-27T17:00:00Z,2025-04-27T17:00:00.000Z,8741,Península
289562.0,2025-04-27T20:00:00.000+02:00,2025-04-27T18:00:00Z,2025-04-27T18:00:00.000Z,8741,Península
318193.0,2025-04-27T21:00:00.000+02:00,2025-04-27T19:00:00Z,2025-04-27T19:00:00.000Z,8741,Península
308533.0,2025-04-27T22:00:00.000+02:00,2025-04-27T20:00:00Z,2025-04-27T20:00:00.000Z,8741,Península
281521.0,2025-04-27T23:00:00.000+02:00,2025-04-27T21:00:00Z,2025-04-27T21:00:00.000Z,8741,Península
262050.0,2025-04-28T00:00:00.000+02:00,2025-04-27T22:00:00Z,2025-04-27T22:00:00.000Z,8741,Península
250518.0,2025-04-28T01:00:00.000+02:00,2025-04-27T23:00:00Z,2025-04-27T23:00:00.000Z,8741,Península
240605.0,2025-04-28T02:00:00.000+02:00,2025-04-28T00:00:00Z,2025-04-28T00:00:00.000Z,8741,Península
235816.0,2025-04-28T03:00:00.000+02:00,2025-04-28T01:00:00Z,2025-04-28T01:00:00.000Z,8741,Península
235605.0,2025-04-28T04:00:00.000+02:00,2025-04-28T02:00:00Z,2025-04-28T02:00:00.000Z,8741,Península
244978.0,2025-04-28T05:00:00.000+02:00,2025-04-28T03:00:00Z,2025-04-28T03:00:00.000Z,8741,Península
276469.0,2025-04-28T06:00:00.000+02:00,2025-04-28T04:00:00Z,2025-04-28T04:00:00.000Z,8741,Península
311999.0,2025-04-28T07:00:00.000+02:00,2025-04-28T05:00:00Z,2025-04-28T05:00:00.000Z,8741,Península
327619.0,2025-04-28T08:00:00.000+02:00,2025-04-28T06:00:00Z,2025-04-28T06:00:00.000Z,8741,Península
322062.0,2025-04-28T09:00:00.000+02:00,2025-04-28T07:00:00Z,2025-04-28T07:00:00.000Z,8741,Península
311791.0,2025-04-28T10:00:00.000+02:00,2025-04-28T08:00:00Z,2025-04-28T08:00:00.000Z,8741,Península
304069.0,2025-04-28T11:00:00.000+02:00,2025-04-28T09:00:00Z,2025-04-28T09:00:00.000Z,8741,Península
175392.0,2025-04-28T12:00:00.000+02:00,2025-04-28T10:00:00Z,2025-04-28T10:00:00.000Z,8741,Península
3932.0,2025-04-28T13:00:00.000+02:00,2025-04-28T11:00:00Z,2025-04-28T11:00:00.000Z,8741,Península
11740.0,2025-04-28T14:00:00.000+02:00,2025-04-28T12:00:00Z,2025-04-28T12:00:00.000Z,8741,Península
22501.0,2025-04-28T15:00:00.000+02:00,2025-04-28T13:00:00Z,2025-04-28T13:00:00.000Z,8741,Península
34840.0,2025-04-28T16:00:00.000+02:00,2025-04-28T14:00:00Z,2025-04-28T14:00:00.000Z,8741,Península
53943.0,2025-04-28T17:00:00.000+02:00,2025-04-28T15:00:00Z,2025-04-28T15:00:00.000Z,8741,Península
84327.0,2025-04-28T18:00:00.000+02:00,2025-04-28T16:00:00Z,2025-04-28T16:00:00.000Z,8741,Península
104543.0,2025-04-28T19:00:00.000+02:00,2025-04-28T17:00:00Z,2025-04-28T17:00:00.000Z,8741,Península
133259.0,2025-04-28T20:00:00.000+02:00,2025-04-28T18:00:00Z,2025-04-28T18:00:00.000Z,8741,Península
161434.0,2025-04-28T21:00:00.000+02:00,2025-04-28T19:00:00Z,2025-04-28T19:00:00.000Z,8741,Península
175755.0,2025-04-28T22:00:00.000+02:00,2025-04-28T20:00:00Z,2025-04-28T20:00:00.000Z,8741,Península
182275.0,2025-04-28T23:00:00.000+02:00,2025-04-28T21:00:00Z,2025-04-28T21:00:00.000Z,8741,Península
182709.0,2025-04-29T00:00:00.000+02:00,2025-04-28T22:00:00Z,2025-04-28T22:00:00.000Z,8741,Península
181569.0,2025-04-29T01:00:00.000+02:00,2025-04-28T23:00:00Z,2025-04-28T23:00:00.000Z,8741,Península
177258.0,2025-04-29T02:00:00.000+02:00,2025-04-29T00:00:00Z,2025-04-29T00:00:00.000Z,8741,Península
179449.0,2025-04-29T03:00:00.000+02:00,2025-04-29T01:00:00Z,2025-04-29T01:00:00.000Z,8741,Península
179350.0,2025-04-29T04:00:00.000+02:00,2025-04-29T02:00:00Z,2025-04-29T02:00:00.000Z,8741,Península
185088.0,2025-04-29T05:00:00.000+02:00,2025-04-29T03:00:00Z,2025-04-29T03:00:00.000Z,8741,Península
221460.0,2025-04-29T06:00:00.000+02:00,2025-04-29T04:00:00Z,2025-04-29T04:00:00.000Z,8741,Península
270058.0,2025-04-29T07:00:00.000+02:00,2025-04-29T05:00:00Z,2025-04-29T05:00:00.000Z,8741,Península
296281.0,2025-04-29T08:00:00.000+02:00,2025-04-29T06:00:00Z,2025-04-29T06:00:00.000Z,8741,Península
291145.0,2025-04-29T09:00:00.000+02:00,2025-04-29T07:00:00Z,2025-04-29T07:00:00.000Z,8741,Península
296295.0,2025-04-29T10:00:00.000+02:00,2025-04-29T08:00:00Z,2025-04-29T08:00:00.000Z,8741,Península
284762.0,2025-04-29T11:00:00.000+02:00,2025-04-29T09:00:00Z,2025-04-29T09:00:00.000Z,8741,Península
274676.0,2025-04-29T12:00:00.000+02:00,2025-04-29T10:00:00Z,2025-04-29T10:00:00.000Z,8741,Península
271161.0,2025-04-29T13:00:00.000+02:00,2025-04-29T11:00:00Z,2025-04-29T11:00:00.000Z,8741,Península
264553.0,2025-04-29T14:00:00.000+02:00,2025-04-29T12:00:00Z,2025-04-29T12:00:00.000Z,8741,Península
252401.0,2025-04-29T15:00:00.000+02:00,2025-04-29T13:00:00Z,2025-04-29T13:00:00.000Z,8741,Península
251391.0,2025-04-29T16:00:00.000+02:00,2025-04-29T14:00:00Z,2025-04-29T14:00:00.000Z,8741,Península
261305.0,2025-04-29T17:00:00.000+02:00,2025-04-29T15:00:00Z,2025-04-29T15:00:00.000Z,8741,Península
276263.0,2025-04-29T18:00:00.000+02:00,2025-04-29T16:00:00Z,2025-04-29T16:00:00.000Z,8741,Península
292051.0,2025-04-29T19:00:00.000+02:00,2025-04-29T17:00:00Z,2025-04-29T17:00:00.000Z,8741,Península
324450.0,2025-04-29T20:00:00.000+02:00,2025-04-29T18:00:00Z,2025-04-29T18:00:00.000Z,8741,Península
341988.0,2025-04-29T21:00:00.000+02:00,2025-04-29T19:00:00Z,2025-04-29T19:00:00.000Z,8741,Península
314364.0,2025-04-29T22:00:00.000+02:00,2025-04-29T20:00:00Z,2025-04-29T20:00:00.000Z,8741,Península
281187.0,2025-04-29T23:00:00.000+02:00,2025-04-29T21:00:00Z,2025-04-29T21:00:00.000Z,8741,Península
270528.0,2025-04-30T00:00:00.000+02:00,2025-04-29T22:00:00Z,2025-04-29T22:00:00.000Z,8741,Península
255646.0,2025-04-30T01:00:00.000+02:00,2025-04-29T23:00:00Z,2025-04-29T23:00:00.000Z,8741,Península
245789.0,2025-04-30T02:00:00.000+02:00,2025-04-30T00:00:00Z,2025-04-30T00:00:00.000Z,8741,Península
241875.0,2025-04-30T03:00:00.000+02:00,2025-04-30T01:00:00Z,2025-04-30T01:00:00.000Z,8741,Península
241480.0,2025-04-30T04:00:00.000+02:00,2025-04-30T02:00:00Z,2025-04-30T02:00:00.000Z,8741,Península
248420.0,2025-04-30T05:00:00.000+02:00,2025-04-30T03:00:00Z,2025-04-30T03:00:00.000Z,8741,Península
277701.0,2025-04-30T06:00:00.000+02:00,2025-04-30T04:00:00Z,2025-04-30T04:00:00.000Z,8741,Península
310048.0,2025-04-30T07:00:00.000+02:00,2025-04-30T05:00:00Z,2025-04-30T05:00:00.000Z,8741,Península
323403.0,2025-04-30T08:00:00.000+02:00,2025-04-30T06:00:00Z,2025-04-30T06:00:00.000Z,8741,Península
326194.0,2025-04-30T09:00:00.000+02:00,2025-04-30T07:00:00Z,2025-04-30T07:00:00.000Z,8741,Península
319045.0,2025-04-30T10:00:00.000+02:00,2025-04-30T08:00:00Z,2025-04-30T08:00:00.000Z,8741,Península
314815.0,2025-04-30T11:00:00.000+02:00,2025-04-30T09:00:00Z,2025-04-30T09:00:00.000Z,8741,Península
309492.0,2025-04-30T12:00:00.000+02:00,2025-04-30T10:00:00Z,2025-04-30T10:00:00.000Z,8741,Península
307300.0,2025-04-30T13:00:00.000+02:00,2025-04-30T11:00:00Z,2025-04-30T11:00:00.000Z,8741,Península
300997.0,2025-04-30T14:00:00.000+02:00,2025-04-30T12:00:00Z,2025-04-30T12:00:00.000Z,8741,Península
296911.0,2025-04-30T15:00:00.000+02:00,2025-04-30T13:00:00Z,2025-04-30T13:00:00.000Z,8741,Península
294381.0,2025-04-30T16:00:00.000+02:00,2025-04-30T14:00:00Z,2025-04-30T14:00:00.000Z,8741,Península
297013.0,2025-04-30T17:00:00.000+02:00,2025-04-30T15:00:00Z,2025-04-30T15:00:00.000Z,8741,Península
307023.0,2025-04-30T18:00:00.000+02:00,2025-04-30T16:00:00Z,2025-04-30T16:00:00.000Z,8741,Península
320651.0,2025-04-30T19:00:00.000+02:00,2025-04-30T17:00:00Z,2025-04-30T17:00:00.000Z,8741,Península
337697.0,2025-04-30T20:00:00.000+02:00,2025-04-30T18:00:00Z,2025-04-30T18:00:00.000Z,8741,Península
348935.0,2025-04-30T21:00:00.000+02:00,2025-04-30T19:00:00Z,2025-04-30T19:00:00.000Z,8741,Península
315044.0,2025-04-30T22:00:00.000+02:00,2025-04-30T20:00:00Z,2025-04-30T20:00:00.000Z,8741,Península
287026.0,2025-04-30T23:00:00.000+02:00,2025-04-30T21:00:00Z,2025-04-30T21:00:00.000Z,8741,Península
270729.0,2025-05-01T00:00:00.000+02:00,2025-04-30T22:00:00Z,2025-04-30T22:00:00.000Z,8741,Península
254524.0,2025-05-01T01:00:00.000+02:00,2025-04-30T23:00:00Z,2025-04-30T23:00:00.000Z,8741,Península
238670.0,2025-05-01T02:00:00.000+02:00,2025-05-01T00:00:00Z,2025-05-01T00:00:00.000Z,8741,Península
233516.0,2025-05-01T03:00:00.000+02:00,2025-05-01T01:00:00Z,2025-05-01T01:00:00.000Z,8741,Península
232530.0,2025-05-01T04:00:00.000+02:00,2025-05-01T02:00:00Z,2025-05-01T02:00:00.000Z,8741,Península
229854.0,2025-05-01T05:00:00.000+02:00,2025-05-01T03:00:00Z,2025-05-01T03:00:00.000Z,8741,Península
231680.0,2025-05-01T06:00:00.000+02:00,2025-05-01T04:00:00Z,2025-05-01T04:00:00.000Z,8741,Península
232916.0,2025-05-01T07:00:00.000+02:00,2025-05-01T05:00:00Z,2025-05-01T05:00:00.000Z,8741,Península
238840.0,2025-05-01T08:00:00.000+02:00,2025-05-01T06:00:00Z,2025-05-01T06:00:00.000Z,8741,Península
251387.0,2025-05-01T09:00:00.000+02:00,2025-05-01T07:00:00Z,2025-05-01T07:00:00.000Z,8741,Península
257441.0,2025-05-01T10:00:00.000+02:00,2025-05-01T08:00:00Z,2025-05-01T08:00:00.000Z,8741,Península
250112.0,2025-05-01T11:00:00.000+02:00,2025-05-01T09:00:00Z,2025-05-01T09:00:00.000Z,8741,Península
248436.0,2025-05-01T12:00:00.000+02:00,2025-05-01T10:00:00Z,2025-05-01T10:00:00.000Z,8741,Península
247233.0,2025-05-01T13:00:00.000+02:00,2025-05-01T11:00:00Z,2025-05-01T11:00:00.000Z,8741,Península
241393.0,2025-05-01T14:00:00.000+02:00,2025-05-01T12:00:00Z,2025-05-01T12:00:00.000Z,8741,Península
223442.0,2025-05-01T15:00:00.000+02:00,2025-05-01T13:00:00Z,2025-05-01T13:00:00.000Z,8741,Península
215075.0,2025-05-01T16:00:00.000+02:00,2025-05-01T14:00:00Z,2025-05-01T14:00:00.000Z,8741,Península
219956.0,2025-05-01T17:00:00.000+02:00,2025-05-01T15:00:00Z,2025-05-01T15:00:00.000Z,8741,Península
233282.0,2025-05-01T18:00:00.000+02:00,2025-05-01T16:00:00Z,2025-05-01T16:00:00.000Z,8741,Península
250408.0,2025-05-01T19:00:00.000+02:00,2025-05-01T17:00:00Z,2025-05-01T17:00:00.000Z,8741,Península
267018.0,2025-05-01T20:00:00.000+02:00,2025-05-01T18:00:00Z,2025-05-01T18:00:00.000Z,8741,Península
291631.0,2025-05-01T21:00:00.000+02:00,2025-05-01T19:00:00Z,2025-05-01T19:00:00.000Z,8741,Península
284860.0,2025-05-01T22:00:00.000+02:00,2025-05-01T20:00:00Z,2025-05-01T20:00:00.000Z,8741,Península
262264.0,2025-05-01T23:00:00.000+02:00,2025-05-01T21:00:00Z,2025-05-01T21:00:00.000Z,8741,Península
242295.0,2025-05-02T00:00:00.000+02:00,2025-05-01T22:00:00Z,2025-05-01T22:00:00.000Z,8741,Península
227573.0,2025-05-02T01:00:00.000+02:00,2025-05-01T23:00:00Z,2025-05-01T23:00:00.000Z,8741,Península
217702.0,2025-05-02T02:00:00.000+02:00,2025-05-02T00:00:00Z,2025-05-02T00:00:00.000Z,8741,Península
213442.0,2025-05-02T03:00:00.000+02:00,2025-05-02T01:00:00Z,2025-05-02T01:00:00.000Z,8741,Península
211528.0,2025-05-02T04:00:00.000+02:00,2025-05-02T02:00:00Z,2025-05-02T02:00:00.000Z,8741,Península
216342.0,2025-05-02T05:00:00.000+02:00,2025-05-02T03:00:00Z,2025-05-02T03:00:00.000Z,8741,Península
238507.0,2025-05-02T06:00:00.000+02:00,2025-05-02T04:00:00Z,2025-05-02T04:00:00.000Z,8741,Península
257189.0,2025-05-02T07:00:00.000+02:00,2025-05-02T05:00:00Z,2025-05-02T05:00:00.000Z,8741,Península
272274.0,2025-05-02T08:00:00.000+02:00,2025-05-02T06:00:00Z,2025-05-02T06:00:00.000Z,8741,Península
288543.0,2025-05-02T09:00:00.000+02:00,2025-05-02T07:00:00Z,2025-05-02T07:00:00.000Z,8741,Península
300504.0,2025-05-02T10:00:00.000+02:00,2025-05-02T08:00:00Z,2025-05-02T08:00:00.000Z,8741,Península
303050.0,2025-05-02T11:00:00.000+02:00,2025-05-02T09:00:00Z,2025-05-02T09:00:00.000Z,8741,Península
294131.0,2025-05-02T12:00:00.000+02:00,2025-05-02T10:00:00Z,2025-05-02T10:00:00.000Z,8741,Península
290096.0,2025-05-02T13:00:00.000+02:00,2025-05-02T11:00:00Z,2025-05-02T11:00:00.000Z,8741,Península
282893.0,2025-05-02T14:00:00.000+02:00,2025-05-02T12:00:00Z,2025-05-02T12:00:00.000Z,8741,Península
270906.0,2025-05-02T15:00:00.000+02:00,2025-05-02T13:00:00Z,2025-05-02T13:00:00.000Z,8741,Península
268465.0,2025-05-02T16:00:00.000+02:00,2025-05-02T14:00:00Z,2025-05-02T14:00:00.000Z,8741,Península
273099.0,2025-05-02T17:00:00.000+02:00,2025-05-02T15:00:00Z,2025-05-02T15:00:00.000Z,8741,Península
277943.0,2025-05-02T18:00:00.000+02:00,2025-05-02T16:00:00Z,2025-05-02T16:00:00.000Z,8741,Península
288828.0,2025-05-02T19:00:00.000+02:00,2025-05-02T17:00:00Z,2025-05-02T17:00:00.000Z,8741,Península
305579.0,2025-05-02T20:00:00.000+02:00,2025-05-02T18:00:00Z,2025-05-02T18:00:00.000Z,8741,Península
322106.0,2025-05-02T21:00:00.000+02:00,2025-05-02T19:00:00Z,2025-05-02T19:00:00.000Z,8741,Península
305876.0,2025-05-02T22:00:00.000+02:00,2025-05-02T20:00:00Z,2025-05-02T20:00:00.000Z,8741,Península
280963.0,2025-05-02T23:00:00.000+02:00,2025-05-02T21:00:00Z,2025-05-02T21:00:00.000Z,8741,Península
264038.0,2025-05-03T00:00:00.000+02:00,2025-05-02T22:00:00Z,2025-05-02T22:00:00.000Z,8741,Península
249106.0,2025-05-03T01:00:00.000+02:00,2025-05-02T23:00:00Z,2025-05-02T23:00:00.000Z,8741,Península
237127.0,2025-05-03T02:00:00.000+02:00,2025-05-03T00:00:00Z,2025-05-03T00:00:00.000Z,8741,Península
232214.0,2025-05-03T03:00:00.000+02:00,2025-05-03T01:00:00Z,2025-05-03T01:00:00.000Z,8741,Península
227949.0,2025-05-03T04:00:00.000+02:00,2025-05-03T02:00:00Z,2025-05-03T02:00:00.000Z,8741,Península
229093.0,2025-05-03T05:00:00.000+02:00,2025-05-03T03:00:00Z,2025-05-03T03:00:00.000Z,8741,Península
237611.0,2025-05-03T06:00:00.000+02:00,2025-05-03T04:00:00Z,2025-05-03T04:00:00.000Z,8741,Península
244773.0,2025-05-03T07:00:00.000+02:00,2025-05-03T05:00:00Z,2025-05-03T05:00:00.000Z,8741,Península
255481.0,2025-05-03T08:00:00.000+02:00,2025-05-03T06:00:00Z,2025-05-03T06:00:00.000Z,8741,Península
268243.0,2025-05-03T09:00:00.000+02:00,2025-05-03T07:00:00Z,2025-05-03T07:00:00.000Z,8741,Península
272804.0,2025-05-03T10:00:00.000+02:00,2025-05-03T08:00:00Z,2025-05-03T08:00:00.000Z,8741,Península
270424.0,2025-05-03T11:00:00.000+02:00,2025-05-03T09:00:00Z,2025-05-03T09:00:00.000Z,8741,Península
265557.0,2025-05-03T12:00:00.000+02:00,2025-05-03T10:00:00Z,2025-05-03T10:00:00.000Z,8741,Península
266274.0,2025-05-03T13:00:00.000+02:00,2025-05-03T11:00:00Z,2025-05-03T11:00:00.000Z,8741,Península
260927.0,2025-05-03T14:00:00.000+02:00,2025-05-03T12:00:00Z,2025-05-03T12:00:00.000Z,8741,Península
250092.0,2025-05-03T15:00:00.000+02:00,2025-05-03T13:00:00Z,2025-05-03T13:00:00.000Z,8741,Península
242997.0,2025-05-03T16:00:00.000+02:00,2025-05-03T14:00:00Z,2025-05-03T14:00:00.000Z,8741,Península
247223.0,2025-05-03T17:00:00.000+02:00,2025-05-03T15:00:00Z,2025-05-03T15:00:00.000Z,8741,Península
261131.0,2025-05-03T18:00:00.000+02:00,2025-05-03T16:00:00Z,2025-05-03T16:00:00.000Z,8741,Península
275835.0,2025-05-03T19:00:00.000+02:00,2025-05-03T17:00:00Z,2025-05-03T17:00:00.000Z,8741,Península
290189.0,2025-05-03T20:00:00.000+02:00,2025-05-03T18:00:00Z,2025-05-03T18:00:00.000Z,8741,Península
309339.0,2025-05-03T21:00:00.000+02:00,2025-05-03T19:00:00Z,2025-05-03T19:00:00.000Z,8741,Península
298097.0,2025-05-03T22:00:00.000+02:00,2025-05-03T20:00:00Z,2025-05-03T20:00:00.000Z,8741,Península
274995.0,2025-05-03T23:00:00.000+02:00,2025-05-03T21:00:00Z,2025-05-03T21:00:00.000Z,8741,Península
255256.0,2025-05-04T00:00:00.000+02:00,2025-05-03T22:00:00Z,2025-05-03T22:00:00.000Z,8741,Península
238328.0,2025-05-04T01:00:00.000+02:00,2025-05-03T23:00:00Z,2025-05-03T23:00:00.000Z,8741,Península
225804.0,2025-05-04T02:00:00.000+02:00,2025-05-04T00:00:00Z,2025-05-04T00:00:00.000Z,8741,Península
219058.0,2025-05-04T03:00:00.000+02:00,2025-05-04T01:00:00Z,2025-05-04T01:00:00.000Z,8741,Península
213684.0,2025-05-04T04:00:00.000+02:00,2025-05-04T02:00:00Z,2025-05-04T02:00:00.000Z,8741,Península
212831.0,2025-05-04T05:00:00.000+02:00,2025-05-04T03:00:00Z,2025-05-04T03:00:00.000Z,8741,Península
217808.0,2025-05-04T06:00:00.000+02:00,2025-05-04T04:00:00Z,2025-05-04T04:00:00.000Z,8741,Península
218894.0,2025-05-04T07:00:00.000+02:00,2025-05-04T05:00:00Z,2025-05-04T05:00:00.000Z,8741,Península
228858.0,2025-05-04T08:00:00.000+02:00,2025-05-04T06:00:00Z,2025-05-04T06:00:00.000Z,8741,Península
241892.0,2025-05-04T09:00:00.000+02:00,2025-05-04T07:00:00Z,2025-05-04T07:00:00.000Z,8741,Península
250343.0,2025-05-04T10:00:00.000+02:00,2025-05-04T08:00:00Z,2025-05-04T08:00:00.000Z,8741,Península
249106.0,2025-05-04T11:00:00.000+02:00,2025-05-04T09:00:00Z,2025-05-04T09:00:00.000Z,8741,Península
248414.0,2025-05-04T12:00:00.000+02:00,2025-05-04T10:00:00Z,2025-05-04T10:00:00.000Z,8741,Península
250709.0,2025-05-04T13:00:00.000+02:00,2025-05-04T11:00:00Z,2025-05-04T11:00:00.000Z,8741,Península
246900.0,2025-05-04T14:00:00.000+02:00,2025-05-04T12:00:00Z,2025-05-04T12:00:00.000Z,8741,Península
235429.0,2025-05-04T15:00:00.000+02:00,2025-05-04T13:00:00Z,2025-05-04T13:00:00.000Z,8741,Península
231557.0,2025-05-04T16:00:00.000+02:00,2025-05-04T14:00:00Z,2025-05-04T14:00:00.000Z,8741,Península
235388.0,2025-05-04T17:00:00.000+02:00,2025-05-04T15:00:00Z,2025-05-04T15:00:00.000Z,8741,Península
248848.0,2025-05-04T18:00:00.000+02:00,2025-05-04T16:00:00Z,2025-05-04T16:00:00.000Z,8741,Península
263921.0,2025-05-04T19:00:00.000+02:00,2025-05-04T17:00:00Z,2025-05-04T17:00:00.000Z,8741,Península
283244.0,2025-05-04T20:00:00.000+02:00,2025-05-04T18:00:00Z,2025-05-04T18:00:00.000Z,8741,Península
306697.0,2025-05-04T21:00:00.000+02:00,2025-05-04T19:00:00Z,2025-05-04T19:00:00.000Z,8741,Península
297809.0,2025-05-04T22:00:00.000+02:00,2025-05-04T20:00:00Z,2025-05-04T20:00:00.000Z,8741,Península
271621.0,2025-05-04T23:00:00.000+02:00,2025-05-04T21:00:00Z,2025-05-04T21:00:00.000Z,8741,Península
251039.0,2025-05-05T00:00:00.000+02:00,2025-05-04T22:00:00Z,2025-05-04T22:00:00.000Z,8741,Península
235191.0,2025-05-05T01:00:00.000+02:00,2025-05-04T23:00:00Z,2025-05-04T23:00:00.000Z,8741,Península
226411.0,2025-05-05T02:00:00.000+02:00,2025-05-05T00:00:00Z,2025-05-05T00:00:00.000Z,8741,Península
223890.0,2025-05-05T03:00:00.000+02:00,2025-05-05T01:00:00Z,2025-05-05T01:00:00.000Z,8741,Península
224038.0,2025-05-05T04:00:00.000+02:00,2025-05-05T02:00:00Z,2025-05-05T02:00:00.000Z,8741,Península
232882.0,2025-05-05T05:00:00.000+02:00,2025-05-05T03:00:00Z,2025-05-05T03:00:00.000Z,8741,Península
267389.0,2025-05-05T06:00:00.000+02:00,2025-05-05T04:00:00Z,2025-05-05T04:00:00.000Z,8741,Península
303861.0,2025-05-05T07:00:00.000+02:00,2025-05-05T05:00:00Z,2025-05-05T05:00:00.000Z,8741,Península
322960.0,2025-05-05T08:00:00.000+02:00,2025-05-05T06:00:00Z,2025-05-05T06:00:00.000Z,8741,Península
325992.0,2025-05-05T09:00:00.000+02:00,2025-05-05T07:00:00Z,2025-05-05T07:00:00.000Z,8741,Península
323264.0,2025-05-05T10:00:00.000+02:00,2025-05-05T08:00:00Z,2025-05-05T08:00:00.000Z,8741,Península
321029.0,2025-05-05T11:00:00.000+02:00,2025-05-05T09:00:00Z,2025-05-05T09:00:00.000Z,8741,Península
322187.0,2025-05-05T12:00:00.000+02:00,2025-05-05T10:00:00Z,2025-05-05T10:00:00.000Z,8741,Península
319761.0,2025-05-05T13:00:00.000+02:00,2025-05-05T11:00:00Z,2025-05-05T11:00:00.000Z,8741,Península
314224.0,2025-05-05T14:00:00.000+02:00,2025-05-05T12:00:00Z,2025-05-05T12:00:00.000Z,8741,Península
307222.0,2025-05-05T15:00:00.000+02:00,2025-05-05T13:00:00Z,2025-05-05T13:00:00.000Z,8741,Península
306595.0,2025-05-05T16:00:00.000+02:00,2025-05-05T14:00:00Z,2025-05-05T14:00:00.000Z,8741,Península
309848.0,2025-05-05T17:00:00.000+02:00,2025-05-05T15:00:00Z,2025-05-05T15:00:00.000Z,8741,Península
316245.0,2025-05-05T18:00:00.000+02:00,2025-05-05T16:00:00Z,2025-05-05T16:00:00.000Z,8741,Península
331049.0,2025-05-05T19:00:00.000+02:00,2025-05-05T17:00:00Z,2025-05-05T17:00:00.000Z,8741,Península
346271.0,2025-05-05T20:00:00.000+02:00,2025-05-05T18:00:00Z,2025-05-05T18:00:00.000Z,8741,Península
361865.0,2025-05-05T21:00:00.000+02:00,2025-05-05T19:00:00Z,2025-05-05T19:00:00.000Z,8741,Península
336004.0,2025-05-05T22:00:00.000+02:00,2025-05-05T20:00:00Z,2025-05-05T20:00:00.000Z,8741,Península
301622.0,2025-05-05T23:00:00.000+02:00,2025-05-05T21:00:00Z,2025-05-05T21:00:00.000Z,8741,Península
277608.0,2025-05-06T00:00:00.000+02:00,2025-05-05T22:00:00Z,2025-05-05T22:00:00.000Z,8741,Península
263980.0,2025-05-06T01:00:00.000+02:00,2025-05-05T23:00:00Z,2025-05-05T23:00:00.000Z,8741,Península
253503.0,2025-05-06T02:00:00.000+02:00,2025-05-06T00:00:00Z,2025-05-06T00:00:00.000Z,8741,Península
249886.0,2025-05-06T03:00:00.000+02:00,2025-05-06T01:00:00Z,2025-05-06T01:00:00.000Z,8741,Península
248968.0,2025-05-06T04:00:00.000+02:00,2025-05-06T02:00:00Z,2025-05-06T02:00:00.000Z,8741,Península
254203.0,2025-05-06T05:00:00.000+02:00,2025-05-06T03:00:00Z,2025-05-06T03:00:00.000Z,8741,Península
283486.0,2025-05-06T06:00:00.000+02:00,2025-05-06T04:00:00Z,2025-05-06T04:00:00.000Z,8741,Península
315896.0,2025-05-06T07:00:00.000+02:00,2025-05-06T05:00:00Z,2025-05-06T05:00:00.000Z,8741,Península
335547.0,2025-05-06T08:00:00.000+02:00,2025-05-06T06:00:00Z,2025-05-06T06:00:00.000Z,8741,Península
330753.0,2025-05-06T09:00:00.000+02:00,2025-05-06T07:00:00Z,2025-05-06T07:00:00.000Z,8741,Península
319123.0,2025-05-06T10:00:00.000+02:00,2025-05-06T08:00:00Z,2025-05-06T08:00:00.000Z,8741,Península
310033.0,2025-05-06T11:00:00.000+02:00,2025-05-06T09:00:00Z,2025-05-06T09:00:00.000Z,8741,Península
309271.0,2025-05-06T12:00:00.000+02:00,2025-05-06T10:00:00Z,2025-05-06T10:00:00.000Z,8741,Península
309493.0,2025-05-06T13:00:00.000+02:00,2025-05-06T11:00:00Z,2025-05-06T11:00:00.000Z,8741,Península
304913.0,2025-05-06T14:00:00.000+02:00,2025-05-06T12:00:00Z,2025-05-06T12:00:00.000Z,8741,Península
296181.0,2025-05-06T15:00:00.000+02:00,2025-05-06T13:00:00Z,2025-05-06T13:00:00.000Z,8741,Península
288210.0,2025-05-06T16:00:00.000+02:00,2025-05-06T14:00:00Z,2025-05-06T14:00:00.000Z,8741,Península
292161.0,2025-05-06T17:00:00.000+02:00,2025-05-06T15:00:00Z,2025-05-06T15:00:00.000Z,8741,Península
303178.0,2025-05-06T18:00:00.000+02:00,2025-05-06T16:00:00Z,2025-05-06T16:00:00.000Z,8741,Península
321266.0,2025-05-06T19:00:00.000+02:00,2025-05-06T17:00:00Z,2025-05-06T17:00:00.000Z,8741,Península
344834.0,2025-05-06T20:00:00.000+02:00,2025-05-06T18:00:00Z,2025-05-06T18:00:00.000Z,8741,Península
361694.0,2025-05-06T21:00:00.000+02:00,2025-05-06T19:00:00Z,2025-05-06T19:00:00.000Z,8741,Península
335815.0,2025-05-06T22:00:00.000+02:00,2025-05-06T20:00:00Z,2025-05-06T20:00:00.000Z,8741,Península
303409.0,2025-05-06T23:00:00.000+02:00,2025-05-06T21:00:00Z,2025-05-06T21:00:00.000Z,8741,Península
283977.0,2025-05-07T00:00:00.000+02:00,2025-05-06T22:00:00Z,2025-05-06T22:00:00.000Z,8741,Península
266155.0,2025-05-07T01:00:00.000+02:00,2025-05-06T23:00:00Z,2025-05-06T23:00:00.000Z,8741,Península
257500.0,2025-05-07T02:00:00.000+02:00,2025-05-07T00:00:00Z,2025-05-07T00:00:00.000Z,8741,Península
252355.0,2025-05-07T03:00:00.000+02:00,2025-05-07T01:00:00Z,2025-05-07T01:00:00.000Z,8741,Península
251019.0,2025-05-07T04:00:00.000+02:00,2025-05-07T02:00:00Z,2025-05-07T02:00:00.000Z,8741,Península
257707.0,2025-05-07T05:00:00.000+02:00,2025-05-07T03:00:00Z,2025-05-07T03:00:00.000Z,8741,Península
287519.0,2025-05-07T06:00:00.000+02:00,2025-05-07T04:00:00Z,2025-05-07T04:00:00.000Z,8741,Península
322415.0,2025-05-07T07:00:00.000+02:00,2025-05-07T05:00:00Z,2025-05-07T05:00:00.000Z,8741,Península
338250.0,2025-05-07T08:00:00.000+02:00,2025-05-07T06:00:00Z,2025-05-07T06:00:00.000Z,8741,Península
331436.0,2025-05-07T09:00:00.000+02:00,2025-05-07T07:00:00Z,2025-05-07T07:00:00.000Z,8741,Península
321622.0,2025-05-07T10:00:00.000+02:00,2025-05-07T08:00:00Z,2025-05-07T08:00:00.000Z,8741,Península
306668.0,2025-05-07T11:00:00.000+02:00,2025-05-07T09:00:00Z,2025-05-07T09:00:00.000Z,8741,Península
310968.0,2025-05-07T12:00:00.000+02:00,2025-05-07T10:00:00Z,2025-05-07T10:00:00.000Z,8741,Península
310224.0,2025-05-07T13:00:00.000+02:00,2025-05-07T11:00:00Z,2025-05-07T11:00:00.000Z,8741,Península
307121.0,2025-05-07T14:00:00.000+02:00,2025-05-07T12:00:00Z,2025-05-07T12:00:00.000Z,8741,Península
297617.0,2025-05-07T15:00:00.000+02:00,2025-05-07T13:00:00Z,2025-05-07T13:00:00.000Z,8741,Península
292042.0,2025-05-07T16:00:00.000+02:00,2025-05-07T14:00:00Z,2025-05-07T14:00:00.000Z,8741,Península
298517.0,2025-05-07T17:00:00.000+02:00,2025-05-07T15:00:00Z,2025-05-07T15:00:00.000Z,8741,Península
311959.0,2025-05-07T18:00:00.000+02:00,2025-05-07T16:00:00Z,2025-05-07T16:00:00.000Z,8741,Península
327866.0,2025-05-07T19:00:00.000+02:00,2025-05-07T17:00:00Z,2025-05-07T17:00:00.000Z,8741,Península
348708.0,2025-05-07T20:00:00.000+02:00,2025-05-07T18:00:00Z,2025-05-07T18:00:00.000Z,8741,Península
364985.0,2025-05-07T21:00:00.000+02:00,2025-05-07T19:00:00Z,2025-05-07T19:00:00.000Z,8741,Península
341536.0,2025-05-07T22:00:00.000+02:00,2025-05-07T20:00:00Z,2025-05-07T20:00:00.000Z,8741,Península
308246.0,2025-05-07T23:00:00.000+02:00,2025-05-07T21:00:00Z,2025-05-07T21:00:00.000Z,8741,Península
285272.0,2025-05-08T00:00:00.000+02:00,2025-05-07T22:00:00Z,2025-05-07T22:00:00.000Z,8741,Península
269947.0,2025-05-08T01:00:00.000+02:00,2025-05-07T23:00:00Z,2025-05-07T23:00:00.000Z,8741,Península
258191.0,2025-05-08T02:00:00.000+02:00,2025-05-08T00:00:00Z,2025-05-08T00:00:00.000Z,8741,Península
252784.0,2025-05-08T03:00:00.000+02:00,2025-05-08T01:00:00Z,2025-05-08T01:00:00.000Z,8741,Península
252144.0,2025-05-08T04:00:00.000+02:00,2025-05-08T02:00:00Z,2025-05-08T02:00:00.000Z,8741,Península
259326.0,2025-05-08T05:00:00.000+02:00,2025-05-08T03:00:00Z,2025-05-08T03:00:00.000Z,8741,Península
288673.0,2025-05-08T06:00:00.000+02:00,2025-05-08T04:00:00Z,2025-05-08T04:00:00.000Z,8741,Península
320425.0,2025-05-08T07:00:00.000+02:00,2025-05-08T05:00:00Z,2025-05-08T05:00:00.000Z,8741,Península
336471.0,2025-05-08T08:00:00.000+02:00,2025-05-08T06:00:00Z,2025-05-08T06:00:00.000Z,8741,Península
334034.0,2025-05-08T09:00:00.000+02:00,2025-05-08T07:00:00Z,2025-05-08T07:00:00.000Z,8741,Península
327893.0,2025-05-08T10:00:00.000+02:00,2025-05-08T08:00:00Z,2025-05-08T08:00:00.000Z,8741,Península
323836.0,2025-05-08T11:00:00.000+02:00,2025-05-08T09:00:00Z,2025-05-08T09:00:00.000Z,8741,Península
322655.0,2025-05-08T12:00:00.000+02:00,2025-05-08T10:00:00Z,2025-05-08T10:00:00.000Z,8741,Península
324855.0,2025-05-08T13:00:00.000+02:00,2025-05-08T11:00:00Z,2025-05-08T11:00:00.000Z,8741,Península
323569.0,2025-05-08T14:00:00.000+02:00,2025-05-08T12:00:00Z,2025-05-08T12:00:00.000Z,8741,Península
318238.0,2025-05-08T15:00:00.000+02:00,2025-05-08T13:00:00Z,2025-05-08T13:00:00.000Z,8741,Península
318032.0,2025-05-08T16:00:00.000+02:00,2025-05-08T14:00:00Z,2025-05-08T14:00:00.000Z,8741,Península
322896.0,2025-05-08T17:00:00.000+02:00,2025-05-08T15:00:00Z,2025-05-08T15:00:00.000Z,8741,Península
325796.0,2025-05-08T18:00:00.000+02:00,2025-05-08T16:00:00Z,2025-05-08T16:00:00.000Z,8741,Península
335449.0,2025-05-08T19:00:00.000+02:00,2025-05-08T17:00:00Z,2025-05-08T17:00:00.000Z,8741,Península
355301.0,2025-05-08T20:00:00.000+02:00,2025-05-08T18:00:00Z,2025-05-08T18:00:00.000Z,8741,Península
372035.0,2025-05-08T21:00:00.000+02:00,2025-05-08T19:00:00Z,2025-05-08T19:00:00.000Z,8741,Península
346333.0,2025-05-08T22:00:00.000+02:00,2025-05-08T20:00:00Z,2025-05-08T20:00:00.000Z,8741,Península
313667.0,2025-05-08T23:00:00.000+02:00,2025-05-08T21:00:00Z,2025-05-08T21:00:00.000Z,8741,Península
290420.0,2025-05-09T00:00:00.000+02:00,2025-05-08T22:00:00Z,2025-05-08T22:00:00.000Z,8741,Península
274456.0,2025-05-09T01:00:00.000+02:00,2025-05-08T23:00:00Z,2025-05-08T23:00:00.000Z,8741,Península
263218.0,2025-05-09T02:00:00.000+02:00,2025-05-09T00:00:00Z,2025-05-09T00:00:00.000Z,8741,Península
257298.0,2025-05-09T03:00:00.000+02:00,2025-05-09T01:00:00Z,2025-05-09T01:00:00.000Z,8741,Península
257261.0,2025-05-09T04:00:00.000+02:00,2025-05-09T02:00:00Z,2025-05-09T02:00:00.000Z,8741,Península
264160.0,2025-05-09T05:00:00.000+02:00,2025-05-09T03:00:00Z,2025-05-09T03:00:00.000Z,8741,Península
293748.0,2025-05-09T06:00:00.000+02:00,2025-05-09T04:00:00Z,2025-05-09T04:00:00.000Z,8741,Península
327248.0,2025-05-09T07:00:00.000+02:00,2025-05-09T05:00:00Z,2025-05-09T05:00:00.000Z,8741,Península
342980.0,2025-05-09T08:00:00.000+02:00,2025-05-09T06:00:00Z,2025-05-09T06:00:00.000Z,8741,Península
341386.0,2025-05-09T09:00:00.000+02:00,2025-05-09T07:00:00Z,2025-05-09T07:00:00.000Z,8741,Península
332649.0,2025-05-09T10:00:00.000+02:00,2025-05-09T08:00:00Z,2025-05-09T08:00:00.000Z,8741,Península
327025.0,2025-05-09T11:00:00.000+02:00,2025-05-09T09:00:00Z,2025-05-09T09:00:00.000Z,8741,Península
330012.0,2025-05-09T12:00:00.000+02:00,2025-05-09T10:00:00Z,2025-05-09T10:00:00.000Z,8741,Península
330323.0,2025-05-09T13:00:00.000+02:00,2025-05-09T11:00:00Z,2025-05-09T11:00:00.000Z,8741,Península
323230.0,2025-05-09T14:00:00.000+02:00,2025-05-09T12:00:00Z,2025-05-09T12:00:00.000Z,8741,Península
311767.0,2025-05-09T15:00:00.000+02:00,2025-05-09T13:00:00Z,2025-05-09T13:00:00.000Z,8741,Península
303550.0,2025-05-09T16:00:00.000+02:00,2025-05-09T14:00:00Z,2025-05-09T14:00:00.000Z,8741,Península
304346.0,2025-05-09T17:00:00.000+02:00,2025-05-09T15:00:00Z,2025-05-09T15:00:00.000Z,8741,Península
310669.0,2025-05-09T18:00:00.000+02:00,2025-05-09T16:00:00Z,2025-05-09T16:00:00.000Z,8741,Península
325392.0,2025-05-09T19:00:00.000+02:00,2025-05-09T17:00:00Z,2025-05-09T17:00:00.000Z,8741,Península
336032.0,2025-05-09T20:00:00.000+02:00,2025-05-09T18:00:00Z,2025-05-09T18:00:00.000Z,8741,Península
349821.0,2025-05-09T21:00:00.000+02:00,2025-05-09T19:00:00Z,2025-05-09T19:00:00.000Z,8741,Península
330891.0,2025-05-09T22:00:00.000+02:00,2025-05-09T20:00:00Z,2025-05-09T20:00:00.000Z,8741,Península
303916.0,2025-05-09T23:00:00.000+02:00,2025-05-09T21:00:00Z,2025-05-09T21:00:00.000Z,8741,Península
284627.0,2025-05-10T00:00:00.000+02:00,2025-05-09T22:00:00Z,2025-05-09T22:00:00.000Z,8741,Península
268041.0,2025-05-10T01:00:00.000+02:00,2025-05-09T23:00:00Z,2025-05-09T23:00:00.000Z,8741,Península
255051.0,2025-05-10T02:00:00.000+02:00,2025-05-10T00:00:00Z,2025-05-10T00:00:00.000Z,8741,Península
248125.0,2025-05-10T03:00:00.000+02:00,2025-05-10T01:00:00Z,2025-05-10T01:00:00.000Z,8741,Península
243620.0,2025-05-10T04:00:00.000+02:00,2025-05-10T02:00:00Z,2025-05-10T02:00:00.000Z,8741,Península
241016.0,2025-05-10T05:00:00.000+02:00,2025-05-10T03:00:00Z,2025-05-10T03:00:00.000Z,8741,Península
248553.0,2025-05-10T06:00:00.000+02:00,2025-05-10T04:00:00Z,2025-05-10T04:00:00.000Z,8741,Península
254047.0,2025-05-10T07:00:00.000+02:00,2025-05-10T05:00:00Z,2025-05-10T05:00:00.000Z,8741,Península
267711.0,2025-05-10T08:00:00.000+02:00,2025-05-10T06:00:00Z,2025-05-10T06:00:00.000Z,8741,Península
284145.0,2025-05-10T09:00:00.000+02:00,2025-05-10T07:00:00Z,2025-05-10T07:00:00.000Z,8741,Península
291044.0,2025-05-10T10:00:00.000+02:00,2025-05-10T08:00:00Z,2025-05-10T08:00:00.000Z,8741,Península
287812.0,2025-05-10T11:00:00.000+02:00,2025-05-10T09:00:00Z,2025-05-10T09:00:00.000Z,8741,Península
281775.0,2025-05-10T12:00:00.000+02:00,2025-05-10T10:00:00Z,2025-05-10T10:00:00.000Z,8741,Península
280100.0,2025-05-10T13:00:00.000+02:00,2025-05-10T11:00:00Z,2025-05-10T11:00:00.000Z,8741,Península
274965.0,2025-05-10T14:00:00.000+02:00,2025-05-10T12:00:00Z,2025-05-10T12:00:00.000Z,8741,Península
256893.0,2025-05-10T15:00:00.000+02:00,2025-05-10T13:00:00Z,2025-05-10T13:00:00.000Z,8741,Península
250591.0,2025-05-10T16:00:00.000+02:00,2025-05-10T14:00:00Z,2025-05-10T14:00:00.000Z,8741,Península
255999.0,2025-05-10T17:00:00.000+02:00,2025-05-10T15:00:00Z,2025-05-10T15:00:00.000Z,8741,Península
263585.0,2025-05-10T18:00:00.000+02:00,2025-05-10T16:00:00Z,2025-05-10T16:00:00.000Z,8741,Península
277294.0,2025-05-10T19:00:00.000+02:00,2025-05-10T17:00:00Z,2025-05-10T17:00:00.000Z,8741,Península
291780.0,2025-05-10T20:00:00.000+02:00,2025-05-10T18:00:00Z,2025-05-10T18:00:00.000Z,8741,Península
310336.0,2025-05-10T21:00:00.000+02:00,2025-05-10T19:00:00Z,2025-05-10T19:00:00.000Z,8741,Península
301333.0,2025-05-10T22:00:00.000+02:00,2025-05-10T20:00:00Z,2025-05-10T20:00:00.000Z,8741,Península
279890.0,2025-05-10T23:00:00.000+02:00,2025-05-10T21:00:00Z,2025-05-10T21:00:00.000Z,8741,Península
258451.0,2025-05-11T00:00:00.000+02:00,2025-05-10T22:00:00Z,2025-05-10T22:00:00.000Z,8741,Península
242332.0,2025-05-11T01:00:00.000+02:00,2025-05-10T23:00:00Z,2025-05-10T23:00:00.000Z,8741,Península
230254.0,2025-05-11T02:00:00.000+02:00,2025-05-11T00:00:00Z,2025-05-11T00:00:00.000Z,8741,Península
225530.0,2025-05-11T03:00:00.000+02:00,2025-05-11T01:00:00Z,2025-05-11T01:00:00.000Z,8741,Península
222685.0,2025-05-11T04:00:00.000+02:00,2025-05-11T02:00:00Z,2025-05-11T02:00:00.000Z,8741,Península
222747.0,2025-05-11T05:00:00.000+02:00,2025-05-11T03:00:00Z,2025-05-11T03:00:00.000Z,8741,Península
226217.0,2025-05-11T06:00:00.000+02:00,2025-05-11T04:00:00Z,2025-05-11T04:00:00.000Z,8741,Península
225450.0,2025-05-11T07:00:00.000+02:00,2025-05-11T05:00:00Z,2025-05-11T05:00:00.000Z,8741,Península
230426.0,2025-05-11T08:00:00.000+02:00,2025-05-11T06:00:00Z,2025-05-11T06:00:00.000Z,8741,Península
239658.0,2025-05-11T09:00:00.000+02:00,2025-05-11T07:00:00Z,2025-05-11T07:00:00.000Z,8741,Península
244739.0,2025-05-11T10:00:00.000+02:00,2025-05-11T08:00:00Z,2025-05-11T08:00:00.000Z,8741,Península
242414.0,2025-05-11T11:00:00.000+02:00,2025-05-11T09:00:00Z,2025-05-11T09:00:00.000Z,8741,Península
241569.0,2025-05-11T12:00:00.000+02:00,2025-05-11T10:00:00Z,2025-05-11T10:00:00.000Z,8741,Península
245672.0,2025-05-11T13:00:00.000+02:00,2025-05-11T11:00:00Z,2025-05-11T11:00:00.000Z,8741,Península
244764.0,2025-05-11T14:00:00.000+02:00,2025-05-11T12:00:00Z,2025-05-11T12:00:00.000Z,8741,Península
232317.0,2025-05-11T15:00:00.000+02:00,2025-05-11T13:00:00Z,2025-05-11T13:00:00.000Z,8741,Península
228561.0,2025-05-11T16:00:00.000+02:00,2025-05-11T14:00:00Z,2025-05-11T14:00:00.000Z,8741,Península
234379.0,2025-05-11T17:00:00.000+02:00,2025-05-11T15:00:00Z,2025-05-11T15:00:00.000Z,8741,Península
242926.0,2025-05-11T18:00:00.000+02:00,2025-05-11T16:00:00Z,2025-05-11T16:00:00.000Z,8741,Península
263130.0,2025-05-11T19:00:00.000+02:00,2025-05-11T17:00:00Z,2025-05-11T17:00:00.000Z,8741,Península
282942.0,2025-05-11T20:00:00.000+02:00,2025-05-11T18:00:00Z,2025-05-11T18:00:00.000Z,8741,Península
309888.0,2025-05-11T21:00:00.000+02:00,2025-05-11T19:00:00Z,2025-05-11T19:00:00.000Z,8741,Península
305211.0,2025-05-11T22:00:00.000+02:00,2025-05-11T20:00:00Z,2025-05-11T20:00:00.000Z,8741,Península
280629.0,2025-05-11T23:00:00.000+02:00,2025-05-11T21:00:00Z,2025-05-11T21:00:00.000Z,8741,Península
258269.0,2025-05-12T00:00:00.000+02:00,2025-05-11T22:00:00Z,2025-05-11T22:00:00.000Z,8741,Península
242607.0,2025-05-12T01:00:00.000+02:00,2025-05-11T23:00:00Z,2025-05-11T23:00:00.000Z,8741,Península
233728.0,2025-05-12T02:00:00.000+02:00,2025-05-12T00:00:00Z,2025-05-12T00:00:00.000Z,8741,Península
229951.0,2025-05-12T03:00:00.000+02:00,2025-05-12T01:00:00Z,2025-05-12T01:00:00.000Z,8741,Península
229845.0,2025-05-12T04:00:00.000+02:00,2025-05-12T02:00:00Z,2025-05-12T02:00:00.000Z,8741,Península
241835.0,2025-05-12T05:00:00.000+02:00,2025-05-12T03:00:00Z,2025-05-12T03:00:00.000Z,8741,Península
275988.0,2025-05-12T06:00:00.000+02:00,2025-05-12T04:00:00Z,2025-05-12T04:00:00.000Z,8741,Península
311442.0,2025-05-12T07:00:00.000+02:00,2025-05-12T05:00:00Z,2025-05-12T05:00:00.000Z,8741,Península
327113.0,2025-05-12T08:00:00.000+02:00,2025-05-12T06:00:00Z,2025-05-12T06:00:00.000Z,8741,Península
322467.0,2025-05-12T09:00:00.000+02:00,2025-05-12T07:00:00Z,2025-05-12T07:00:00.000Z,8741,Península
308703.0,2025-05-12T10:00:00.000+02:00,2025-05-12T08:00:00Z,2025-05-12T08:00:00.000Z,8741,Península
301780.0,2025-05-12T11:00:00.000+02:00,2025-05-12T09:00:00Z,2025-05-12T09:00:00.000Z,8741,Península
301870.0,2025-05-12T12:00:00.000+02:00,2025-05-12T10:00:00Z,2025-05-12T10:00:00.000Z,8741,Península
307184.0,2025-05-12T13:00:00.000+02:00,2025-05-12T11:00:00Z,2025-05-12T11:00:00.000Z,8741,Península
302833.0,2025-05-12T14:00:00.000+02:00,2025-05-12T12:00:00Z,2025-05-12T12:00:00.000Z,8741,Península
296695.0,2025-05-12T15:00:00.000+02:00,2025-05-12T13:00:00Z,2025-05-12T13:00:00.000Z,8741,Península
292553.0,2025-05-12T16:00:00.000+02:00,2025-05-12T14:00:00Z,2025-05-12T14:00:00.000Z,8741,Península
297665.0,2025-05-12T17:00:00.000+02:00,2025-05-12T15:00:00Z,2025-05-12T15:00:00.000Z,8741,Península
308017.0,2025-05-12T18:00:00.000+02:00,2025-05-12T16:00:00Z,2025-05-12T16:00:00.000Z,8741,Península
326759.0,2025-05-12T19:00:00.000+02:00,2025-05-12T17:00:00Z,2025-05-12T17:00:00.000Z,8741,Península
345963.0,2025-05-12T20:00:00.000+02:00,2025-05-12T18:00:00Z,2025-05-12T18:00:00.000Z,8741,Península
362991.0,2025-05-12T21:00:00.000+02:00,2025-05-12T19:00:00Z,2025-05-12T19:00:00.000Z,8741,Península
339125.0,2025-05-12T22:00:00.000+02:00,2025-05-12T20:00:00Z,2025-05-12T20:00:00.000Z,8741,Península
306425.0,2025-05-12T23:00:00.000+02:00,2025-05-12T21:00:00Z,2025-05-12T21:00:00.000Z,8741,Península
284199.0,2025-05-13T00:00:00.000+02:00,2025-05-12T22:00:00Z,2025-05-12T22:00:00.000Z,8741,Península
268157.0,2025-05-13T01:00:00.000+02:00,2025-05-12T23:00:00Z,2025-05-12T23:00:00.000Z,8741,Península
257597.0,2025-05-13T02:00:00.000+02:00,2025-05-13T00:00:00Z,2025-05-13T00:00:00.000Z,8741,Península
253155.0,2025-05-13T03:00:00.000+02:00,2025-05-13T01:00:00Z,2025-05-13T01:00:00.000Z,8741,Península
251718.0,2025-05-13T04:00:00.000+02:00,2025-05-13T02:00:00Z,2025-05-13T02:00:00.000Z,8741,Península
257800.0,2025-05-13T05:00:00.000+02:00,2025-05-13T03:00:00Z,2025-05-13T03:00:00.000Z,8741,Península
288268.0,2025-05-13T06:00:00.000+02:00,2025-05-13T04:00:00Z,2025-05-13T04:00:00.000Z,8741,Península
320089.0,2025-05-13T07:00:00.000+02:00,2025-05-13T05:00:00Z,2025-05-13T05:00:00.000Z,8741,Península
337233.0,2025-05-13T08:00:00.000+02:00,2025-05-13T06:00:00Z,2025-05-13T06:00:00.000Z,8741,Península
333169.0,2025-05-13T09:00:00.000+02:00,2025-05-13T07:00:00Z,2025-05-13T07:00:00.000Z,8741,Península
322845.0,2025-05-13T10:00:00.000+02:00,2025-05-13T08:00:00Z,2025-05-13T08:00:00.000Z,8741,Península
314443.0,2025-05-13T11:00:00.000+02:00,2025-05-13T09:00:00Z,2025-05-13T09:00:00.000Z,8741,Península
311300.0,2025-05-13T12:00:00.000+02:00,2025-05-13T10:00:00Z,2025-05-13T10:00:00.000Z,8741,Península
312958.0,2025-05-13T13:00:00.000+02:00,2025-05-13T11:00:00Z,2025-05-13T11:00:00.000Z,8741,Península
309834.0,2025-05-13T14:00:00.000+02:00,2025-05-13T12:00:00Z,2025-05-13T12:00:00.000Z,8741,Península
306200.0,2025-05-13T15:00:00.000+02:00,2025-05-13T13:00:00Z,2025-05-13T13:00:00.000Z,8741,Península
304251.0,2025-05-13T16:00:00.000+02:00,2025-05-13T14:00:00Z,2025-05-13T14:00:00.000Z,8741,Península
310643.0,2025-05-13T17:00:00.000+02:00,2025-05-13T15:00:00Z,2025-05-13T15:00:00.000Z,8741,Península
319619.0,2025-05-13T18:00:00.000+02:00,2025-05-13T16:00:00Z,2025-05-13T16:00:00.000Z,8741,Península
331549.0,2025-05-13T19:00:00.000+02:00,2025-05-13T17:00:00Z,2025-05-13T17:00:00.000Z,8741,Península
350009.0,2025-05-13T20:00:00.000+02:00,2025-05-13T18:00:00Z,2025-05-13T18:00:00.000Z,8741,Península
366101.0,2025-05-13T21:00:00.000+02:00,2025-05-13T19:00:00Z,2025-05-13T19:00:00.000Z,8741,Península
340378.0,2025-05-13T22:00:00.000+02:00,2025-05-13T20:00:00Z,2025-05-13T20:00:00.000Z,8741,Península
309994.0,2025-05-13T23:00:00.000+02:00,2025-05-13T21:00:00Z,2025-05-13T21:00:00.000Z,8741,Península
290135.0,2025-05-14T00:00:00.000+02:00,2025-05-13T22:00:00Z,2025-05-13T22:00:00.000Z,8741,Península
273379.0,2025-05-14T01:00:00.000+02:00,2025-05-13T23:00:00Z,2025-05-13T23:00:00.000Z,8741,Península
263542.0,2025-05-14T02:00:00.000+02:00,2025-05-14T00:00:00Z,2025-05-14T00:00:00.000Z,8741,Península
257805.0,2025-05-14T03:00:00.000+02:00,2025-05-14T01:00:00Z,2025-05-14T01:00:00.000Z,8741,Península
256186.0,2025-05-14T04:00:00.000+02:00,2025-05-14T02:00:00Z,2025-05-14T02:00:00.000Z,8741,Península
263024.0,2025-05-14T05:00:00.000+02:00,2025-05-14T03:00:00Z,2025-05-14T03:00:00.000Z,8741,Península
292536.0,2025-05-14T06:00:00.000+02:00,2025-05-14T04:00:00Z,2025-05-14T04:00:00.000Z,8741,Península
324039.0,2025-05-14T07:00:00.000+02:00,2025-05-14T05:00:00Z,2025-05-14T05:00:00.000Z,8741,Península
342635.0,2025-05-14T08:00:00.000+02:00,2025-05-14T06:00:00Z,2025-05-14T06:00:00.000Z,8741,Península
344404.0,2025-05-14T09:00:00.000+02:00,2025-05-14T07:00:00Z,2025-05-14T07:00:00.000Z,8741,Península
331870.0,2025-05-14T10:00:00.000+02:00,2025-05-14T08:00:00Z,2025-05-14T08:00:00.000Z,8741,Península
327025.0,2025-05-14T11:00:00.000+02:00,2025-05-14T09:00:00Z,2025-05-14T09:00:00.000Z,8741,Península
324364.0,2025-05-14T12:00:00.000+02:00,2025-05-14T10:00:00Z,2025-05-14T10:00:00.000Z,8741,Península
325832.0,2025-05-14T13:00:00.000+02:00,2025-05-14T11:00:00Z,2025-05-14T11:00:00.000Z,8741,Península
321690.0,2025-05-14T14:00:00.000+02:00,2025-05-14T12:00:00Z,2025-05-14T12:00:00.000Z,8741,Península
314906.0,2025-05-14T15:00:00.000+02:00,2025-05-14T13:00:00Z,2025-05-14T13:00:00.000Z,8741,Península
308859.0,2025-05-14T16:00:00.000+02:00,2025-05-14T14:00:00Z,2025-05-14T14:00:00.000Z,8741,Península
314430.0,2025-05-14T17:00:00.000+02:00,2025-05-14T15:00:00Z,2025-05-14T15:00:00.000Z,8741,Península
319889.0,2025-05-14T18:00:00.000+02:00,2025-05-14T16:00:00Z,2025-05-14T16:00:00.000Z,8741,Península
336145.0,2025-05-14T19:00:00.000+02:00,2025-05-14T17:00:00Z,2025-05-14T17:00:00.000Z,8741,Península
350656.0,2025-05-14T20:00:00.000+02:00,2025-05-14T18:00:00Z,2025-05-14T18:00:00.000Z,8741,Península
361394.0,2025-05-14T21:00:00.000+02:00,2025-05-14T19:00:00Z,2025-05-14T19:00:00.000Z,8741,Península
341215.0,2025-05-14T22:00:00.000+02:00,2025-05-14T20:00:00Z,2025-05-14T20:00:00.000Z,8741,Península
309745.0,2025-05-14T23:00:00.000+02:00,2025-05-14T21:00:00Z,2025-05-14T21:00:00.000Z,8741,Península
289470.0,2025-05-15T00:00:00.000+02:00,2025-05-14T22:00:00Z,2025-05-14T22:00:00.000Z,8741,Península
272420.0,2025-05-15T01:00:00.000+02:00,2025-05-14T23:00:00Z,2025-05-14T23:00:00.000Z,8741,Península
259751.0,2025-05-15T02:00:00.000+02:00,2025-05-15T00:00:00Z,2025-05-15T00:00:00.000Z,8741,Península
253613.0,2025-05-15T03:00:00.000+02:00,2025-05-15T01:00:00Z,2025-05-15T01:00:00.000Z,8741,Península
254168.0,2025-05-15T04:00:00.000+02:00,2025-05-15T02:00:00Z,2025-05-15T02:00:00.000Z,8741,Península
259578.0,2025-05-15T05:00:00.000+02:00,2025-05-15T03:00:00Z,2025-05-15T03:00:00.000Z,8741,Península
283500.0,2025-05-15T06:00:00.000+02:00,2025-05-15T04:00:00Z,2025-05-15T04:00:00.000Z,8741,Península
311804.0,2025-05-15T07:00:00.000+02:00,2025-05-15T05:00:00Z,2025-05-15T05:00:00.000Z,8741,Península
329168.0,2025-05-15T08:00:00.000+02:00,2025-05-15T06:00:00Z,2025-05-15T06:00:00.000Z,8741,Península
328956.0,2025-05-15T09:00:00.000+02:00,2025-05-15T07:00:00Z,2025-05-15T07:00:00.000Z,8741,Península
323922.0,2025-05-15T10:00:00.000+02:00,2025-05-15T08:00:00Z,2025-05-15T08:00:00.000Z,8741,Península
319676.0,2025-05-15T11:00:00.000+02:00,2025-05-15T09:00:00Z,2025-05-15T09:00:00.000Z,8741,Península
314697.0,2025-05-15T12:00:00.000+02:00,2025-05-15T10:00:00Z,2025-05-15T10:00:00.000Z,8741,Península
316039.0,2025-05-15T13:00:00.000+02:00,2025-05-15T11:00:00Z,2025-05-15T11:00:00.000Z,8741,Península
311919.0,2025-05-15T14:00:00.000+02:00,2025-05-15T12:00:00Z,2025-05-15T12:00:00.000Z,8741,Península
304856.0,2025-05-15T15:00:00.000+02:00,2025-05-15T13:00:00Z,2025-05-15T13:00:00.000Z,8741,Península
302418.0,2025-05-15T16:00:00.000+02:00,2025-05-15T14:00:00Z,2025-05-15T14:00:00.000Z,8741,Península
302160.0,2025-05-15T17:00:00.000+02:00,2025-05-15T15:00:00Z,2025-05-15T15:00:00.000Z,8741,Península
308409.0,2025-05-15T18:00:00.000+02:00,2025-05-15T16:00:00Z,2025-05-15T16:00:00.000Z,8741,Península
324596.0,2025-05-15T19:00:00.000+02:00,2025-05-15T17:00:00Z,2025-05-15T17:00:00.000Z,8741,Península
341265.0,2025-05-15T20:00:00.000+02:00,2025-05-15T18:00:00Z,2025-05-15T18:00:00.000Z,8741,Península
355478.0,2025-05-15T21:00:00.000+02:00,2025-05-15T19:00:00Z,2025-05-15T19:00:00.000Z,8741,Península
337737.0,2025-05-15T22:00:00.000+02:00,2025-05-15T20:00:00Z,2025-05-15T20:00:00.000Z,8741,Península
305489.0,2025-05-15T23:00:00.000+02:00,2025-05-15T21:00:00Z,2025-05-15T21:00:00.000Z,8741,Península
283381.0,2025-05-16T00:00:00.000+02:00,2025-05-15T22:00:00Z,2025-05-15T22:00:00.000Z,8741,Península
268248.0,2025-05-16T01:00:00.000+02:00,2025-05-15T23:00:00Z,2025-05-15T23:00:00.000Z,8741,Península
257964.0,2025-05-16T02:00:00.000+02:00,2025-05-16T00:00:00Z,2025-05-16T00:00:00.000Z,8741,Península
251867.0,2025-05-16T03:00:00.000+02:00,2025-05-16T01:00:00Z,2025-05-16T01:00:00.000Z,8741,Península
253872.0,2025-05-16T04:00:00.000+02:00,2025-05-16T02:00:00Z,2025-05-16T02:00:00.000Z,8741,Península
257513.0,2025-05-16T05:00:00.000+02:00,2025-05-16T03:00:00Z,2025-05-16T03:00:00.000Z,8741,Península
285226.0,2025-05-16T06:00:00.000+02:00,2025-05-16T04:00:00Z,2025-05-16T04:00:00.000Z,8741,Península
314872.0,2025-05-16T07:00:00.000+02:00,2025-05-16T05:00:00Z,2025-05-16T05:00:00.000Z,8741,Península
329485.0,2025-05-16T08:00:00.000+02:00,2025-05-16T06:00:00Z,2025-05-16T06:00:00.000Z,8741,Península
325722.0,2025-05-16T09:00:00.000+02:00,2025-05-16T07:00:00Z,2025-05-16T07:00:00.000Z,8741,Península
315295.0,2025-05-16T10:00:00.000+02:00,2025-05-16T08:00:00Z,2025-05-16T08:00:00.000Z,8741,Península
306980.0,2025-05-16T11:00:00.000+02:00,2025-05-16T09:00:00Z,2025-05-16T09:00:00.000Z,8741,Península
302415.0,2025-05-16T12:00:00.000+02:00,2025-05-16T10:00:00Z,2025-05-16T10:00:00.000Z,8741,Península
300898.0,2025-05-16T13:00:00.000+02:00,2025-05-16T11:00:00Z,2025-05-16T11:00:00.000Z,8741,Península
296114.0,2025-05-16T14:00:00.000+02:00,2025-05-16T12:00:00Z,2025-05-16T12:00:00.000Z,8741,Península
288287.0,2025-05-16T15:00:00.000+02:00,2025-05-16T13:00:00Z,2025-05-16T13:00:00.000Z,8741,Península
285835.0,2025-05-16T16:00:00.000+02:00,2025-05-16T14:00:00Z,2025-05-16T14:00:00.000Z,8741,Península
296169.0,2025-05-16T17:00:00.000+02:00,2025-05-16T15:00:00Z,2025-05-16T15:00:00.000Z,8741,Península
301260.0,2025-05-16T18:00:00.000+02:00,2025-05-16T16:00:00Z,2025-05-16T16:00:00.000Z,8741,Península
317471.0,2025-05-16T19:00:00.000+02:00,2025-05-16T17:00:00Z,2025-05-16T17:00:00.000Z,8741,Península
331341.0,2025-05-16T20:00:00.000+02:00,2025-05-16T18:00:00Z,2025-05-16T18:00:00.000Z,8741,Península
344108.0,2025-05-16T21:00:00.000+02:00,2025-05-16T19:00:00Z,2025-05-16T19:00:00.000Z,8741,Península
328490.0,2025-05-16T22:00:00.000+02:00,2025-05-16T20:00:00Z,2025-05-16T20:00:00.000Z,8741,Península
301179.0,2025-05-16T23:00:00.000+02:00,2025-05-16T21:00:00Z,2025-05-16T21:00:00.000Z,8741,Península
280155.0,2025-05-17T00:00:00.000+02:00,2025-05-16T22:00:00Z,2025-05-16T22:00:00.000Z,8741,Península
264976.0,2025-05-17T01:00:00.000+02:00,2025-05-16T23:00:00Z,2025-05-16T23:00:00.000Z,8741,Península
251793.0,2025-05-17T02:00:00.000+02:00,2025-05-17T00:00:00Z,2025-05-17T00:00:00.000Z,8741,Península
245978.0,2025-05-17T03:00:00.000+02:00,2025-05-17T01:00:00Z,2025-05-17T01:00:00.000Z,8741,Península
241271.0,2025-05-17T04:00:00.000+02:00,2025-05-17T02:00:00Z,2025-05-17T02:00:00.000Z,8741,Península
239630.0,2025-05-17T05:00:00.000+02:00,2025-05-17T03:00:00Z,2025-05-17T03:00:00.000Z,8741,Península
247124.0,2025-05-17T06:00:00.000+02:00,2025-05-17T04:00:00Z,2025-05-17T04:00:00.000Z,8741,Península
253193.0,2025-05-17T07:00:00.000+02:00,2025-05-17T05:00:00Z,2025-05-17T05:00:00.000Z,8741,Península
263464.0,2025-05-17T08:00:00.000+02:00,2025-05-17T06:00:00Z,2025-05-17T06:00:00.000Z,8741,Península
272424.0,2025-05-17T09:00:00.000+02:00,2025-05-17T07:00:00Z,2025-05-17T07:00:00.000Z,8741,Península
274637.0,2025-05-17T10:00:00.000+02:00,2025-05-17T08:00:00Z,2025-05-17T08:00:00.000Z,8741,Península
268871.0,2025-05-17T11:00:00.000+02:00,2025-05-17T09:00:00Z,2025-05-17T09:00:00.000Z,8741,Península
261100.0,2025-05-17T12:00:00.000+02:00,2025-05-17T10:00:00Z,2025-05-17T10:00:00.000Z,8741,Península
258340.0,2025-05-17T13:00:00.000+02:00,2025-05-17T11:00:00Z,2025-05-17T11:00:00.000Z,8741,Península
253637.0,2025-05-17T14:00:00.000+02:00,2025-05-17T12:00:00Z,2025-05-17T12:00:00.000Z,8741,Península
244256.0,2025-05-17T15:00:00.000+02:00,2025-05-17T13:00:00Z,2025-05-17T13:00:00.000Z,8741,Península
238358.0,2025-05-17T16:00:00.000+02:00,2025-05-17T14:00:00Z,2025-05-17T14:00:00.000Z,8741,Península
242548.0,2025-05-17T17:00:00.000+02:00,2025-05-17T15:00:00Z,2025-05-17T15:00:00.000Z,8741,Península
258601.0,2025-05-17T18:00:00.000+02:00,2025-05-17T16:00:00Z,2025-05-17T16:00:00.000Z,8741,Península
279624.0,2025-05-17T19:00:00.000+02:00,2025-05-17T17:00:00Z,2025-05-17T17:00:00.000Z,8741,Península
295429.0,2025-05-17T20:00:00.000+02:00,2025-05-17T18:00:00Z,2025-05-17T18:00:00.000Z,8741,Península
307565.0,2025-05-17T21:00:00.000+02:00,2025-05-17T19:00:00Z,2025-05-17T19:00:00.000Z,8741,Península
300281.0,2025-05-17T22:00:00.000+02:00,2025-05-17T20:00:00Z,2025-05-17T20:00:00.000Z,8741,Península
281309.0,2025-05-17T23:00:00.000+02:00,2025-05-17T21:00:00Z,2025-05-17T21:00:00.000Z,8741,Península
262881.0,2025-05-18T00:00:00.000+02:00,2025-05-17T22:00:00Z,2025-05-17T22:00:00.000Z,8741,Península
246716.0,2025-05-18T01:00:00.000+02:00,2025-05-17T23:00:00Z,2025-05-17T23:00:00.000Z,8741,Península
234936.0,2025-05-18T02:00:00.000+02:00,2025-05-18T00:00:00Z,2025-05-18T00:00:00.000Z,8741,Península
226546.0,2025-05-18T03:00:00.000+02:00,2025-05-18T01:00:00Z,2025-05-18T01:00:00.000Z,8741,Península
221879.0,2025-05-18T04:00:00.000+02:00,2025-05-18T02:00:00Z,2025-05-18T02:00:00.000Z,8741,Península
222107.0,2025-05-18T05:00:00.000+02:00,2025-05-18T03:00:00Z,2025-05-18T03:00:00.000Z,8741,Península
224750.0,2025-05-18T06:00:00.000+02:00,2025-05-18T04:00:00Z,2025-05-18T04:00:00.000Z,8741,Península
222259.0,2025-05-18T07:00:00.000+02:00,2025-05-18T05:00:00Z,2025-05-18T05:00:00.000Z,8741,Península
228289.0,2025-05-18T08:00:00.000+02:00,2025-05-18T06:00:00Z,2025-05-18T06:00:00.000Z,8741,Península
237156.0,2025-05-18T09:00:00.000+02:00,2025-05-18T07:00:00Z,2025-05-18T07:00:00.000Z,8741,Península
242291.0,2025-05-18T10:00:00.000+02:00,2025-05-18T08:00:00Z,2025-05-18T08:00:00.000Z,8741,Península
241159.0,2025-05-18T11:00:00.000+02:00,2025-05-18T09:00:00Z,2025-05-18T09:00:00.000Z,8741,Península
239847.0,2025-05-18T12:00:00.000+02:00,2025-05-18T10:00:00Z,2025-05-18T10:00:00.000Z,8741,Península
243330.0,2025-05-18T13:00:00.000+02:00,2025-05-18T11:00:00Z,2025-05-18T11:00:00.000Z,8741,Península
243568.0,2025-05-18T14:00:00.000+02:00,2025-05-18T12:00:00Z,2025-05-18T12:00:00.000Z,8741,Península
229231.0,2025-05-18T15:00:00.000+02:00,2025-05-18T13:00:00Z,2025-05-18T13:00:00.000Z,8741,Península
223487.0,2025-05-18T16:00:00.000+02:00,2025-05-18T14:00:00Z,2025-05-18T14:00:00.000Z,8741,Península
230123.0,2025-05-18T17:00:00.000+02:00,2025-05-18T15:00:00Z,2025-05-18T15:00:00.000Z,8741,Península
246635.0,2025-05-18T18:00:00.000+02:00,2025-05-18T16:00:00Z,2025-05-18T16:00:00.000Z,8741,Península
264323.0,2025-05-18T19:00:00.000+02:00,2025-05-18T17:00:00Z,2025-05-18T17:00:00.000Z,8741,Península
282843.0,2025-05-18T20:00:00.000+02:00,2025-05-18T18:00:00Z,2025-05-18T18:00:00.000Z,8741,Península
307122.0,2025-05-18T21:00:00.000+02:00,2025-05-18T19:00:00Z,2025-05-18T19:00:00.000Z,8741,Península
304019.0,2025-05-18T22:00:00.000+02:00,2025-05-18T20:00:00Z,2025-05-18T20:00:00.000Z,8741,Península
278554.0,2025-05-18T23:00:00.000+02:00,2025-05-18T21:00:00Z,2025-05-18T21:00:00.000Z,8741,Península
257466.0,2025-05-19T00:00:00.000+02:00,2025-05-18T22:00:00Z,2025-05-18T22:00:00.000Z,8741,Península
246543.0,2025-05-19T01:00:00.000+02:00,2025-05-18T23:00:00Z,2025-05-18T23:00:00.000Z,8741,Península
238964.0,2025-05-19T02:00:00.000+02:00,2025-05-19T00:00:00Z,2025-05-19T00:00:00.000Z,8741,Península
233864.0,2025-05-19T03:00:00.000+02:00,2025-05-19T01:00:00Z,2025-05-19T01:00:00.000Z,8741,Península
233892.0,2025-05-19T04:00:00.000+02:00,2025-05-19T02:00:00Z,2025-05-19T02:00:00.000Z,8741,Península
242189.0,2025-05-19T05:00:00.000+02:00,2025-05-19T03:00:00Z,2025-05-19T03:00:00.000Z,8741,Península
274077.0,2025-05-19T06:00:00.000+02:00,2025-05-19T04:00:00Z,2025-05-19T04:00:00.000Z,8741,Península
309296.0,2025-05-19T07:00:00.000+02:00,2025-05-19T05:00:00Z,2025-05-19T05:00:00.000Z,8741,Península
325293.0,2025-05-19T08:00:00.000+02:00,2025-05-19T06:00:00Z,2025-05-19T06:00:00.000Z,8741,Península
326161.0,2025-05-19T09:00:00.000+02:00,2025-05-19T07:00:00Z,2025-05-19T07:00:00.000Z,8741,Península
320316.0,2025-05-19T10:00:00.000+02:00,2025-05-19T08:00:00Z,2025-05-19T08:00:00.000Z,8741,Península
319952.0,2025-05-19T11:00:00.000+02:00,2025-05-19T09:00:00Z,2025-05-19T09:00:00.000Z,8741,Península
319260.0,2025-05-19T12:00:00.000+02:00,2025-05-19T10:00:00Z,2025-05-19T10:00:00.000Z,8741,Península
321899.0,2025-05-19T13:00:00.000+02:00,2025-05-19T11:00:00Z,2025-05-19T11:00:00.000Z,8741,Península
315638.0,2025-05-19T14:00:00.000+02:00,2025-05-19T12:00:00Z,2025-05-19T12:00:00.000Z,8741,Península
306884.0,2025-05-19T15:00:00.000+02:00,2025-05-19T13:00:00Z,2025-05-19T13:00:00.000Z,8741,Península
300582.0,2025-05-19T16:00:00.000+02:00,2025-05-19T14:00:00Z,2025-05-19T14:00:00.000Z,8741,Península
306958.0,2025-05-19T17:00:00.000+02:00,2025-05-19T15:00:00Z,2025-05-19T15:00:00.000Z,8741,Península
315004.0,2025-05-19T18:00:00.000+02:00,2025-05-19T16:00:00Z,2025-05-19T16:00:00.000Z,8741,Península
327620.0,2025-05-19T19:00:00.000+02:00,2025-05-19T17:00:00Z,2025-05-19T17:00:00.000Z,8741,Península
343630.0,2025-05-19T20:00:00.000+02:00,2025-05-19T18:00:00Z,2025-05-19T18:00:00.000Z,8741,Península
355690.0,2025-05-19T21:00:00.000+02:00,2025-05-19T19:00:00Z,2025-05-19T19:00:00.000Z,8741,Península
335607.0,2025-05-19T22:00:00.000+02:00,2025-05-19T20:00:00Z,2025-05-19T20:00:00.000Z,8741,Península
304486.0,2025-05-19T23:00:00.000+02:00,2025-05-19T21:00:00Z,2025-05-19T21:00:00.000Z,8741,Península
282809.0,2025-05-20T00:00:00.000+02:00,2025-05-19T22:00:00Z,2025-05-19T22:00:00.000Z,8741,Península
269785.0,2025-05-20T01:00:00.000+02:00,2025-05-19T23:00:00Z,2025-05-19T23:00:00.000Z,8741,Península
257664.0,2025-05-20T02:00:00.000+02:00,2025-05-20T00:00:00Z,2025-05-20T00:00:00.000Z,8741,Península
249031.0,2025-05-20T03:00:00.000+02:00,2025-05-20T01:00:00Z,2025-05-20T01:00:00.000Z,8741,Península
246645.0,2025-05-20T04:00:00.000+02:00,2025-05-20T02:00:00Z,2025-05-20T02:00:00.000Z,8741,Península
255640.0,2025-05-20T05:00:00.000+02:00,2025-05-20T03:00:00Z,2025-05-20T03:00:00.000Z,8741,Península
282157.0,2025-05-20T06:00:00.000+02:00,2025-05-20T04:00:00Z,2025-05-20T04:00:00.000Z,8741,Península
312426.0,2025-05-20T07:00:00.000+02:00,2025-05-20T05:00:00Z,2025-05-20T05:00:00.000Z,8741,Península
327033.0,2025-05-20T08:00:00.000+02:00,2025-05-20T06:00:00Z,2025-05-20T06:00:00.000Z,8741,Península
322777.0,2025-05-20T09:00:00.000+02:00,2025-05-20T07:00:00Z,2025-05-20T07:00:00.000Z,8741,Península
313910.0,2025-05-20T10:00:00.000+02:00,2025-05-20T08:00:00Z,2025-05-20T08:00:00.000Z,8741,Península
306773.0,2025-05-20T11:00:00.000+02:00,2025-05-20T09:00:00Z,2025-05-20T09:00:00.000Z,8741,Península
302750.0,2025-05-20T12:00:00.000+02:00,2025-05-20T10:00:00Z,2025-05-20T10:00:00.000Z,8741,Península
307515.0,2025-05-20T13:00:00.000+02:00,2025-05-20T11:00:00Z,2025-05-20T11:00:00.000Z,8741,Península
302436.0,2025-05-20T14:00:00.000+02:00,2025-05-20T12:00:00Z,2025-05-20T12:00:00.000Z,8741,Península
295461.0,2025-05-20T15:00:00.000+02:00,2025-05-20T13:00:00Z,2025-05-20T13:00:00.000Z,8741,Península
296265.0,2025-05-20T16:00:00.000+02:00,2025-05-20T14:00:00Z,2025-05-20T14:00:00.000Z,8741,Península
304200.0,2025-05-20T17:00:00.000+02:00,2025-05-20T15:00:00Z,2025-05-20T15:00:00.000Z,8741,Península
314000.0,2025-05-20T18:00:00.000+02:00,2025-05-20T16:00:00Z,2025-05-20T16:00:00.000Z,8741,Península
329178.0,2025-05-20T19:00:00.000+02:00,2025-05-20T17:00:00Z,2025-05-20T17:00:00.000Z,8741,Península
345097.0,2025-05-20T20:00:00.000+02:00,2025-05-20T18:00:00Z,2025-05-20T18:00:00.000Z,8741,Península
356793.0,2025-05-20T21:00:00.000+02:00,2025-05-20T19:00:00Z,2025-05-20T19:00:00.000Z,8741,Península
337397.0,2025-05-20T22:00:00.000+02:00,2025-05-20T20:00:00Z,2025-05-20T20:00:00.000Z,8741,Península
305656.0,2025-05-20T23:00:00.000+02:00,2025-05-20T21:00:00Z,2025-05-20T21:00:00.000Z,8741,Península
285844.0,2025-05-21T00:00:00.000+02:00,2025-05-20T22:00:00Z,2025-05-20T22:00:00.000Z,8741,Península
270891.0,2025-05-21T01:00:00.000+02:00,2025-05-20T23:00:00Z,2025-05-20T23:00:00.000Z,8741,Península
261308.0,2025-05-21T02:00:00.000+02:00,2025-05-21T00:00:00Z,2025-05-21T00:00:00.000Z,8741,Península
255103.0,2025-05-21T03:00:00.000+02:00,2025-05-21T01:00:00Z,2025-05-21T01:00:00.000Z,8741,Península
254591.0,2025-05-21T04:00:00.000+02:00,2025-05-21T02:00:00Z,2025-05-21T02:00:00.000Z,8741,Península
261825.0,2025-05-21T05:00:00.000+02:00,2025-05-21T03:00:00Z,2025-05-21T03:00:00.000Z,8741,Península
286248.0,2025-05-21T06:00:00.000+02:00,2025-05-21T04:00:00Z,2025-05-21T04:00:00.000Z,8741,Península
316727.0,2025-05-21T07:00:00.000+02:00,2025-05-21T05:00:00Z,2025-05-21T05:00:00.000Z,8741,Península
331732.0,2025-05-21T08:00:00.000+02:00,2025-05-21T06:00:00Z,2025-05-21T06:00:00.000Z,8741,Península
332479.0,2025-05-21T09:00:00.000+02:00,2025-05-21T07:00:00Z,2025-05-21T07:00:00.000Z,8741,Península
323408.0,2025-05-21T10:00:00.000+02:00,2025-05-21T08:00:00Z,2025-05-21T08:00:00.000Z,8741,Península
317551.0,2025-05-21T11:00:00.000+02:00,2025-05-21T09:00:00Z,2025-05-21T09:00:00.000Z,8741,Península
316341.0,2025-05-21T12:00:00.000+02:00,2025-05-21T10:00:00Z,2025-05-21T10:00:00.000Z,8741,Península
318261.0,2025-05-21T13:00:00.000+02:00,2025-05-21T11:00:00Z,2025-05-21T11:00:00.000Z,8741,Península
312675.0,2025-05-21T14:00:00.000+02:00,2025-05-21T12:00:00Z,2025-05-21T12:00:00.000Z,8741,Península
305614.0,2025-05-21T15:00:00.000+02:00,2025-05-21T13:00:00Z,2025-05-21T13:00:00.000Z,8741,Península
302280.0,2025-05-21T16:00:00.000+02:00,2025-05-21T14:00:00Z,2025-05-21T14:00:00.000Z,8741,Península
311278.0,2025-05-21T17:00:00.000+02:00,2025-05-21T15:00:00Z,2025-05-21T15:00:00.000Z,8741,Península
321487.0,2025-05-21T18:00:00.000+02:00,2025-05-21T16:00:00Z,2025-05-21T16:00:00.000Z,8741,Península
335540.0,2025-05-21T19:00:00.000+02:00,2025-05-21T17:00:00Z,2025-05-21T17:00:00.000Z,8741,Península
351570.0,2025-05-21T20:00:00.000+02:00,2025-05-21T18:00:00Z,2025-05-21T18:00:00.000Z,8741,Península
361982.0,2025-05-21T21:00:00.000+02:00,2025-05-21T19:00:00Z,2025-05-21T19:00:00.000Z,8741,Península
338391.0,2025-05-21T22:00:00.000+02:00,2025-05-21T20:00:00Z,2025-05-21T20:00:00.000Z,8741,Península
307456.0,2025-05-21T23:00:00.000+02:00,2025-05-21T21:00:00Z,2025-05-21T21:00:00.000Z,8741,Península
286686.0,2025-05-22T00:00:00.000+02:00,2025-05-21T22:00:00Z,2025-05-21T22:00:00.000Z,8741,Península
272427.0,2025-05-22T01:00:00.000+02:00,2025-05-21T23:00:00Z,2025-05-21T23:00:00.000Z,8741,Península
261569.0,2025-05-22T02:00:00.000+02:00,2025-05-22T00:00:00Z,2025-05-22T00:00:00.000Z,8741,Península
256264.0,2025-05-22T03:00:00.000+02:00,2025-05-22T01:00:00Z,2025-05-22T01:00:00.000Z,8741,Península
255304.0,2025-05-22T04:00:00.000+02:00,2025-05-22T02:00:00Z,2025-05-22T02:00:00.000Z,8741,Península
262254.0,2025-05-22T05:00:00.000+02:00,2025-05-22T03:00:00Z,2025-05-22T03:00:00.000Z,8741,Península
287911.0,2025-05-22T06:00:00.000+02:00,2025-05-22T04:00:00Z,2025-05-22T04:00:00.000Z,8741,Península
318104.0,2025-05-22T07:00:00.000+02:00,2025-05-22T05:00:00Z,2025-05-22T05:00:00.000Z,8741,Península
332545.0,2025-05-22T08:00:00.000+02:00,2025-05-22T06:00:00Z,2025-05-22T06:00:00.000Z,8741,Península
329145.0,2025-05-22T09:00:00.000+02:00,2025-05-22T07:00:00Z,2025-05-22T07:00:00.000Z,8741,Península
323465.0,2025-05-22T10:00:00.000+02:00,2025-05-22T08:00:00Z,2025-05-22T08:00:00.000Z,8741,Península
320014.0,2025-05-22T11:00:00.000+02:00,2025-05-22T09:00:00Z,2025-05-22T09:00:00.000Z,8741,Península
317632.0,2025-05-22T12:00:00.000+02:00,2025-05-22T10:00:00Z,2025-05-22T10:00:00.000Z,8741,Península
315480.0,2025-05-22T13:00:00.000+02:00,2025-05-22T11:00:00Z,2025-05-22T11:00:00.000Z,8741,Península
312304.0,2025-05-22T14:00:00.000+02:00,2025-05-22T12:00:00Z,2025-05-22T12:00:00.000Z,8741,Península
306952.0,2025-05-22T15:00:00.000+02:00,2025-05-22T13:00:00Z,2025-05-22T13:00:00.000Z,8741,Península
305553.0,2025-05-22T16:00:00.000+02:00,2025-05-22T14:00:00Z,2025-05-22T14:00:00.000Z,8741,Península
311031.0,2025-05-22T17:00:00.000+02:00,2025-05-22T15:00:00Z,2025-05-22T15:00:00.000Z,8741,Península
318791.0,2025-05-22T18:00:00.000+02:00,2025-05-22T16:00:00Z,2025-05-22T16:00:00.000Z,8741,Península
332567.0,2025-05-22T19:00:00.000+02:00,2025-05-22T17:00:00Z,2025-05-22T17:00:00.000Z,8741,Península
345337.0,2025-05-22T20:00:00.000+02:00,2025-05-22T18:00:00Z,2025-05-22T18:00:00.000Z,8741,Península
354894.0,2025-05-22T21:00:00.000+02:00,2025-05-22T19:00:00Z,2025-05-22T19:00:00.000Z,8741,Península
335299.0,2025-05-22T22:00:00.000+02:00,2025-05-22T20:00:00Z,2025-05-22T20:00:00.000Z,8741,Península
304064.0,2025-05-22T23:00:00.000+02:00,2025-05-22T21:00:00Z,2025-05-22T21:00:00.000Z,8741,Península
284417.0,2025-05-23T00:00:00.000+02:00,2025-05-22T22:00:00Z,2025-05-22T22:00:00.000Z,8741,Península
268129.0,2025-05-23T01:00:00.000+02:00,2025-05-22T23:00:00Z,2025-05-22T23:00:00.000Z,8741,Península
257424.0,2025-05-23T02:00:00.000+02:00,2025-05-23T00:00:00Z,2025-05-23T00:00:00.000Z,8741,Península
252769.0,2025-05-23T03:00:00.000+02:00,2025-05-23T01:00:00Z,2025-05-23T01:00:00.000Z,8741,Península
252404.0,2025-05-23T04:00:00.000+02:00,2025-05-23T02:00:00Z,2025-05-23T02:00:00.000Z,8741,Península
257765.0,2025-05-23T05:00:00.000+02:00,2025-05-23T03:00:00Z,2025-05-23T03:00:00.000Z,8741,Península
284247.0,2025-05-23T06:00:00.000+02:00,2025-05-23T04:00:00Z,2025-05-23T04:00:00.000Z,8741,Península
314218.0,2025-05-23T07:00:00.000+02:00,2025-05-23T05:00:00Z,2025-05-23T05:00:00.000Z,8741,Península
329758.0,2025-05-23T08:00:00.000+02:00,2025-05-23T06:00:00Z,2025-05-23T06:00:00.000Z,8741,Península
330747.0,2025-05-23T09:00:00.000+02:00,2025-05-23T07:00:00Z,2025-05-23T07:00:00.000Z,8741,Península
330523.0,2025-05-23T10:00:00.000+02:00,2025-05-23T08:00:00Z,2025-05-23T08:00:00.000Z,8741,Península
326395.0,2025-05-23T11:00:00.000+02:00,2025-05-23T09:00:00Z,2025-05-23T09:00:00.000Z,8741,Península
322329.0,2025-05-23T12:00:00.000+02:00,2025-05-23T10:00:00Z,2025-05-23T10:00:00.000Z,8741,Península
321414.0,2025-05-23T13:00:00.000+02:00,2025-05-23T11:00:00Z,2025-05-23T11:00:00.000Z,8741,Península
312205.0,2025-05-23T14:00:00.000+02:00,2025-05-23T12:00:00Z,2025-05-23T12:00:00.000Z,8741,Península
300757.0,2025-05-23T15:00:00.000+02:00,2025-05-23T13:00:00Z,2025-05-23T13:00:00.000Z,8741,Península
297673.0,2025-05-23T16:00:00.000+02:00,2025-05-23T14:00:00Z,2025-05-23T14:00:00.000Z,8741,Península
301369.0,2025-05-23T17:00:00.000+02:00,2025-05-23T15:00:00Z,2025-05-23T15:00:00.000Z,8741,Península
311524.0,2025-05-23T18:00:00.000+02:00,2025-05-23T16:00:00Z,2025-05-23T16:00:00.000Z,8741,Península
323795.0,2025-05-23T19:00:00.000+02:00,2025-05-23T17:00:00Z,2025-05-23T17:00:00.000Z,8741,Península
330048.0,2025-05-23T20:00:00.000+02:00,2025-05-23T18:00:00Z,2025-05-23T18:00:00.000Z,8741,Península
336508.0,2025-05-23T21:00:00.000+02:00,2025-05-23T19:00:00Z,2025-05-23T19:00:00.000Z,8741,Península
322873.0,2025-05-23T22:00:00.000+02:00,2025-05-23T20:00:00Z,2025-05-23T20:00:00.000Z,8741,Península
296739.0,2025-05-23T23:00:00.000+02:00,2025-05-23T21:00:00Z,2025-05-23T21:00:00.000Z,8741,Península
279896.0,2025-05-24T00:00:00.000+02:00,2025-05-23T22:00:00Z,2025-05-23T22:00:00.000Z,8741,Península
263853.0,2025-05-24T01:00:00.000+02:00,2025-05-23T23:00:00Z,2025-05-23T23:00:00.000Z,8741,Península
249729.0,2025-05-24T02:00:00.000+02:00,2025-05-24T00:00:00Z,2025-05-24T00:00:00.000Z,8741,Península
242903.0,2025-05-24T03:00:00.000+02:00,2025-05-24T01:00:00Z,2025-05-24T01:00:00.000Z,8741,Península
239507.0,2025-05-24T04:00:00.000+02:00,2025-05-24T02:00:00Z,2025-05-24T02:00:00.000Z,8741,Península
238223.0,2025-05-24T05:00:00.000+02:00,2025-05-24T03:00:00Z,2025-05-24T03:00:00.000Z,8741,Península
242235.0,2025-05-24T06:00:00.000+02:00,2025-05-24T04:00:00Z,2025-05-24T04:00:00.000Z,8741,Península
248712.0,2025-05-24T07:00:00.000+02:00,2025-05-24T05:00:00Z,2025-05-24T05:00:00.000Z,8741,Península
263314.0,2025-05-24T08:00:00.000+02:00,2025-05-24T06:00:00Z,2025-05-24T06:00:00.000Z,8741,Península
273740.0,2025-05-24T09:00:00.000+02:00,2025-05-24T07:00:00Z,2025-05-24T07:00:00.000Z,8741,Península
271491.0,2025-05-24T10:00:00.000+02:00,2025-05-24T08:00:00Z,2025-05-24T08:00:00.000Z,8741,Península
267147.0,2025-05-24T11:00:00.000+02:00,2025-05-24T09:00:00Z,2025-05-24T09:00:00.000Z,8741,Península
265083.0,2025-05-24T12:00:00.000+02:00,2025-05-24T10:00:00Z,2025-05-24T10:00:00.000Z,8741,Península
267462.0,2025-05-24T13:00:00.000+02:00,2025-05-24T11:00:00Z,2025-05-24T11:00:00.000Z,8741,Península
263993.0,2025-05-24T14:00:00.000+02:00,2025-05-24T12:00:00Z,2025-05-24T12:00:00.000Z,8741,Península
251056.0,2025-05-24T15:00:00.000+02:00,2025-05-24T13:00:00Z,2025-05-24T13:00:00.000Z,8741,Península
243785.0,2025-05-24T16:00:00.000+02:00,2025-05-24T14:00:00Z,2025-05-24T14:00:00.000Z,8741,Península
251430.0,2025-05-24T17:00:00.000+02:00,2025-05-24T15:00:00Z,2025-05-24T15:00:00.000Z,8741,Península
264575.0,2025-05-24T18:00:00.000+02:00,2025-05-24T16:00:00Z,2025-05-24T16:00:00.000Z,8741,Península
281055.0,2025-05-24T19:00:00.000+02:00,2025-05-24T17:00:00Z,2025-05-24T17:00:00.000Z,8741,Península
292869.0,2025-05-24T20:00:00.000+02:00,2025-05-24T18:00:00Z,2025-05-24T18:00:00.000Z,8741,Península
304922.0,2025-05-24T21:00:00.000+02:00,2025-05-24T19:00:00Z,2025-05-24T19:00:00.000Z,8741,Península
300592.0,2025-05-24T22:00:00.000+02:00,2025-05-24T20:00:00Z,2025-05-24T20:00:00.000Z,8741,Península
279824.0,2025-05-24T23:00:00.000+02:00,2025-05-24T21:00:00Z,2025-05-24T21:00:00.000Z,8741,Península
260241.0,2025-05-25T00:00:00.000+02:00,2025-05-24T22:00:00Z,2025-05-24T22:00:00.000Z,8741,Península
244278.0,2025-05-25T01:00:00.000+02:00,2025-05-24T23:00:00Z,2025-05-24T23:00:00.000Z,8741,Península
233801.0,2025-05-25T02:00:00.000+02:00,2025-05-25T00:00:00Z,2025-05-25T00:00:00.000Z,8741,Península
228637.0,2025-05-25T03:00:00.000+02:00,2025-05-25T01:00:00Z,2025-05-25T01:00:00.000Z,8741,Península
226475.0,2025-05-25T04:00:00.000+02:00,2025-05-25T02:00:00Z,2025-05-25T02:00:00.000Z,8741,Península
225953.0,2025-05-25T05:00:00.000+02:00,2025-05-25T03:00:00Z,2025-05-25T03:00:00.000Z,8741,Península
226642.0,2025-05-25T06:00:00.000+02:00,2025-05-25T04:00:00Z,2025-05-25T04:00:00.000Z,8741,Península
225843.0,2025-05-25T07:00:00.000+02:00,2025-05-25T05:00:00Z,2025-05-25T05:00:00.000Z,8741,Península
231324.0,2025-05-25T08:00:00.000+02:00,2025-05-25T06:00:00Z,2025-05-25T06:00:00.000Z,8741,Península
237709.0,2025-05-25T09:00:00.000+02:00,2025-05-25T07:00:00Z,2025-05-25T07:00:00.000Z,8741,Península
243884.0,2025-05-25T10:00:00.000+02:00,2025-05-25T08:00:00Z,2025-05-25T08:00:00.000Z,8741,Península
244979.0,2025-05-25T11:00:00.000+02:00,2025-05-25T09:00:00Z,2025-05-25T09:00:00.000Z,8741,Península
244496.0,2025-05-25T12:00:00.000+02:00,2025-05-25T10:00:00Z,2025-05-25T10:00:00.000Z,8741,Península
249721.0,2025-05-25T13:00:00.000+02:00,2025-05-25T11:00:00Z,2025-05-25T11:00:00.000Z,8741,Península
246934.0,2025-05-25T14:00:00.000+02:00,2025-05-25T12:00:00Z,2025-05-25T12:00:00.000Z,8741,Península
233930.0,2025-05-25T15:00:00.000+02:00,2025-05-25T13:00:00Z,2025-05-25T13:00:00.000Z,8741,Península
230319.0,2025-05-25T16:00:00.000+02:00,2025-05-25T14:00:00Z,2025-05-25T14:00:00.000Z,8741,Península
238654.0,2025-05-25T17:00:00.000+02:00,2025-05-25T15:00:00Z,2025-05-25T15:00:00.000Z,8741,Península
254164.0,2025-05-25T18:00:00.000+02:00,2025-05-25T16:00:00Z,2025-05-25T16:00:00.000Z,8741,Península
274184.0,2025-05-25T19:00:00.000+02:00,2025-05-25T17:00:00Z,2025-05-25T17:00:00.000Z,8741,Península
290703.0,2025-05-25T20:00:00.000+02:00,2025-05-25T18:00:00Z,2025-05-25T18:00:00.000Z,8741,Península
309289.0,2025-05-25T21:00:00.000+02:00,2025-05-25T19:00:00Z,2025-05-25T19:00:00.000Z,8741,Península
307942.0,2025-05-25T22:00:00.000+02:00,2025-05-25T20:00:00Z,2025-05-25T20:00:00.000Z,8741,Península
283983.0,2025-05-25T23:00:00.000+02:00,2025-05-25T21:00:00Z,2025-05-25T21:00:00.000Z,8741,Península
263094.0,2025-05-26T00:00:00.000+02:00,2025-05-25T22:00:00Z,2025-05-25T22:00:00.000Z,8741,Península
249366.0,2025-05-26T01:00:00.000+02:00,2025-05-25T23:00:00Z,2025-05-25T23:00:00.000Z,8741,Península
239727.0,2025-05-26T02:00:00.000+02:00,2025-05-26T00:00:00Z,2025-05-26T00:00:00.000Z,8741,Península
234678.0,2025-05-26T03:00:00.000+02:00,2025-05-26T01:00:00Z,2025-05-26T01:00:00.000Z,8741,Península
233512.0,2025-05-26T04:00:00.000+02:00,2025-05-26T02:00:00Z,2025-05-26T02:00:00.000Z,8741,Península
242136.0,2025-05-26T05:00:00.000+02:00,2025-05-26T03:00:00Z,2025-05-26T03:00:00.000Z,8741,Península
272103.0,2025-05-26T06:00:00.000+02:00,2025-05-26T04:00:00Z,2025-05-26T04:00:00.000Z,8741,Península
303499.0,2025-05-26T07:00:00.000+02:00,2025-05-26T05:00:00Z,2025-05-26T05:00:00.000Z,8741,Península
320514.0,2025-05-26T08:00:00.000+02:00,2025-05-26T06:00:00Z,2025-05-26T06:00:00.000Z,8741,Península
318765.0,2025-05-26T09:00:00.000+02:00,2025-05-26T07:00:00Z,2025-05-26T07:00:00.000Z,8741,Península
324098.0,2025-05-26T10:00:00.000+02:00,2025-05-26T08:00:00Z,2025-05-26T08:00:00.000Z,8741,Península
309351.0,2025-05-26T11:00:00.000+02:00,2025-05-26T09:00:00Z,2025-05-26T09:00:00.000Z,8741,Península
322241.0,2025-05-26T12:00:00.000+02:00,2025-05-26T10:00:00Z,2025-05-26T10:00:00.000Z,8741,Península
323810.0,2025-05-26T13:00:00.000+02:00,2025-05-26T11:00:00Z,2025-05-26T11:00:00.000Z,8741,Península
318495.0,2025-05-26T14:00:00.000+02:00,2025-05-26T12:00:00Z,2025-05-26T12:00:00.000Z,8741,Península
310500.0,2025-05-26T15:00:00.000+02:00,2025-05-26T13:00:00Z,2025-05-26T13:00:00.000Z,8741,Península
310562.0,2025-05-26T16:00:00.000+02:00,2025-05-26T14:00:00Z,2025-05-26T14:00:00.000Z,8741,Península
320076.0,2025-05-26T17:00:00.000+02:00,2025-05-26T15:00:00Z,2025-05-26T15:00:00.000Z,8741,Península
329129.0,2025-05-26T18:00:00.000+02:00,2025-05-26T16:00:00Z,2025-05-26T16:00:00.000Z,8741,Península
345491.0,2025-05-26T19:00:00.000+02:00,2025-05-26T17:00:00Z,2025-05-26T17:00:00.000Z,8741,Península
354912.0,2025-05-26T20:00:00.000+02:00,2025-05-26T18:00:00Z,2025-05-26T18:00:00.000Z,8741,Península
358498.0,2025-05-26T21:00:00.000+02:00,2025-05-26T19:00:00Z,2025-05-26T19:00:00.000Z,8741,Península
337352.0,2025-05-26T22:00:00.000+02:00,2025-05-26T20:00:00Z,2025-05-26T20:00:00.000Z,8741,Península
305262.0,2025-05-26T23:00:00.000+02:00,2025-05-26T21:00:00Z,2025-05-26T21:00:00.000Z,8741,Península
285603.0,2025-05-27T00:00:00.000+02:00,2025-05-26T22:00:00Z,2025-05-26T22:00:00.000Z,8741,Península
271402.0,2025-05-27T01:00:00.000+02:00,2025-05-26T23:00:00Z,2025-05-26T23:00:00.000Z,8741,Península
260472.0,2025-05-27T02:00:00.000+02:00,2025-05-27T00:00:00Z,2025-05-27T00:00:00.000Z,8741,Península
256308.0,2025-05-27T03:00:00.000+02:00,2025-05-27T01:00:00Z,2025-05-27T01:00:00.000Z,8741,Península
256019.0,2025-05-27T04:00:00.000+02:00,2025-05-27T02:00:00Z,2025-05-27T02:00:00.000Z,8741,Península
261419.0,2025-05-27T05:00:00.000+02:00,2025-05-27T03:00:00Z,2025-05-27T03:00:00.000Z,8741,Península
285446.0,2025-05-27T06:00:00.000+02:00,2025-05-27T04:00:00Z,2025-05-27T04:00:00.000Z,8741,Península
317326.0,2025-05-27T07:00:00.000+02:00,2025-05-27T05:00:00Z,2025-05-27T05:00:00.000Z,8741,Península
333027.0,2025-05-27T08:00:00.000+02:00,2025-05-27T06:00:00Z,2025-05-27T06:00:00.000Z,8741,Península
331990.0,2025-05-27T09:00:00.000+02:00,2025-05-27T07:00:00Z,2025-05-27T07:00:00.000Z,8741,Península
323528.0,2025-05-27T10:00:00.000+02:00,2025-05-27T08:00:00Z,2025-05-27T08:00:00.000Z,8741,Península
321723.0,2025-05-27T11:00:00.000+02:00,2025-05-27T09:00:00Z,2025-05-27T09:00:00.000Z,8741,Península
323138.0,2025-05-27T12:00:00.000+02:00,2025-05-27T10:00:00Z,2025-05-27T10:00:00.000Z,8741,Península
324051.0,2025-05-27T13:00:00.000+02:00,2025-05-27T11:00:00Z,2025-05-27T11:00:00.000Z,8741,Península
317749.0,2025-05-27T14:00:00.000+02:00,2025-05-27T12:00:00Z,2025-05-27T12:00:00.000Z,8741,Península
310640.0,2025-05-27T15:00:00.000+02:00,2025-05-27T13:00:00Z,2025-05-27T13:00:00.000Z,8741,Península
309997.0,2025-05-27T16:00:00.000+02:00,2025-05-27T14:00:00Z,2025-05-27T14:00:00.000Z,8741,Península
320398.0,2025-05-27T17:00:00.000+02:00,2025-05-27T15:00:00Z,2025-05-27T15:00:00.000Z,8741,Península
331026.0,2025-05-27T18:00:00.000+02:00,2025-05-27T16:00:00Z,2025-05-27T16:00:00.000Z,8741,Península
347364.0,2025-05-27T19:00:00.000+02:00,2025-05-27T17:00:00Z,2025-05-27T17:00:00.000Z,8741,Península
363795.0,2025-05-27T20:00:00.000+02:00,2025-05-27T18:00:00Z,2025-05-27T18:00:00.000Z,8741,Península
368364.0,2025-05-27T21:00:00.000+02:00,2025-05-27T19:00:00Z,2025-05-27T19:00:00.000Z,8741,Península
349602.0,2025-05-27T22:00:00.000+02:00,2025-05-27T20:00:00Z,2025-05-27T20:00:00.000Z,8741,Península
317305.0,2025-05-27T23:00:00.000+02:00,2025-05-27T21:00:00Z,2025-05-27T21:00:00.000Z,8741,Península
297986.0,2025-05-28T00:00:00.000+02:00,2025-05-27T22:00:00Z,2025-05-27T22:00:00.000Z,8741,Península
280906.0,2025-05-28T01:00:00.000+02:00,2025-05-27T23:00:00Z,2025-05-27T23:00:00.000Z,8741,Península
270604.0,2025-05-28T02:00:00.000+02:00,2025-05-28T00:00:00Z,2025-05-28T00:00:00.000Z,8741,Península
266524.0,2025-05-28T03:00:00.000+02:00,2025-05-28T01:00:00Z,2025-05-28T01:00:00.000Z,8741,Península
263786.0,2025-05-28T04:00:00.000+02:00,2025-05-28T02:00:00Z,2025-05-28T02:00:00.000Z,8741,Península
268615.0,2025-05-28T05:00:00.000+02:00,2025-05-28T03:00:00Z,2025-05-28T03:00:00.000Z,8741,Península
294179.0,2025-05-28T06:00:00.000+02:00,2025-05-28T04:00:00Z,2025-05-28T04:00:00.000Z,8741,Península
321588.0,2025-05-28T07:00:00.000+02:00,2025-05-28T05:00:00Z,2025-05-28T05:00:00.000Z,8741,Península
332039.0,2025-05-28T08:00:00.000+02:00,2025-05-28T06:00:00Z,2025-05-28T06:00:00.000Z,8741,Península
340318.0,2025-05-28T09:00:00.000+02:00,2025-05-28T07:00:00Z,2025-05-28T07:00:00.000Z,8741,Península
334100.0,2025-05-28T10:00:00.000+02:00,2025-05-28T08:00:00Z,2025-05-28T08:00:00.000Z,8741,Península
331191.0,2025-05-28T11:00:00.000+02:00,2025-05-28T09:00:00Z,2025-05-28T09:00:00.000Z,8741,Península
332421.0,2025-05-28T12:00:00.000+02:00,2025-05-28T10:00:00Z,2025-05-28T10:00:00.000Z,8741,Península
339167.0,2025-05-28T13:00:00.000+02:00,2025-05-28T11:00:00Z,2025-05-28T11:00:00.000Z,8741,Península
332349.0,2025-05-28T14:00:00.000+02:00,2025-05-28T12:00:00Z,2025-05-28T12:00:00.000Z,8741,Península
326259.0,2025-05-28T15:00:00.000+02:00,2025-05-28T13:00:00Z,2025-05-28T13:00:00.000Z,8741,Península
324882.0,2025-05-28T16:00:00.000+02:00,2025-05-28T14:00:00Z,2025-05-28T14:00:00.000Z,8741,Península
337112.0,2025-05-28T17:00:00.000+02:00,2025-05-28T15:00:00Z,2025-05-28T15:00:00.000Z,8741,Península
344306.0,2025-05-28T18:00:00.000+02:00,2025-05-28T16:00:00Z,2025-05-28T16:00:00.000Z,8741,Península
357478.0,2025-05-28T19:00:00.000+02:00,2025-05-28T17:00:00Z,2025-05-28T17:00:00.000Z,8741,Península
368448.0,2025-05-28T20:00:00.000+02:00,2025-05-28T18:00:00Z,2025-05-28T18:00:00.000Z,8741,Península
373033.0,2025-05-28T21:00:00.000+02:00,2025-05-28T19:00:00Z,2025-05-28T19:00:00.000Z,8741,Península
353470.0,2025-05-28T22:00:00.000+02:00,2025-05-28T20:00:00Z,2025-05-28T20:00:00.000Z,8741,Península
319375.0,2025-05-28T23:00:00.000+02:00,2025-05-28T21:00:00Z,2025-05-28T21:00:00.000Z,8741,Península
297952.0,2025-05-29T00:00:00.000+02:00,2025-05-28T22:00:00Z,2025-05-28T22:00:00.000Z,8741,Península
281742.0,2025-05-29T01:00:00.000+02:00,2025-05-28T23:00:00Z,2025-05-28T23:00:00.000Z,8741,Península
272599.0,2025-05-29T02:00:00.000+02:00,2025-05-29T00:00:00Z,2025-05-29T00:00:00.000Z,8741,Península
266959.0,2025-05-29T03:00:00.000+02:00,2025-05-29T01:00:00Z,2025-05-29T01:00:00.000Z,8741,Península
265291.0,2025-05-29T04:00:00.000+02:00,2025-05-29T02:00:00Z,2025-05-29T02:00:00.000Z,8741,Península
269219.0,2025-05-29T05:00:00.000+02:00,2025-05-29T03:00:00Z,2025-05-29T03:00:00.000Z,8741,Península
293899.0,2025-05-29T06:00:00.000+02:00,2025-05-29T04:00:00Z,2025-05-29T04:00:00.000Z,8741,Península
324461.0,2025-05-29T07:00:00.000+02:00,2025-05-29T05:00:00Z,2025-05-29T05:00:00.000Z,8741,Península
340210.0,2025-05-29T08:00:00.000+02:00,2025-05-29T06:00:00Z,2025-05-29T06:00:00.000Z,8741,Península
343526.0,2025-05-29T09:00:00.000+02:00,2025-05-29T07:00:00Z,2025-05-29T07:00:00.000Z,8741,Península
347621.0,2025-05-29T10:00:00.000+02:00,2025-05-29T08:00:00Z,2025-05-29T08:00:00.000Z,8741,Península
345971.0,2025-05-29T11:00:00.000+02:00,2025-05-29T09:00:00Z,2025-05-29T09:00:00.000Z,8741,Península
349531.0,2025-05-29T12:00:00.000+02:00,2025-05-29T10:00:00Z,2025-05-29T10:00:00.000Z,8741,Península
350093.0,2025-05-29T13:00:00.000+02:00,2025-05-29T11:00:00Z,2025-05-29T11:00:00.000Z,8741,Península
347012.0,2025-05-29T14:00:00.000+02:00,2025-05-29T12:00:00Z,2025-05-29T12:00:00.000Z,8741,Península
345237.0,2025-05-29T15:00:00.000+02:00,2025-05-29T13:00:00Z,2025-05-29T13:00:00.000Z,8741,Península
347438.0,2025-05-29T16:00:00.000+02:00,2025-05-29T14:00:00Z,2025-05-29T14:00:00.000Z,8741,Península
352215.0,2025-05-29T17:00:00.000+02:00,2025-05-29T15:00:00Z,2025-05-29T15:00:00.000Z,8741,Península
361748.0,2025-05-29T18:00:00.000+02:00,2025-05-29T16:00:00Z,2025-05-29T16:00:00.000Z,8741,Península
370061.0,2025-05-29T19:00:00.000+02:00,2025-05-29T17:00:00Z,2025-05-29T17:00:00.000Z,8741,Península
382362.0,2025-05-29T20:00:00.000+02:00,2025-05-29T18:00:00Z,2025-05-29T18:00:00.000Z,8741,Península
384873.0,2025-05-29T21:00:00.000+02:00,2025-05-29T19:00:00Z,2025-05-29T19:00:00.000Z,8741,Península
366767.0,2025-05-29T22:00:00.000+02:00,2025-05-29T20:00:00Z,2025-05-29T20:00:00.000Z,8741,Península
337653.0,2025-05-29T23:00:00.000+02:00,2025-05-29T21:00:00Z,2025-05-29T21:00:00.000Z,8741,Península
314981.0,2025-05-30T00:00:00.000+02:00,2025-05-29T22:00:00Z,2025-05-29T22:00:00.000Z,8741,Península
297678.0,2025-05-30T01:00:00.000+02:00,2025-05-29T23:00:00Z,2025-05-29T23:00:00.000Z,8741,Península
281080.0,2025-05-30T02:00:00.000+02:00,2025-05-30T00:00:00Z,2025-05-30T00:00:00.000Z,8741,Península
275586.0,2025-05-30T03:00:00.000+02:00,2025-05-30T01:00:00Z,2025-05-30T01:00:00.000Z,8741,Península
274530.0,2025-05-30T04:00:00.000+02:00,2025-05-30T02:00:00Z,2025-05-30T02:00:00.000Z,8741,Península
280994.0,2025-05-30T05:00:00.000+02:00,2025-05-30T03:00:00Z,2025-05-30T03:00:00.000Z,8741,Península
303735.0,2025-05-30T06:00:00.000+02:00,2025-05-30T04:00:00Z,2025-05-30T04:00:00.000Z,8741,Península
331260.0,2025-05-30T07:00:00.000+02:00,2025-05-30T05:00:00Z,2025-05-30T05:00:00.000Z,8741,Península
347853.0,2025-05-30T08:00:00.000+02:00,2025-05-30T06:00:00Z,2025-05-30T06:00:00.000Z,8741,Península
353005.0,2025-05-30T09:00:00.000+02:00,2025-05-30T07:00:00Z,2025-05-30T07:00:00.000Z,8741,Península
353445.0,2025-05-30T10:00:00.000+02:00,2025-05-30T08:00:00Z,2025-05-30T08:00:00.000Z,8741,Península
352874.0,2025-05-30T11:00:00.000+02:00,2025-05-30T09:00:00Z,2025-05-30T09:00:00.000Z,8741,Península
358368.0,2025-05-30T12:00:00.000+02:00,2025-05-30T10:00:00Z,2025-05-30T10:00:00.000Z,8741,Península
363204.0,2025-05-30T13:00:00.000+02:00,2025-05-30T11:00:00Z,2025-05-30T11:00:00.000Z,8741,Península
361672.0,2025-05-30T14:00:00.000+02:00,2025-05-30T12:00:00Z,2025-05-30T12:00:00.000Z,8741,Península
355127.0,2025-05-30T15:00:00.000+02:00,2025-05-30T13:00:00Z,2025-05-30T13:00:00.000Z,8741,Península
354578.0,2025-05-30T16:00:00.000+02:00,2025-05-30T14:00:00Z,2025-05-30T14:00:00.000Z,8741,Península
362816.0,2025-05-30T17:00:00.000+02:00,2025-05-30T15:00:00Z,2025-05-30T15:00:00.000Z,8741,Península
370595.0,2025-05-30T18:00:00.000+02:00,2025-05-30T16:00:00Z,2025-05-30T16:00:00.000Z,8741,Península
373023.0,2025-05-30T19:00:00.000+02:00,2025-05-30T17:00:00Z,2025-05-30T17:00:00.000Z,8741,Península
368284.0,2025-05-30T20:00:00.000+02:00,2025-05-30T18:00:00Z,2025-05-30T18:00:00.000Z,8741,Península
368060.0,2025-05-30T21:00:00.000+02:00,2025-05-30T19:00:00Z,2025-05-30T19:00:00.000Z,8741,Península
352446.0,2025-05-30T22:00:00.000+02:00,2025-05-30T20:00:00Z,2025-05-30T20:00:00.000Z,8741,Península
326979.0,2025-05-30T23:00:00.000+02:00,2025-05-30T21:00:00Z,2025-05-30T21:00:00.000Z,8741,Península
308362.0,2025-05-31T00:00:00.000+02:00,2025-05-30T22:00:00Z,2025-05-30T22:00:00.000Z,8741,Península
293660.0,2025-05-31T01:00:00.000+02:00,2025-05-30T23:00:00Z,2025-05-30T23:00:00.000Z,8741,Península
278304.0,2025-05-31T02:00:00.000+02:00,2025-05-31T00:00:00Z,2025-05-31T00:00:00.000Z,8741,Península
270847.0,2025-05-31T03:00:00.000+02:00,2025-05-31T01:00:00Z,2025-05-31T01:00:00.000Z,8741,Península
263642.0,2025-05-31T04:00:00.000+02:00,2025-05-31T02:00:00Z,2025-05-31T02:00:00.000Z,8741,Península
263026.0,2025-05-31T05:00:00.000+02:00,2025-05-31T03:00:00Z,2025-05-31T03:00:00.000Z,8741,Península
264907.0,2025-05-31T06:00:00.000+02:00,2025-05-31T04:00:00Z,2025-05-31T04:00:00.000Z,8741,Península
270632.0,2025-05-31T07:00:00.000+02:00,2025-05-31T05:00:00Z,2025-05-31T05:00:00.000Z,8741,Península
282378.0,2025-05-31T08:00:00.000+02:00,2025-05-31T06:00:00Z,2025-05-31T06:00:00.000Z,8741,Península
294073.0,2025-05-31T09:00:00.000+02:00,2025-05-31T07:00:00Z,2025-05-31T07:00:00.000Z,8741,Península
303660.0,2025-05-31T10:00:00.000+02:00,2025-05-31T08:00:00Z,2025-05-31T08:00:00.000Z,8741,Península
304018.0,2025-05-31T11:00:00.000+02:00,2025-05-31T09:00:00Z,2025-05-31T09:00:00.000Z,8741,Península
304493.0,2025-05-31T12:00:00.000+02:00,2025-05-31T10:00:00Z,2025-05-31T10:00:00.000Z,8741,Península
307502.0,2025-05-31T13:00:00.000+02:00,2025-05-31T11:00:00Z,2025-05-31T11:00:00.000Z,8741,Península
307338.0,2025-05-31T14:00:00.000+02:00,2025-05-31T12:00:00Z,2025-05-31T12:00:00.000Z,8741,Península
302400.0,2025-05-31T15:00:00.000+02:00,2025-05-31T13:00:00Z,2025-05-31T13:00:00.000Z,8741,Península
304769.0,2025-05-31T16:00:00.000+02:00,2025-05-31T14:00:00Z,2025-05-31T14:00:00.000Z,8741,Península
311968.0,2025-05-31T17:00:00.000+02:00,2025-05-31T15:00:00Z,2025-05-31T15:00:00.000Z,8741,Península
320190.0,2025-05-31T18:00:00.000+02:00,2025-05-31T16:00:00Z,2025-05-31T16:00:00.000Z,8741,Península
324612.0,2025-05-31T19:00:00.000+02:00,2025-05-31T17:00:00Z,2025-05-31T17:00:00.000Z,8741,Península
328780.0,2025-05-31T20:00:00.000+02:00,2025-05-31T18:00:00Z,2025-05-31T18:00:00.000Z,8741,Península
337164.0,2025-05-31T21:00:00.000+02:00,2025-05-31T19:00:00Z,2025-05-31T19:00:00.000Z,8741,Península
331462.0,2025-05-31T22:00:00.000+02:00,2025-05-31T20:00:00Z,2025-05-31T20:00:00.000Z,8741,Península
307779.0,2025-05-31T23:00:00.000+02:00,2025-05-31T21:00:00Z,2025-05-31T21:00:00.000Z,8741,Península
288054.0,2025-06-01T00:00:00.000+02:00,2025-05-31T22:00:00Z,2025-05-31T22:00:00.000Z,8741,Península
271222.0,2025-06-01T01:00:00.000+02:00,2025-05-31T23:00:00Z,2025-05-31T23:00:00.000Z,8741,Península
259073.0,2025-06-01T02:00:00.000+02:00,2025-06-01T00:00:00Z,2025-06-01T00:00:00.000Z,8741,Península
249360.0,2025-06-01T03:00:00.000+02:00,2025-06-01T01:00:00Z,2025-06-01T01:00:00.000Z,8741,Península
242150.0,2025-06-01T04:00:00.000+02:00,2025-06-01T02:00:00Z,2025-06-01T02:00:00.000Z,8741,Península
241213.0,2025-06-01T05:00:00.000+02:00,2025-06-01T03:00:00Z,2025-06-01T03:00:00.000Z,8741,Península
241711.0,2025-06-01T06:00:00.000+02:00,2025-06-01T04:00:00Z,2025-06-01T04:00:00.000Z,8741,Península
239667.0,2025-06-01T07:00:00.000+02:00,2025-06-01T05:00:00Z,2025-06-01T05:00:00.000Z,8741,Península
246431.0,2025-06-01T08:00:00.000+02:00,2025-06-01T06:00:00Z,2025-06-01T06:00:00.000Z,8741,Península
262345.0,2025-06-01T09:00:00.000+02:00,2025-06-01T07:00:00Z,2025-06-01T07:00:00.000Z,8741,Península
271282.0,2025-06-01T10:00:00.000+02:00,2025-06-01T08:00:00Z,2025-06-01T08:00:00.000Z,8741,Península
278142.0,2025-06-01T11:00:00.000+02:00,2025-06-01T09:00:00Z,2025-06-01T09:00:00.000Z,8741,Península
280881.0,2025-06-01T12:00:00.000+02:00,2025-06-01T10:00:00Z,2025-06-01T10:00:00.000Z,8741,Península
289696.0,2025-06-01T13:00:00.000+02:00,2025-06-01T11:00:00Z,2025-06-01T11:00:00.000Z,8741,Península
291659.0,2025-06-01T14:00:00.000+02:00,2025-06-01T12:00:00Z,2025-06-01T12:00:00.000Z,8741,Península
282839.0,2025-06-01T15:00:00.000+02:00,2025-06-01T13:00:00Z,2025-06-01T13:00:00.000Z,8741,Península
281633.0,2025-06-01T16:00:00.000+02:00,2025-06-01T14:00:00Z,2025-06-01T14:00:00.000Z,8741,Península
291061.0,2025-06-01T17:00:00.000+02:00,2025-06-01T15:00:00Z,2025-06-01T15:00:00.000Z,8741,Península
301312.0,2025-06-01T18:00:00.000+02:00,2025-06-01T16:00:00Z,2025-06-01T16:00:00.000Z,8741,Península
307407.0,2025-06-01T19:00:00.000+02:00,2025-06-01T17:00:00Z,2025-06-01T17:00:00.000Z,8741,Península
320644.0,2025-06-01T20:00:00.000+02:00,2025-06-01T18:00:00Z,2025-06-01T18:00:00.000Z,8741,Península
333588.0,2025-06-01T21:00:00.000+02:00,2025-06-01T19:00:00Z,2025-06-01T19:00:00.000Z,8741,Península
330467.0,2025-06-01T22:00:00.000+02:00,2025-06-01T20:00:00Z,2025-06-01T20:00:00.000Z,8741,Península
307923.0,2025-06-01T23:00:00.000+02:00,2025-06-01T21:00:00Z,2025-06-01T21:00:00.000Z,8741,Península
291152.0,2025-06-02T00:00:00.000+02:00,2025-06-01T22:00:00Z,2025-06-01T22:00:00.000Z,8741,Península
274981.0,2025-06-02T01:00:00.000+02:00,2025-06-01T23:00:00Z,2025-06-01T23:00:00.000Z,8741,Península
262885.0,2025-06-02T02:00:00.000+02:00,2025-06-02T00:00:00Z,2025-06-02T00:00:00.000Z,8741,Península
257600.0,2025-06-02T03:00:00.000+02:00,2025-06-02T01:00:00Z,2025-06-02T01:00:00.000Z,8741,Península
255430.0,2025-06-02T04:00:00.000+02:00,2025-06-02T02:00:00Z,2025-06-02T02:00:00.000Z,8741,Península
262763.0,2025-06-02T05:00:00.000+02:00,2025-06-02T03:00:00Z,2025-06-02T03:00:00.000Z,8741,Península
292891.0,2025-06-02T06:00:00.000+02:00,2025-06-02T04:00:00Z,2025-06-02T04:00:00.000Z,8741,Península
322446.0,2025-06-02T07:00:00.000+02:00,2025-06-02T05:00:00Z,2025-06-02T05:00:00.000Z,8741,Península
343482.0,2025-06-02T08:00:00.000+02:00,2025-06-02T06:00:00Z,2025-06-02T06:00:00.000Z,8741,Península
354027.0,2025-06-02T09:00:00.000+02:00,2025-06-02T07:00:00Z,2025-06-02T07:00:00.000Z,8741,Península
354571.0,2025-06-02T10:00:00.000+02:00,2025-06-02T08:00:00Z,2025-06-02T08:00:00.000Z,8741,Península
354624.0,2025-06-02T11:00:00.000+02:00,2025-06-02T09:00:00Z,2025-06-02T09:00:00.000Z,8741,Península
353959.0,2025-06-02T12:00:00.000+02:00,2025-06-02T10:00:00Z,2025-06-02T10:00:00.000Z,8741,Península
360054.0,2025-06-02T13:00:00.000+02:00,2025-06-02T11:00:00Z,2025-06-02T11:00:00.000Z,8741,Península
361656.0,2025-06-02T14:00:00.000+02:00,2025-06-02T12:00:00Z,2025-06-02T12:00:00.000Z,8741,Península
354684.0,2025-06-02T15:00:00.000+02:00,2025-06-02T13:00:00Z,2025-06-02T13:00:00.000Z,8741,Península
354181.0,2025-06-02T16:00:00.000+02:00,2025-06-02T14:00:00Z,2025-06-02T14:00:00.000Z,8741,Península
357840.0,2025-06-02T17:00:00.000+02:00,2025-06-02T15:00:00Z,2025-06-02T15:00:00.000Z,8741,Península
357553.0,2025-06-02T18:00:00.000+02:00,2025-06-02T16:00:00Z,2025-06-02T16:00:00.000Z,8741,Península
363748.0,2025-06-02T19:00:00.000+02:00,2025-06-02T17:00:00Z,2025-06-02T17:00:00.000Z,8741,Península
373305.0,2025-06-02T20:00:00.000+02:00,2025-06-02T18:00:00Z,2025-06-02T18:00:00.000Z,8741,Península
375758.0,2025-06-02T21:00:00.000+02:00,2025-06-02T19:00:00Z,2025-06-02T19:00:00.000Z,8741,Península
355740.0,2025-06-02T22:00:00.000+02:00,2025-06-02T20:00:00Z,2025-06-02T20:00:00.000Z,8741,Península
323138.0,2025-06-02T23:00:00.000+02:00,2025-06-02T21:00:00Z,2025-06-02T21:00:00.000Z,8741,Península
303238.0,2025-06-03T00:00:00.000+02:00,2025-06-02T22:00:00Z,2025-06-02T22:00:00.000Z,8741,Península
287124.0,2025-06-03T01:00:00.000+02:00,2025-06-02T23:00:00Z,2025-06-02T23:00:00.000Z,8741,Península
276676.0,2025-06-03T02:00:00.000+02:00,2025-06-03T00:00:00Z,2025-06-03T00:00:00.000Z,8741,Península
272451.0,2025-06-03T03:00:00.000+02:00,2025-06-03T01:00:00Z,2025-06-03T01:00:00.000Z,8741,Península
272073.0,2025-06-03T04:00:00.000+02:00,2025-06-03T02:00:00Z,2025-06-03T02:00:00.000Z,8741,Península
276552.0,2025-06-03T05:00:00.000+02:00,2025-06-03T03:00:00Z,2025-06-03T03:00:00.000Z,8741,Península
300678.0,2025-06-03T06:00:00.000+02:00,2025-06-03T04:00:00Z,2025-06-03T04:00:00.000Z,8741,Península
327879.0,2025-06-03T07:00:00.000+02:00,2025-06-03T05:00:00Z,2025-06-03T05:00:00.000Z,8741,Península
345069.0,2025-06-03T08:00:00.000+02:00,2025-06-03T06:00:00Z,2025-06-03T06:00:00.000Z,8741,Península
350971.0,2025-06-03T09:00:00.000+02:00,2025-06-03T07:00:00Z,2025-06-03T07:00:00.000Z,8741,Península
351041.0,2025-06-03T10:00:00.000+02:00,2025-06-03T08:00:00Z,2025-06-03T08:00:00.000Z,8741,Península
349907.0,2025-06-03T11:00:00.000+02:00,2025-06-03T09:00:00Z,2025-06-03T09:00:00.000Z,8741,Península
353138.0,2025-06-03T12:00:00.000+02:00,2025-06-03T10:00:00Z,2025-06-03T10:00:00.000Z,8741,Península
356627.0,2025-06-03T13:00:00.000+02:00,2025-06-03T11:00:00Z,2025-06-03T11:00:00.000Z,8741,Península
351061.0,2025-06-03T14:00:00.000+02:00,2025-06-03T12:00:00Z,2025-06-03T12:00:00.000Z,8741,Península
344533.0,2025-06-03T15:00:00.000+02:00,2025-06-03T13:00:00Z,2025-06-03T13:00:00.000Z,8741,Península
345866.0,2025-06-03T16:00:00.000+02:00,2025-06-03T14:00:00Z,2025-06-03T14:00:00.000Z,8741,Península
353291.0,2025-06-03T17:00:00.000+02:00,2025-06-03T15:00:00Z,2025-06-03T15:00:00.000Z,8741,Península
346842.0,2025-06-03T18:00:00.000+02:00,2025-06-03T16:00:00Z,2025-06-03T16:00:00.000Z,8741,Península
348821.0,2025-06-03T19:00:00.000+02:00,2025-06-03T17:00:00Z,2025-06-03T17:00:00.000Z,8741,Península
358085.0,2025-06-03T20:00:00.000+02:00,2025-06-03T18:00:00Z,2025-06-03T18:00:00.000Z,8741,Península
364951.0,2025-06-03T21:00:00.000+02:00,2025-06-03T19:00:00Z,2025-06-03T19:00:00.000Z,8741,Península
345814.0,2025-06-03T22:00:00.000+02:00,2025-06-03T20:00:00Z,2025-06-03T20:00:00.000Z,8741,Península
314848.0,2025-06-03T23:00:00.000+02:00,2025-06-03T21:00:00Z,2025-06-03T21:00:00.000Z,8741,Península
296749.0,2025-06-04T00:00:00.000+02:00,2025-06-03T22:00:00Z,2025-06-03T22:00:00.000Z,8741,Península
280987.0,2025-06-04T01:00:00.000+02:00,2025-06-03T23:00:00Z,2025-06-03T23:00:00.000Z,8741,Península
271616.0,2025-06-04T02:00:00.000+02:00,2025-06-04T00:00:00Z,2025-06-04T00:00:00.000Z,8741,Península
269032.0,2025-06-04T03:00:00.000+02:00,2025-06-04T01:00:00Z,2025-06-04T01:00:00.000Z,8741,Península
267080.0,2025-06-04T04:00:00.000+02:00,2025-06-04T02:00:00Z,2025-06-04T02:00:00.000Z,8741,Península
272354.0,2025-06-04T05:00:00.000+02:00,2025-06-04T03:00:00Z,2025-06-04T03:00:00.000Z,8741,Península
298186.0,2025-06-04T06:00:00.000+02:00,2025-06-04T04:00:00Z,2025-06-04T04:00:00.000Z,8741,Península
327438.0,2025-06-04T07:00:00.000+02:00,2025-06-04T05:00:00Z,2025-06-04T05:00:00.000Z,8741,Península
342496.0,2025-06-04T08:00:00.000+02:00,2025-06-04T06:00:00Z,2025-06-04T06:00:00.000Z,8741,Península
346988.0,2025-06-04T09:00:00.000+02:00,2025-06-04T07:00:00Z,2025-06-04T07:00:00.000Z,8741,Península
343492.0,2025-06-04T10:00:00.000+02:00,2025-06-04T08:00:00Z,2025-06-04T08:00:00.000Z,8741,Península
341305.0,2025-06-04T11:00:00.000+02:00,2025-06-04T09:00:00Z,2025-06-04T09:00:00.000Z,8741,Península
342081.0,2025-06-04T12:00:00.000+02:00,2025-06-04T10:00:00Z,2025-06-04T10:00:00.000Z,8741,Península
343195.0,2025-06-04T13:00:00.000+02:00,2025-06-04T11:00:00Z,2025-06-04T11:00:00.000Z,8741,Península
337863.0,2025-06-04T14:00:00.000+02:00,2025-06-04T12:00:00Z,2025-06-04T12:00:00.000Z,8741,Península
330264.0,2025-06-04T15:00:00.000+02:00,2025-06-04T13:00:00Z,2025-06-04T13:00:00.000Z,8741,Península
331406.0,2025-06-04T16:00:00.000+02:00,2025-06-04T14:00:00Z,2025-06-04T14:00:00.000Z,8741,Península
336519.0,2025-06-04T17:00:00.000+02:00,2025-06-04T15:00:00Z,2025-06-04T15:00:00.000Z,8741,Península
342873.0,2025-06-04T18:00:00.000+02:00,2025-06-04T16:00:00Z,2025-06-04T16:00:00.000Z,8741,Península
352165.0,2025-06-04T19:00:00.000+02:00,2025-06-04T17:00:00Z,2025-06-04T17:00:00.000Z,8741,Península
361708.0,2025-06-04T20:00:00.000+02:00,2025-06-04T18:00:00Z,2025-06-04T18:00:00.000Z,8741,Península
369015.0,2025-06-04T21:00:00.000+02:00,2025-06-04T19:00:00Z,2025-06-04T19:00:00.000Z,8741,Península
352003.0,2025-06-04T22:00:00.000+02:00,2025-06-04T20:00:00Z,2025-06-04T20:00:00.000Z,8741,Península
321788.0,2025-06-04T23:00:00.000+02:00,2025-06-04T21:00:00Z,2025-06-04T21:00:00.000Z,8741,Península
301615.0,2025-06-05T00:00:00.000+02:00,2025-06-04T22:00:00Z,2025-06-04T22:00:00.000Z,8741,Península
284860.0,2025-06-05T01:00:00.000+02:00,2025-06-04T23:00:00Z,2025-06-04T23:00:00.000Z,8741,Península
274517.0,2025-06-05T02:00:00.000+02:00,2025-06-05T00:00:00Z,2025-06-05T00:00:00.000Z,8741,Península
269196.0,2025-06-05T03:00:00.000+02:00,2025-06-05T01:00:00Z,2025-06-05T01:00:00.000Z,8741,Península
268035.0,2025-06-05T04:00:00.000+02:00,2025-06-05T02:00:00Z,2025-06-05T02:00:00.000Z,8741,Península
276588.0,2025-06-05T05:00:00.000+02:00,2025-06-05T03:00:00Z,2025-06-05T03:00:00.000Z,8741,Península
299278.0,2025-06-05T06:00:00.000+02:00,2025-06-05T04:00:00Z,2025-06-05T04:00:00.000Z,8741,Península
327212.0,2025-06-05T07:00:00.000+02:00,2025-06-05T05:00:00Z,2025-06-05T05:00:00.000Z,8741,Península
343356.0,2025-06-05T08:00:00.000+02:00,2025-06-05T06:00:00Z,2025-06-05T06:00:00.000Z,8741,Península
347317.0,2025-06-05T09:00:00.000+02:00,2025-06-05T07:00:00Z,2025-06-05T07:00:00.000Z,8741,Península
340721.0,2025-06-05T10:00:00.000+02:00,2025-06-05T08:00:00Z,2025-06-05T08:00:00.000Z,8741,Península
338488.0,2025-06-05T11:00:00.000+02:00,2025-06-05T09:00:00Z,2025-06-05T09:00:00.000Z,8741,Península
338726.0,2025-06-05T12:00:00.000+02:00,2025-06-05T10:00:00Z,2025-06-05T10:00:00.000Z,8741,Península
340216.0,2025-06-05T13:00:00.000+02:00,2025-06-05T11:00:00Z,2025-06-05T11:00:00.000Z,8741,Península
337600.0,2025-06-05T14:00:00.000+02:00,2025-06-05T12:00:00Z,2025-06-05T12:00:00.000Z,8741,Península
334208.0,2025-06-05T15:00:00.000+02:00,2025-06-05T13:00:00Z,2025-06-05T13:00:00.000Z,8741,Península
332446.0,2025-06-05T16:00:00.000+02:00,2025-06-05T14:00:00Z,2025-06-05T14:00:00.000Z,8741,Península
340382.0,2025-06-05T17:00:00.000+02:00,2025-06-05T15:00:00Z,2025-06-05T15:00:00.000Z,8741,Península
347669.0,2025-06-05T18:00:00.000+02:00,2025-06-05T16:00:00Z,2025-06-05T16:00:00.000Z,8741,Península
357287.0,2025-06-05T19:00:00.000+02:00,2025-06-05T17:00:00Z,2025-06-05T17:00:00.000Z,8741,Península
367666.0,2025-06-05T20:00:00.000+02:00,2025-06-05T18:00:00Z,2025-06-05T18:00:00.000Z,8741,Península
371709.0,2025-06-05T21:00:00.000+02:00,2025-06-05T19:00:00Z,2025-06-05T19:00:00.000Z,8741,Península
356114.0,2025-06-05T22:00:00.000+02:00,2025-06-05T20:00:00Z,2025-06-05T20:00:00.000Z,8741,Península
325359.0,2025-06-05T23:00:00.000+02:00,2025-06-05T21:00:00Z,2025-06-05T21:00:00.000Z,8741,Península
306166.0,2025-06-06T00:00:00.000+02:00,2025-06-05T22:00:00Z,2025-06-05T22:00:00.000Z,8741,Península
291179.0,2025-06-06T01:00:00.000+02:00,2025-06-05T23:00:00Z,2025-06-05T23:00:00.000Z,8741,Península
279799.0,2025-06-06T02:00:00.000+02:00,2025-06-06T00:00:00Z,2025-06-06T00:00:00.000Z,8741,Península
273152.0,2025-06-06T03:00:00.000+02:00,2025-06-06T01:00:00Z,2025-06-06T01:00:00.000Z,8741,Península
271528.0,2025-06-06T04:00:00.000+02:00,2025-06-06T02:00:00Z,2025-06-06T02:00:00.000Z,8741,Península
276691.0,2025-06-06T05:00:00.000+02:00,2025-06-06T03:00:00Z,2025-06-06T03:00:00.000Z,8741,Península
299447.0,2025-06-06T06:00:00.000+02:00,2025-06-06T04:00:00Z,2025-06-06T04:00:00.000Z,8741,Península
329085.0,2025-06-06T07:00:00.000+02:00,2025-06-06T05:00:00Z,2025-06-06T05:00:00.000Z,8741,Península
345203.0,2025-06-06T08:00:00.000+02:00,2025-06-06T06:00:00Z,2025-06-06T06:00:00.000Z,8741,Península
350193.0,2025-06-06T09:00:00.000+02:00,2025-06-06T07:00:00Z,2025-06-06T07:00:00.000Z,8741,Península
351756.0,2025-06-06T10:00:00.000+02:00,2025-06-06T08:00:00Z,2025-06-06T08:00:00.000Z,8741,Península
350328.0,2025-06-06T11:00:00.000+02:00,2025-06-06T09:00:00Z,2025-06-06T09:00:00.000Z,8741,Península
348911.0,2025-06-06T12:00:00.000+02:00,2025-06-06T10:00:00Z,2025-06-06T10:00:00.000Z,8741,Península
352467.0,2025-06-06T13:00:00.000+02:00,2025-06-06T11:00:00Z,2025-06-06T11:00:00.000Z,8741,Península
347554.0,2025-06-06T14:00:00.000+02:00,2025-06-06T12:00:00Z,2025-06-06T12:00:00.000Z,8741,Península
339976.0,2025-06-06T15:00:00.000+02:00,2025-06-06T13:00:00Z,2025-06-06T13:00:00.000Z,8741,Península
335901.0,2025-06-06T16:00:00.000+02:00,2025-06-06T14:00:00Z,2025-06-06T14:00:00.000Z,8741,Península
340238.0,2025-06-06T17:00:00.000+02:00,2025-06-06T15:00:00Z,2025-06-06T15:00:00.000Z,8741,Península
349326.0,2025-06-06T18:00:00.000+02:00,2025-06-06T16:00:00Z,2025-06-06T16:00:00.000Z,8741,Península
354845.0,2025-06-06T19:00:00.000+02:00,2025-06-06T17:00:00Z,2025-06-06T17:00:00.000Z,8741,Península
357944.0,2025-06-06T20:00:00.000+02:00,2025-06-06T18:00:00Z,2025-06-06T18:00:00.000Z,8741,Península
358682.0,2025-06-06T21:00:00.000+02:00,2025-06-06T19:00:00Z,2025-06-06T19:00:00.000Z,8741,Península
344668.0,2025-06-06T22:00:00.000+02:00,2025-06-06T20:00:00Z,2025-06-06T20:00:00.000Z,8741,Península
319331.0,2025-06-06T23:00:00.000+02:00,2025-06-06T21:00:00Z,2025-06-06T21:00:00.000Z,8741,Península
301195.0,2025-06-07T00:00:00.000+02:00,2025-06-06T22:00:00Z,2025-06-06T22:00:00.000Z,8741,Península
286389.0,2025-06-07T01:00:00.000+02:00,2025-06-06T23:00:00Z,2025-06-06T23:00:00.000Z,8741,Península
272462.0,2025-06-07T02:00:00.000+02:00,2025-06-07T00:00:00Z,2025-06-07T00:00:00.000Z,8741,Península
266027.0,2025-06-07T03:00:00.000+02:00,2025-06-07T01:00:00Z,2025-06-07T01:00:00.000Z,8741,Península
260391.0,2025-06-07T04:00:00.000+02:00,2025-06-07T02:00:00Z,2025-06-07T02:00:00.000Z,8741,Península
257328.0,2025-06-07T05:00:00.000+02:00,2025-06-07T03:00:00Z,2025-06-07T03:00:00.000Z,8741,Península
259149.0,2025-06-07T06:00:00.000+02:00,2025-06-07T04:00:00Z,2025-06-07T04:00:00.000Z,8741,Península
265150.0,2025-06-07T07:00:00.000+02:00,2025-06-07T05:00:00Z,2025-06-07T05:00:00.000Z,8741,Península
279911.0,2025-06-07T08:00:00.000+02:00,2025-06-07T06:00:00Z,2025-06-07T06:00:00.000Z,8741,Península
294214.0,2025-06-07T09:00:00.000+02:00,2025-06-07T07:00:00Z,2025-06-07T07:00:00.000Z,8741,Península
300721.0,2025-06-07T10:00:00.000+02:00,2025-06-07T08:00:00Z,2025-06-07T08:00:00.000Z,8741,Península
300460.0,2025-06-07T11:00:00.000+02:00,2025-06-07T09:00:00Z,2025-06-07T09:00:00.000Z,8741,Península
296755.0,2025-06-07T12:00:00.000+02:00,2025-06-07T10:00:00Z,2025-06-07T10:00:00.000Z,8741,Península
300913.0,2025-06-07T13:00:00.000+02:00,2025-06-07T11:00:00Z,2025-06-07T11:00:00.000Z,8741,Península
298647.0,2025-06-07T14:00:00.000+02:00,2025-06-07T12:00:00Z,2025-06-07T12:00:00.000Z,8741,Península
288232.0,2025-06-07T15:00:00.000+02:00,2025-06-07T13:00:00Z,2025-06-07T13:00:00.000Z,8741,Península
282741.0,2025-06-07T16:00:00.000+02:00,2025-06-07T14:00:00Z,2025-06-07T14:00:00.000Z,8741,Península
292070.0,2025-06-07T17:00:00.000+02:00,2025-06-07T15:00:00Z,2025-06-07T15:00:00.000Z,8741,Península
305343.0,2025-06-07T18:00:00.000+02:00,2025-06-07T16:00:00Z,2025-06-07T16:00:00.000Z,8741,Península
319563.0,2025-06-07T19:00:00.000+02:00,2025-06-07T17:00:00Z,2025-06-07T17:00:00.000Z,8741,Península
326943.0,2025-06-07T20:00:00.000+02:00,2025-06-07T18:00:00Z,2025-06-07T18:00:00.000Z,8741,Península
330683.0,2025-06-07T21:00:00.000+02:00,2025-06-07T19:00:00Z,2025-06-07T19:00:00.000Z,8741,Península
323531.0,2025-06-07T22:00:00.000+02:00,2025-06-07T20:00:00Z,2025-06-07T20:00:00.000Z,8741,Península
302563.0,2025-06-07T23:00:00.000+02:00,2025-06-07T21:00:00Z,2025-06-07T21:00:00.000Z,8741,Península
285358.0,2025-06-08T00:00:00.000+02:00,2025-06-07T22:00:00Z,2025-06-07T22:00:00.000Z,8741,Península
267102.0,2025-06-08T01:00:00.000+02:00,2025-06-07T23:00:00Z,2025-06-07T23:00:00.000Z,8741,Península
254912.0,2025-06-08T02:00:00.000+02:00,2025-06-08T00:00:00Z,2025-06-08T00:00:00.000Z,8741,Península
246952.0,2025-06-08T03:00:00.000+02:00,2025-06-08T01:00:00Z,2025-06-08T01:00:00.000Z,8741,Península
240297.0,2025-06-08T04:00:00.000+02:00,2025-06-08T02:00:00Z,2025-06-08T02:00:00.000Z,8741,Península
239874.0,2025-06-08T05:00:00.000+02:00,2025-06-08T03:00:00Z,2025-06-08T03:00:00.000Z,8741,Península
238359.0,2025-06-08T06:00:00.000+02:00,2025-06-08T04:00:00Z,2025-06-08T04:00:00.000Z,8741,Península
236010.0,2025-06-08T07:00:00.000+02:00,2025-06-08T05:00:00Z,2025-06-08T05:00:00.000Z,8741,Península
242059.0,2025-06-08T08:00:00.000+02:00,2025-06-08T06:00:00Z,2025-06-08T06:00:00.000Z,8741,Península
252989.0,2025-06-08T09:00:00.000+02:00,2025-06-08T07:00:00Z,2025-06-08T07:00:00.000Z,8741,Península
262395.0,2025-06-08T10:00:00.000+02:00,2025-06-08T08:00:00Z,2025-06-08T08:00:00.000Z,8741,Península
265684.0,2025-06-08T11:00:00.000+02:00,2025-06-08T09:00:00Z,2025-06-08T09:00:00.000Z,8741,Península
269398.0,2025-06-08T12:00:00.000+02:00,2025-06-08T10:00:00Z,2025-06-08T10:00:00.000Z,8741,Península
275609.0,2025-06-08T13:00:00.000+02:00,2025-06-08T11:00:00Z,2025-06-08T11:00:00.000Z,8741,Península
277246.0,2025-06-08T14:00:00.000+02:00,2025-06-08T12:00:00Z,2025-06-08T12:00:00.000Z,8741,Península
269978.0,2025-06-08T15:00:00.000+02:00,2025-06-08T13:00:00Z,2025-06-08T13:00:00.000Z,8741,Península
264392.0,2025-06-08T16:00:00.000+02:00,2025-06-08T14:00:00Z,2025-06-08T14:00:00.000Z,8741,Península
274592.0,2025-06-08T17:00:00.000+02:00,2025-06-08T15:00:00Z,2025-06-08T15:00:00.000Z,8741,Península
294042.0,2025-06-08T18:00:00.000+02:00,2025-06-08T16:00:00Z,2025-06-08T16:00:00.000Z,8741,Península
310365.0,2025-06-08T19:00:00.000+02:00,2025-06-08T17:00:00Z,2025-06-08T17:00:00.000Z,8741,Península
319354.0,2025-06-08T20:00:00.000+02:00,2025-06-08T18:00:00Z,2025-06-08T18:00:00.000Z,8741,Península
333880.0,2025-06-08T21:00:00.000+02:00,2025-06-08T19:00:00Z,2025-06-08T19:00:00.000Z,8741,Península
334863.0,2025-06-08T22:00:00.000+02:00,2025-06-08T20:00:00Z,2025-06-08T20:00:00.000Z,8741,Península
310819.0,2025-06-08T23:00:00.000+02:00,2025-06-08T21:00:00Z,2025-06-08T21:00:00.000Z,8741,Península
290665.0,2025-06-09T00:00:00.000+02:00,2025-06-08T22:00:00Z,2025-06-08T22:00:00.000Z,8741,Península
274472.0,2025-06-09T01:00:00.000+02:00,2025-06-08T23:00:00Z,2025-06-08T23:00:00.000Z,8741,Península
262105.0,2025-06-09T02:00:00.000+02:00,2025-06-09T00:00:00Z,2025-06-09T00:00:00.000Z,8741,Península
257971.0,2025-06-09T03:00:00.000+02:00,2025-06-09T01:00:00Z,2025-06-09T01:00:00.000Z,8741,Península
257009.0,2025-06-09T04:00:00.000+02:00,2025-06-09T02:00:00Z,2025-06-09T02:00:00.000Z,8741,Península
263826.0,2025-06-09T05:00:00.000+02:00,2025-06-09T03:00:00Z,2025-06-09T03:00:00.000Z,8741,Península
288507.0,2025-06-09T06:00:00.000+02:00,2025-06-09T04:00:00Z,2025-06-09T04:00:00.000Z,8741,Península
317050.0,2025-06-09T07:00:00.000+02:00,2025-06-09T05:00:00Z,2025-06-09T05:00:00.000Z,8741,Península
334856.0,2025-06-09T08:00:00.000+02:00,2025-06-09T06:00:00Z,2025-06-09T06:00:00.000Z,8741,Península
344322.0,2025-06-09T09:00:00.000+02:00,2025-06-09T07:00:00Z,2025-06-09T07:00:00.000Z,8741,Península
347943.0,2025-06-09T10:00:00.000+02:00,2025-06-09T08:00:00Z,2025-06-09T08:00:00.000Z,8741,Península
350485.0,2025-06-09T11:00:00.000+02:00,2025-06-09T09:00:00Z,2025-06-09T09:00:00.000Z,8741,Península
352869.0,2025-06-09T12:00:00.000+02:00,2025-06-09T10:00:00Z,2025-06-09T10:00:00.000Z,8741,Península
360132.0,2025-06-09T13:00:00.000+02:00,2025-06-09T11:00:00Z,2025-06-09T11:00:00.000Z,8741,Península
361790.0,2025-06-09T14:00:00.000+02:00,2025-06-09T12:00:00Z,2025-06-09T12:00:00.000Z,8741,Península
358881.0,2025-06-09T15:00:00.000+02:00,2025-06-09T13:00:00Z,2025-06-09T13:00:00.000Z,8741,Península
360863.0,2025-06-09T16:00:00.000+02:00,2025-06-09T14:00:00Z,2025-06-09T14:00:00.000Z,8741,Península
368576.0,2025-06-09T17:00:00.000+02:00,2025-06-09T15:00:00Z,2025-06-09T15:00:00.000Z,8741,Península
372780.0,2025-06-09T18:00:00.000+02:00,2025-06-09T16:00:00Z,2025-06-09T16:00:00.000Z,8741,Península
382026.0,2025-06-09T19:00:00.000+02:00,2025-06-09T17:00:00Z,2025-06-09T17:00:00.000Z,8741,Península
381986.0,2025-06-09T20:00:00.000+02:00,2025-06-09T18:00:00Z,2025-06-09T18:00:00.000Z,8741,Península
383382.0,2025-06-09T21:00:00.000+02:00,2025-06-09T19:00:00Z,2025-06-09T19:00:00.000Z,8741,Península
368115.0,2025-06-09T22:00:00.000+02:00,2025-06-09T20:00:00Z,2025-06-09T20:00:00.000Z,8741,Península
334323.0,2025-06-09T23:00:00.000+02:00,2025-06-09T21:00:00Z,2025-06-09T21:00:00.000Z,8741,Península
308669.0,2025-06-10T00:00:00.000+02:00,2025-06-09T22:00:00Z,2025-06-09T22:00:00.000Z,8741,Península
290293.0,2025-06-10T01:00:00.000+02:00,2025-06-09T23:00:00Z,2025-06-09T23:00:00.000Z,8741,Península
280582.0,2025-06-10T02:00:00.000+02:00,2025-06-10T00:00:00Z,2025-06-10T00:00:00.000Z,8741,Península
277033.0,2025-06-10T03:00:00.000+02:00,2025-06-10T01:00:00Z,2025-06-10T01:00:00.000Z,8741,Península
274447.0,2025-06-10T04:00:00.000+02:00,2025-06-10T02:00:00Z,2025-06-10T02:00:00.000Z,8741,Península
281253.0,2025-06-10T05:00:00.000+02:00,2025-06-10T03:00:00Z,2025-06-10T03:00:00.000Z,8741,Península
310025.0,2025-06-10T06:00:00.000+02:00,2025-06-10T04:00:00Z,2025-06-10T04:00:00.000Z,8741,Península
340169.0,2025-06-10T07:00:00.000+02:00,2025-06-10T05:00:00Z,2025-06-10T05:00:00.000Z,8741,Península
358952.0,2025-06-10T08:00:00.000+02:00,2025-06-10T06:00:00Z,2025-06-10T06:00:00.000Z,8741,Península
369205.0,2025-06-10T09:00:00.000+02:00,2025-06-10T07:00:00Z,2025-06-10T07:00:00.000Z,8741,Península
373743.0,2025-06-10T10:00:00.000+02:00,2025-06-10T08:00:00Z,2025-06-10T08:00:00.000Z,8741,Península
373915.0,2025-06-10T11:00:00.000+02:00,2025-06-10T09:00:00Z,2025-06-10T09:00:00.000Z,8741,Península
382288.0,2025-06-10T12:00:00.000+02:00,2025-06-10T10:00:00Z,2025-06-10T10:00:00.000Z,8741,Península
389591.0,2025-06-10T13:00:00.000+02:00,2025-06-10T11:00:00Z,2025-06-10T11:00:00.000Z,8741,Península
389892.0,2025-06-10T14:00:00.000+02:00,2025-06-10T12:00:00Z,2025-06-10T12:00:00.000Z,8741,Península
388002.0,2025-06-10T15:00:00.000+02:00,2025-06-10T13:00:00Z,2025-06-10T13:00:00.000Z,8741,Península
388584.0,2025-06-10T16:00:00.000+02:00,2025-06-10T14:00:00Z,2025-06-10T14:00:00.000Z,8741,Península
392736.0,2025-06-10T17:00:00.000+02:00,2025-06-10T15:00:00Z,2025-06-10T15:00:00.000Z,8741,Península
389566.0,2025-06-10T18:00:00.000+02:00,2025-06-10T16:00:00Z,2025-06-10T16:00:00.000Z,8741,Península
394433.0,2025-06-10T19:00:00.000+02:00,2025-06-10T17:00:00Z,2025-06-10T17:00:00.000Z,8741,Península
398186.0,2025-06-10T20:00:00.000+02:00,2025-06-10T18:00:00Z,2025-06-10T18:00:00.000Z,8741,Península
394456.0,2025-06-10T21:00:00.000+02:00,2025-06-10T19:00:00Z,2025-06-10T19:00:00.000Z,8741,Península
371311.0,2025-06-10T22:00:00.000+02:00,2025-06-10T20:00:00Z,2025-06-10T20:00:00.000Z,8741,Península
338175.0,2025-06-10T23:00:00.000+02:00,2025-06-10T21:00:00Z,2025-06-10T21:00:00.000Z,8741,Península
318018.0,2025-06-11T00:00:00.000+02:00,2025-06-10T22:00:00Z,2025-06-10T22:00:00.000Z,8741,Península
300814.0,2025-06-11T01:00:00.000+02:00,2025-06-10T23:00:00Z,2025-06-10T23:00:00.000Z,8741,Península
287833.0,2025-06-11T02:00:00.000+02:00,2025-06-11T00:00:00Z,2025-06-11T00:00:00.000Z,8741,Península
281632.0,2025-06-11T03:00:00.000+02:00,2025-06-11T01:00:00Z,2025-06-11T01:00:00.000Z,8741,Península
279480.0,2025-06-11T04:00:00.000+02:00,2025-06-11T02:00:00Z,2025-06-11T02:00:00.000Z,8741,Península
283930.0,2025-06-11T05:00:00.000+02:00,2025-06-11T03:00:00Z,2025-06-11T03:00:00.000Z,8741,Península
309685.0,2025-06-11T06:00:00.000+02:00,2025-06-11T04:00:00Z,2025-06-11T04:00:00.000Z,8741,Península
340794.0,2025-06-11T07:00:00.000+02:00,2025-06-11T05:00:00Z,2025-06-11T05:00:00.000Z,8741,Península
360174.0,2025-06-11T08:00:00.000+02:00,2025-06-11T06:00:00Z,2025-06-11T06:00:00.000Z,8741,Península
369097.0,2025-06-11T09:00:00.000+02:00,2025-06-11T07:00:00Z,2025-06-11T07:00:00.000Z,8741,Península
373368.0,2025-06-11T10:00:00.000+02:00,2025-06-11T08:00:00Z,2025-06-11T08:00:00.000Z,8741,Península
377672.0,2025-06-11T11:00:00.000+02:00,2025-06-11T09:00:00Z,2025-06-11T09:00:00.000Z,8741,Península
380854.0,2025-06-11T12:00:00.000+02:00,2025-06-11T10:00:00Z,2025-06-11T10:00:00.000Z,8741,Península
381419.0,2025-06-11T13:00:00.000+02:00,2025-06-11T11:00:00Z,2025-06-11T11:00:00.000Z,8741,Península
379636.0,2025-06-11T14:00:00.000+02:00,2025-06-11T12:00:00Z,2025-06-11T12:00:00.000Z,8741,Península
371158.0,2025-06-11T15:00:00.000+02:00,2025-06-11T13:00:00Z,2025-06-11T13:00:00.000Z,8741,Península
374387.0,2025-06-11T16:00:00.000+02:00,2025-06-11T14:00:00Z,2025-06-11T14:00:00.000Z,8741,Península
382401.0,2025-06-11T17:00:00.000+02:00,2025-06-11T15:00:00Z,2025-06-11T15:00:00.000Z,8741,Península
380125.0,2025-06-11T18:00:00.000+02:00,2025-06-11T16:00:00Z,2025-06-11T16:00:00.000Z,8741,Península
382357.0,2025-06-11T19:00:00.000+02:00,2025-06-11T17:00:00Z,2025-06-11T17:00:00.000Z,8741,Península
384020.0,2025-06-11T20:00:00.000+02:00,2025-06-11T18:00:00Z,2025-06-11T18:00:00.000Z,8741,Península
380600.0,2025-06-11T21:00:00.000+02:00,2025-06-11T19:00:00Z,2025-06-11T19:00:00.000Z,8741,Península
363208.0,2025-06-11T22:00:00.000+02:00,2025-06-11T20:00:00Z,2025-06-11T20:00:00.000Z,8741,Península
332199.0,2025-06-11T23:00:00.000+02:00,2025-06-11T21:00:00Z,2025-06-11T21:00:00.000Z,8741,Península
312257.0,2025-06-12T00:00:00.000+02:00,2025-06-11T22:00:00Z,2025-06-11T22:00:00.000Z,8741,Península
298322.0,2025-06-12T01:00:00.000+02:00,2025-06-11T23:00:00Z,2025-06-11T23:00:00.000Z,8741,Península
286474.0,2025-06-12T02:00:00.000+02:00,2025-06-12T00:00:00Z,2025-06-12T00:00:00.000Z,8741,Península
280440.0,2025-06-12T03:00:00.000+02:00,2025-06-12T01:00:00Z,2025-06-12T01:00:00.000Z,8741,Península
278799.0,2025-06-12T04:00:00.000+02:00,2025-06-12T02:00:00Z,2025-06-12T02:00:00.000Z,8741,Península
282756.0,2025-06-12T05:00:00.000+02:00,2025-06-12T03:00:00Z,2025-06-12T03:00:00.000Z,8741,Península
305225.0,2025-06-12T06:00:00.000+02:00,2025-06-12T04:00:00Z,2025-06-12T04:00:00.000Z,8741,Península
332204.0,2025-06-12T07:00:00.000+02:00,2025-06-12T05:00:00Z,2025-06-12T05:00:00.000Z,8741,Península
348600.0,2025-06-12T08:00:00.000+02:00,2025-06-12T06:00:00Z,2025-06-12T06:00:00.000Z,8741,Península
354145.0,2025-06-12T09:00:00.000+02:00,2025-06-12T07:00:00Z,2025-06-12T07:00:00.000Z,8741,Península
353754.0,2025-06-12T10:00:00.000+02:00,2025-06-12T08:00:00Z,2025-06-12T08:00:00.000Z,8741,Península
355091.0,2025-06-12T11:00:00.000+02:00,2025-06-12T09:00:00Z,2025-06-12T09:00:00.000Z,8741,Península
357926.0,2025-06-12T12:00:00.000+02:00,2025-06-12T10:00:00Z,2025-06-12T10:00:00.000Z,8741,Península
364393.0,2025-06-12T13:00:00.000+02:00,2025-06-12T11:00:00Z,2025-06-12T11:00:00.000Z,8741,Península
362888.0,2025-06-12T14:00:00.000+02:00,2025-06-12T12:00:00Z,2025-06-12T12:00:00.000Z,8741,Península
358744.0,2025-06-12T15:00:00.000+02:00,2025-06-12T13:00:00Z,2025-06-12T13:00:00.000Z,8741,Península
361521.0,2025-06-12T16:00:00.000+02:00,2025-06-12T14:00:00Z,2025-06-12T14:00:00.000Z,8741,Península
369204.0,2025-06-12T17:00:00.000+02:00,2025-06-12T15:00:00Z,2025-06-12T15:00:00.000Z,8741,Península
373783.0,2025-06-12T18:00:00.000+02:00,2025-06-12T16:00:00Z,2025-06-12T16:00:00.000Z,8741,Península
382430.0,2025-06-12T19:00:00.000+02:00,2025-06-12T17:00:00Z,2025-06-12T17:00:00.000Z,8741,Península
388741.0,2025-06-12T20:00:00.000+02:00,2025-06-12T18:00:00Z,2025-06-12T18:00:00.000Z,8741,Península
385966.0,2025-06-12T21:00:00.000+02:00,2025-06-12T19:00:00Z,2025-06-12T19:00:00.000Z,8741,Península
371473.0,2025-06-12T22:00:00.000+02:00,2025-06-12T20:00:00Z,2025-06-12T20:00:00.000Z,8741,Península
341704.0,2025-06-12T23:00:00.000+02:00,2025-06-12T21:00:00Z,2025-06-12T21:00:00.000Z,8741,Península
319503.0,2025-06-13T00:00:00.000+02:00,2025-06-12T22:00:00Z,2025-06-12T22:00:00.000Z,8741,Península
301362.0,2025-06-13T01:00:00.000+02:00,2025-06-12T23:00:00Z,2025-06-12T23:00:00.000Z,8741,Península
289756.0,2025-06-13T02:00:00.000+02:00,2025-06-13T00:00:00Z,2025-06-13T00:00:00.000Z,8741,Península
284502.0,2025-06-13T03:00:00.000+02:00,2025-06-13T01:00:00Z,2025-06-13T01:00:00.000Z,8741,Península
281850.0,2025-06-13T04:00:00.000+02:00,2025-06-13T02:00:00Z,2025-06-13T02:00:00.000Z,8741,Península
286447.0,2025-06-13T05:00:00.000+02:00,2025-06-13T03:00:00Z,2025-06-13T03:00:00.000Z,8741,Península
311546.0,2025-06-13T06:00:00.000+02:00,2025-06-13T04:00:00Z,2025-06-13T04:00:00.000Z,8741,Península
339821.0,2025-06-13T07:00:00.000+02:00,2025-06-13T05:00:00Z,2025-06-13T05:00:00.000Z,8741,Península
359536.0,2025-06-13T08:00:00.000+02:00,2025-06-13T06:00:00Z,2025-06-13T06:00:00.000Z,8741,Península
365255.0,2025-06-13T09:00:00.000+02:00,2025-06-13T07:00:00Z,2025-06-13T07:00:00.000Z,8741,Península
369735.0,2025-06-13T10:00:00.000+02:00,2025-06-13T08:00:00Z,2025-06-13T08:00:00.000Z,8741,Península
371781.0,2025-06-13T11:00:00.000+02:00,2025-06-13T09:00:00Z,2025-06-13T09:00:00.000Z,8741,Península
371983.0,2025-06-13T12:00:00.000+02:00,2025-06-13T10:00:00Z,2025-06-13T10:00:00.000Z,8741,Península
374693.0,2025-06-13T13:00:00.000+02:00,2025-06-13T11:00:00Z,2025-06-13T11:00:00.000Z,8741,Península
373390.0,2025-06-13T14:00:00.000+02:00,2025-06-13T12:00:00Z,2025-06-13T12:00:00.000Z,8741,Península
366421.0,2025-06-13T15:00:00.000+02:00,2025-06-13T13:00:00Z,2025-06-13T13:00:00.000Z,8741,Península
367865.0,2025-06-13T16:00:00.000+02:00,2025-06-13T14:00:00Z,2025-06-13T14:00:00.000Z,8741,Península
371589.0,2025-06-13T17:00:00.000+02:00,2025-06-13T15:00:00Z,2025-06-13T15:00:00.000Z,8741,Península
373938.0,2025-06-13T18:00:00.000+02:00,2025-06-13T16:00:00Z,2025-06-13T16:00:00.000Z,8741,Península
376911.0,2025-06-13T19:00:00.000+02:00,2025-06-13T17:00:00Z,2025-06-13T17:00:00.000Z,8741,Península
378546.0,2025-06-13T20:00:00.000+02:00,2025-06-13T18:00:00Z,2025-06-13T18:00:00.000Z,8741,Península
373675.0,2025-06-13T21:00:00.000+02:00,2025-06-13T19:00:00Z,2025-06-13T19:00:00.000Z,8741,Península
359292.0,2025-06-13T22:00:00.000+02:00,2025-06-13T20:00:00Z,2025-06-13T20:00:00.000Z,8741,Península
334562.0,2025-06-13T23:00:00.000+02:00,2025-06-13T21:00:00Z,2025-06-13T21:00:00.000Z,8741,Península
316772.0,2025-06-14T00:00:00.000+02:00,2025-06-13T22:00:00Z,2025-06-13T22:00:00.000Z,8741,Península
298089.0,2025-06-14T01:00:00.000+02:00,2025-06-13T23:00:00Z,2025-06-13T23:00:00.000Z,8741,Península
283488.0,2025-06-14T02:00:00.000+02:00,2025-06-14T00:00:00Z,2025-06-14T00:00:00.000Z,8741,Península
274574.0,2025-06-14T03:00:00.000+02:00,2025-06-14T01:00:00Z,2025-06-14T01:00:00.000Z,8741,Península
268025.0,2025-06-14T04:00:00.000+02:00,2025-06-14T02:00:00Z,2025-06-14T02:00:00.000Z,8741,Península
265402.0,2025-06-14T05:00:00.000+02:00,2025-06-14T03:00:00Z,2025-06-14T03:00:00.000Z,8741,Península
271288.0,2025-06-14T06:00:00.000+02:00,2025-06-14T04:00:00Z,2025-06-14T04:00:00.000Z,8741,Península
275882.0,2025-06-14T07:00:00.000+02:00,2025-06-14T05:00:00Z,2025-06-14T05:00:00.000Z,8741,Península
290552.0,2025-06-14T08:00:00.000+02:00,2025-06-14T06:00:00Z,2025-06-14T06:00:00.000Z,8741,Península
307027.0,2025-06-14T09:00:00.000+02:00,2025-06-14T07:00:00Z,2025-06-14T07:00:00.000Z,8741,Península
319564.0,2025-06-14T10:00:00.000+02:00,2025-06-14T08:00:00Z,2025-06-14T08:00:00.000Z,8741,Península
319675.0,2025-06-14T11:00:00.000+02:00,2025-06-14T09:00:00Z,2025-06-14T09:00:00.000Z,8741,Península
319734.0,2025-06-14T12:00:00.000+02:00,2025-06-14T10:00:00Z,2025-06-14T10:00:00.000Z,8741,Península
325727.0,2025-06-14T13:00:00.000+02:00,2025-06-14T11:00:00Z,2025-06-14T11:00:00.000Z,8741,Península
325157.0,2025-06-14T14:00:00.000+02:00,2025-06-14T12:00:00Z,2025-06-14T12:00:00.000Z,8741,Península
314502.0,2025-06-14T15:00:00.000+02:00,2025-06-14T13:00:00Z,2025-06-14T13:00:00.000Z,8741,Península
313852.0,2025-06-14T16:00:00.000+02:00,2025-06-14T14:00:00Z,2025-06-14T14:00:00.000Z,8741,Península
319971.0,2025-06-14T17:00:00.000+02:00,2025-06-14T15:00:00Z,2025-06-14T15:00:00.000Z,8741,Península
323677.0,2025-06-14T18:00:00.000+02:00,2025-06-14T16:00:00Z,2025-06-14T16:00:00.000Z,8741,Península
335237.0,2025-06-14T19:00:00.000+02:00,2025-06-14T17:00:00Z,2025-06-14T17:00:00.000Z,8741,Península
340650.0,2025-06-14T20:00:00.000+02:00,2025-06-14T18:00:00Z,2025-06-14T18:00:00.000Z,8741,Península
343790.0,2025-06-14T21:00:00.000+02:00,2025-06-14T19:00:00Z,2025-06-14T19:00:00.000Z,8741,Península
335365.0,2025-06-14T22:00:00.000+02:00,2025-06-14T20:00:00Z,2025-06-14T20:00:00.000Z,8741,Península
313526.0,2025-06-14T23:00:00.000+02:00,2025-06-14T21:00:00Z,2025-06-14T21:00:00.000Z,8741,Península
296457.0,2025-06-15T00:00:00.000+02:00,2025-06-14T22:00:00Z,2025-06-14T22:00:00.000Z,8741,Península
278028.0,2025-06-15T01:00:00.000+02:00,2025-06-14T23:00:00Z,2025-06-14T23:00:00.000Z,8741,Península
264062.0,2025-06-15T02:00:00.000+02:00,2025-06-15T00:00:00Z,2025-06-15T00:00:00.000Z,8741,Península
255517.0,2025-06-15T03:00:00.000+02:00,2025-06-15T01:00:00Z,2025-06-15T01:00:00.000Z,8741,Península
250237.0,2025-06-15T04:00:00.000+02:00,2025-06-15T02:00:00Z,2025-06-15T02:00:00.000Z,8741,Península
246445.0,2025-06-15T05:00:00.000+02:00,2025-06-15T03:00:00Z,2025-06-15T03:00:00.000Z,8741,Península
246570.0,2025-06-15T06:00:00.000+02:00,2025-06-15T04:00:00Z,2025-06-15T04:00:00.000Z,8741,Península
245992.0,2025-06-15T07:00:00.000+02:00,2025-06-15T05:00:00Z,2025-06-15T05:00:00.000Z,8741,Península
251456.0,2025-06-15T08:00:00.000+02:00,2025-06-15T06:00:00Z,2025-06-15T06:00:00.000Z,8741,Península
264095.0,2025-06-15T09:00:00.000+02:00,2025-06-15T07:00:00Z,2025-06-15T07:00:00.000Z,8741,Península
277541.0,2025-06-15T10:00:00.000+02:00,2025-06-15T08:00:00Z,2025-06-15T08:00:00.000Z,8741,Península
282860.0,2025-06-15T11:00:00.000+02:00,2025-06-15T09:00:00Z,2025-06-15T09:00:00.000Z,8741,Península
289625.0,2025-06-15T12:00:00.000+02:00,2025-06-15T10:00:00Z,2025-06-15T10:00:00.000Z,8741,Península
300217.0,2025-06-15T13:00:00.000+02:00,2025-06-15T11:00:00Z,2025-06-15T11:00:00.000Z,8741,Península
305281.0,2025-06-15T14:00:00.000+02:00,2025-06-15T12:00:00Z,2025-06-15T12:00:00.000Z,8741,Península
298481.0,2025-06-15T15:00:00.000+02:00,2025-06-15T13:00:00Z,2025-06-15T13:00:00.000Z,8741,Península
295243.0,2025-06-15T16:00:00.000+02:00,2025-06-15T14:00:00Z,2025-06-15T14:00:00.000Z,8741,Península
302057.0,2025-06-15T17:00:00.000+02:00,2025-06-15T15:00:00Z,2025-06-15T15:00:00.000Z,8741,Península
311870.0,2025-06-15T18:00:00.000+02:00,2025-06-15T16:00:00Z,2025-06-15T16:00:00.000Z,8741,Península
323972.0,2025-06-15T19:00:00.000+02:00,2025-06-15T17:00:00Z,2025-06-15T17:00:00.000Z,8741,Península
331286.0,2025-06-15T20:00:00.000+02:00,2025-06-15T18:00:00Z,2025-06-15T18:00:00.000Z,8741,Península
343485.0,2025-06-15T21:00:00.000+02:00,2025-06-15T19:00:00Z,2025-06-15T19:00:00.000Z,8741,Península
345673.0,2025-06-15T22:00:00.000+02:00,2025-06-15T20:00:00Z,2025-06-15T20:00:00.000Z,8741,Península
322250.0,2025-06-15T23:00:00.000+02:00,2025-06-15T21:00:00Z,2025-06-15T21:00:00.000Z,8741,Península
300300.0,2025-06-16T00:00:00.000+02:00,2025-06-15T22:00:00Z,2025-06-15T22:00:00.000Z,8741,Península
281556.0,2025-06-16T01:00:00.000+02:00,2025-06-15T23:00:00Z,2025-06-15T23:00:00.000Z,8741,Península
270583.0,2025-06-16T02:00:00.000+02:00,2025-06-16T00:00:00Z,2025-06-16T00:00:00.000Z,8741,Península
264062.0,2025-06-16T03:00:00.000+02:00,2025-06-16T01:00:00Z,2025-06-16T01:00:00.000Z,8741,Península
262997.0,2025-06-16T04:00:00.000+02:00,2025-06-16T02:00:00Z,2025-06-16T02:00:00.000Z,8741,Península
270060.0,2025-06-16T05:00:00.000+02:00,2025-06-16T03:00:00Z,2025-06-16T03:00:00.000Z,8741,Península
296066.0,2025-06-16T06:00:00.000+02:00,2025-06-16T04:00:00Z,2025-06-16T04:00:00.000Z,8741,Península
328298.0,2025-06-16T07:00:00.000+02:00,2025-06-16T05:00:00Z,2025-06-16T05:00:00.000Z,8741,Península
353112.0,2025-06-16T08:00:00.000+02:00,2025-06-16T06:00:00Z,2025-06-16T06:00:00.000Z,8741,Península
368806.0,2025-06-16T09:00:00.000+02:00,2025-06-16T07:00:00Z,2025-06-16T07:00:00.000Z,8741,Península
374894.0,2025-06-16T10:00:00.000+02:00,2025-06-16T08:00:00Z,2025-06-16T08:00:00.000Z,8741,Península
377999.0,2025-06-16T11:00:00.000+02:00,2025-06-16T09:00:00Z,2025-06-16T09:00:00.000Z,8741,Península
389140.0,2025-06-16T12:00:00.000+02:00,2025-06-16T10:00:00Z,2025-06-16T10:00:00.000Z,8741,Península
395951.0,2025-06-16T13:00:00.000+02:00,2025-06-16T11:00:00Z,2025-06-16T11:00:00.000Z,8741,Península
397848.0,2025-06-16T14:00:00.000+02:00,2025-06-16T12:00:00Z,2025-06-16T12:00:00.000Z,8741,Península
394049.0,2025-06-16T15:00:00.000+02:00,2025-06-16T13:00:00Z,2025-06-16T13:00:00.000Z,8741,Península
395446.0,2025-06-16T16:00:00.000+02:00,2025-06-16T14:00:00Z,2025-06-16T14:00:00.000Z,8741,Península
399688.0,2025-06-16T17:00:00.000+02:00,2025-06-16T15:00:00Z,2025-06-16T15:00:00.000Z,8741,Península
399091.0,2025-06-16T18:00:00.000+02:00,2025-06-16T16:00:00Z,2025-06-16T16:00:00.000Z,8741,Península
404504.0,2025-06-16T19:00:00.000+02:00,2025-06-16T17:00:00Z,2025-06-16T17:00:00.000Z,8741,Península
408357.0,2025-06-16T20:00:00.000+02:00,2025-06-16T18:00:00Z,2025-06-16T18:00:00.000Z,8741,Península
404913.0,2025-06-16T21:00:00.000+02:00,2025-06-16T19:00:00Z,2025-06-16T19:00:00.000Z,8741,Península
388512.0,2025-06-16T22:00:00.000+02:00,2025-06-16T20:00:00Z,2025-06-16T20:00:00.000Z,8741,Península
355671.0,2025-06-16T23:00:00.000+02:00,2025-06-16T21:00:00Z,2025-06-16T21:00:00.000Z,8741,Península
332596.0,2025-06-17T00:00:00.000+02:00,2025-06-16T22:00:00Z,2025-06-16T22:00:00.000Z,8741,Península
316668.0,2025-06-17T01:00:00.000+02:00,2025-06-16T23:00:00Z,2025-06-16T23:00:00.000Z,8741,Península
304396.0,2025-06-17T02:00:00.000+02:00,2025-06-17T00:00:00Z,2025-06-17T00:00:00.000Z,8741,Península
296988.0,2025-06-17T03:00:00.000+02:00,2025-06-17T01:00:00Z,2025-06-17T01:00:00.000Z,8741,Península
293358.0,2025-06-17T04:00:00.000+02:00,2025-06-17T02:00:00Z,2025-06-17T02:00:00.000Z,8741,Península
297884.0,2025-06-17T05:00:00.000+02:00,2025-06-17T03:00:00Z,2025-06-17T03:00:00.000Z,8741,Península
321130.0,2025-06-17T06:00:00.000+02:00,2025-06-17T04:00:00Z,2025-06-17T04:00:00.000Z,8741,Península
348677.0,2025-06-17T07:00:00.000+02:00,2025-06-17T05:00:00Z,2025-06-17T05:00:00.000Z,8741,Península
369524.0,2025-06-17T08:00:00.000+02:00,2025-06-17T06:00:00Z,2025-06-17T06:00:00.000Z,8741,Península
380758.0,2025-06-17T09:00:00.000+02:00,2025-06-17T07:00:00Z,2025-06-17T07:00:00.000Z,8741,Península
386832.0,2025-06-17T10:00:00.000+02:00,2025-06-17T08:00:00Z,2025-06-17T08:00:00.000Z,8741,Península
394115.0,2025-06-17T11:00:00.000+02:00,2025-06-17T09:00:00Z,2025-06-17T09:00:00.000Z,8741,Península
403446.0,2025-06-17T12:00:00.000+02:00,2025-06-17T10:00:00Z,2025-06-17T10:00:00.000Z,8741,Península
411145.0,2025-06-17T13:00:00.000+02:00,2025-06-17T11:00:00Z,2025-06-17T11:00:00.000Z,8741,Península
412610.0,2025-06-17T14:00:00.000+02:00,2025-06-17T12:00:00Z,2025-06-17T12:00:00.000Z,8741,Península
412373.0,2025-06-17T15:00:00.000+02:00,2025-06-17T13:00:00Z,2025-06-17T13:00:00.000Z,8741,Península
411610.0,2025-06-17T16:00:00.000+02:00,2025-06-17T14:00:00Z,2025-06-17T14:00:00.000Z,8741,Península
412228.0,2025-06-17T17:00:00.000+02:00,2025-06-17T15:00:00Z,2025-06-17T15:00:00.000Z,8741,Península
410599.0,2025-06-17T18:00:00.000+02:00,2025-06-17T16:00:00Z,2025-06-17T16:00:00.000Z,8741,Península
411816.0,2025-06-17T19:00:00.000+02:00,2025-06-17T17:00:00Z,2025-06-17T17:00:00.000Z,8741,Península
411165.0,2025-06-17T20:00:00.000+02:00,2025-06-17T18:00:00Z,2025-06-17T18:00:00.000Z,8741,Península
409816.0,2025-06-17T21:00:00.000+02:00,2025-06-17T19:00:00Z,2025-06-17T19:00:00.000Z,8741,Península
395340.0,2025-06-17T22:00:00.000+02:00,2025-06-17T20:00:00Z,2025-06-17T20:00:00.000Z,8741,Península
361537.0,2025-06-17T23:00:00.000+02:00,2025-06-17T21:00:00Z,2025-06-17T21:00:00.000Z,8741,Península
337167.0,2025-06-18T00:00:00.000+02:00,2025-06-17T22:00:00Z,2025-06-17T22:00:00.000Z,8741,Península
317575.0,2025-06-18T01:00:00.000+02:00,2025-06-17T23:00:00Z,2025-06-17T23:00:00.000Z,8741,Península
306416.0,2025-06-18T02:00:00.000+02:00,2025-06-18T00:00:00Z,2025-06-18T00:00:00.000Z,8741,Península
299894.0,2025-06-18T03:00:00.000+02:00,2025-06-18T01:00:00Z,2025-06-18T01:00:00.000Z,8741,Península
297852.0,2025-06-18T04:00:00.000+02:00,2025-06-18T02:00:00Z,2025-06-18T02:00:00.000Z,8741,Península
300716.0,2025-06-18T05:00:00.000+02:00,2025-06-18T03:00:00Z,2025-06-18T03:00:00.000Z,8741,Península
324581.0,2025-06-18T06:00:00.000+02:00,2025-06-18T04:00:00Z,2025-06-18T04:00:00.000Z,8741,Península
351212.0,2025-06-18T07:00:00.000+02:00,2025-06-18T05:00:00Z,2025-06-18T05:00:00.000Z,8741,Península
371690.0,2025-06-18T08:00:00.000+02:00,2025-06-18T06:00:00Z,2025-06-18T06:00:00.000Z,8741,Península
384855.0,2025-06-18T09:00:00.000+02:00,2025-06-18T07:00:00Z,2025-06-18T07:00:00.000Z,8741,Península
392642.0,2025-06-18T10:00:00.000+02:00,2025-06-18T08:00:00Z,2025-06-18T08:00:00.000Z,8741,Península
395807.0,2025-06-18T11:00:00.000+02:00,2025-06-18T09:00:00Z,2025-06-18T09:00:00.000Z,8741,Península
401169.0,2025-06-18T12:00:00.000+02:00,2025-06-18T10:00:00Z,2025-06-18T10:00:00.000Z,8741,Península
411526.0,2025-06-18T13:00:00.000+02:00,2025-06-18T11:00:00Z,2025-06-18T11:00:00.000Z,8741,Península
413737.0,2025-06-18T14:00:00.000+02:00,2025-06-18T12:00:00Z,2025-06-18T12:00:00.000Z,8741,Península
411266.0,2025-06-18T15:00:00.000+02:00,2025-06-18T13:00:00Z,2025-06-18T13:00:00.000Z,8741,Península
412763.0,2025-06-18T16:00:00.000+02:00,2025-06-18T14:00:00Z,2025-06-18T14:00:00.000Z,8741,Península
417720.0,2025-06-18T17:00:00.000+02:00,2025-06-18T15:00:00Z,2025-06-18T15:00:00.000Z,8741,Península
417445.0,2025-06-18T18:00:00.000+02:00,2025-06-18T16:00:00Z,2025-06-18T16:00:00.000Z,8741,Península
417433.0,2025-06-18T19:00:00.000+02:00,2025-06-18T17:00:00Z,2025-06-18T17:00:00.000Z,8741,Península
419793.0,2025-06-18T20:00:00.000+02:00,2025-06-18T18:00:00Z,2025-06-18T18:00:00.000Z,8741,Península
417396.0,2025-06-18T21:00:00.000+02:00,2025-06-18T19:00:00Z,2025-06-18T19:00:00.000Z,8741,Península
401188.0,2025-06-18T22:00:00.000+02:00,2025-06-18T20:00:00Z,2025-06-18T20:00:00.000Z,8741,Península
369236.0,2025-06-18T23:00:00.000+02:00,2025-06-18T21:00:00Z,2025-06-18T21:00:00.000Z,8741,Península
346625.0,2025-06-19T00:00:00.000+02:00,2025-06-18T22:00:00Z,2025-06-18T22:00:00.000Z,8741,Península
327074.0,2025-06-19T01:00:00.000+02:00,2025-06-18T23:00:00Z,2025-06-18T23:00:00.000Z,8741,Península
313896.0,2025-06-19T02:00:00.000+02:00,2025-06-19T00:00:00Z,2025-06-19T00:00:00.000Z,8741,Península
308020.0,2025-06-19T03:00:00.000+02:00,2025-06-19T01:00:00Z,2025-06-19T01:00:00.000Z,8741,Península
303055.0,2025-06-19T04:00:00.000+02:00,2025-06-19T02:00:00Z,2025-06-19T02:00:00.000Z,8741,Península
303904.0,2025-06-19T05:00:00.000+02:00,2025-06-19T03:00:00Z,2025-06-19T03:00:00.000Z,8741,Península
324234.0,2025-06-19T06:00:00.000+02:00,2025-06-19T04:00:00Z,2025-06-19T04:00:00.000Z,8741,Península
350903.0,2025-06-19T07:00:00.000+02:00,2025-06-19T05:00:00Z,2025-06-19T05:00:00.000Z,8741,Península
368486.0,2025-06-19T08:00:00.000+02:00,2025-06-19T06:00:00Z,2025-06-19T06:00:00.000Z,8741,Península
380504.0,2025-06-19T09:00:00.000+02:00,2025-06-19T07:00:00Z,2025-06-19T07:00:00.000Z,8741,Península
387422.0,2025-06-19T10:00:00.000+02:00,2025-06-19T08:00:00Z,2025-06-19T08:00:00.000Z,8741,Península
394185.0,2025-06-19T11:00:00.000+02:00,2025-06-19T09:00:00Z,2025-06-19T09:00:00.000Z,8741,Península
401974.0,2025-06-19T12:00:00.000+02:00,2025-06-19T10:00:00Z,2025-06-19T10:00:00.000Z,8741,Península
410519.0,2025-06-19T13:00:00.000+02:00,2025-06-19T11:00:00Z,2025-06-19T11:00:00.000Z,8741,Península
415058.0,2025-06-19T14:00:00.000+02:00,2025-06-19T12:00:00Z,2025-06-19T12:00:00.000Z,8741,Península
415016.0,2025-06-19T15:00:00.000+02:00,2025-06-19T13:00:00Z,2025-06-19T13:00:00.000Z,8741,Península
420496.0,2025-06-19T16:00:00.000+02:00,2025-06-19T14:00:00Z,2025-06-19T14:00:00.000Z,8741,Península
422573.0,2025-06-19T17:00:00.000+02:00,2025-06-19T15:00:00Z,2025-06-19T15:00:00.000Z,8741,Península
416291.0,2025-06-19T18:00:00.000+02:00,2025-06-19T16:00:00Z,2025-06-19T16:00:00.000Z,8741,Península
411266.0,2025-06-19T19:00:00.000+02:00,2025-06-19T17:00:00Z,2025-06-19T17:00:00.000Z,8741,Península
411580.0,2025-06-19T20:00:00.000+02:00,2025-06-19T18:00:00Z,2025-06-19T18:00:00.000Z,8741,Península
410008.0,2025-06-19T21:00:00.000+02:00,2025-06-19T19:00:00Z,2025-06-19T19:00:00.000Z,8741,Península
395919.0,2025-06-19T22:00:00.000+02:00,2025-06-19T20:00:00Z,2025-06-19T20:00:00.000Z,8741,Península
366443.0,2025-06-19T23:00:00.000+02:00,2025-06-19T21:00:00Z,2025-06-19T21:00:00.000Z,8741,Península
346021.0,2025-06-20T00:00:00.000+02:00,2025-06-19T22:00:00Z,2025-06-19T22:00:00.000Z,8741,Península
325026.0,2025-06-20T01:00:00.000+02:00,2025-06-19T23:00:00Z,2025-06-19T23:00:00.000Z,8741,Península
313717.0,2025-06-20T02:00:00.000+02:00,2025-06-20T00:00:00Z,2025-06-20T00:00:00.000Z,8741,Península
304531.0,2025-06-20T03:00:00.000+02:00,2025-06-20T01:00:00Z,2025-06-20T01:00:00.000Z,8741,Península
300922.0,2025-06-20T04:00:00.000+02:00,2025-06-20T02:00:00Z,2025-06-20T02:00:00.000Z,8741,Península
304039.0,2025-06-20T05:00:00.000+02:00,2025-06-20T03:00:00Z,2025-06-20T03:00:00.000Z,8741,Península
325676.0,2025-06-20T06:00:00.000+02:00,2025-06-20T04:00:00Z,2025-06-20T04:00:00.000Z,8741,Península
351215.0,2025-06-20T07:00:00.000+02:00,2025-06-20T05:00:00Z,2025-06-20T05:00:00.000Z,8741,Península
369157.0,2025-06-20T08:00:00.000+02:00,2025-06-20T06:00:00Z,2025-06-20T06:00:00.000Z,8741,Península
379988.0,2025-06-20T09:00:00.000+02:00,2025-06-20T07:00:00Z,2025-06-20T07:00:00.000Z,8741,Península
386433.0,2025-06-20T10:00:00.000+02:00,2025-06-20T08:00:00Z,2025-06-20T08:00:00.000Z,8741,Península
392513.0,2025-06-20T11:00:00.000+02:00,2025-06-20T09:00:00Z,2025-06-20T09:00:00.000Z,8741,Península
403547.0,2025-06-20T12:00:00.000+02:00,2025-06-20T10:00:00Z,2025-06-20T10:00:00.000Z,8741,Península
415344.0,2025-06-20T13:00:00.000+02:00,2025-06-20T11:00:00Z,2025-06-20T11:00:00.000Z,8741,Península
414769.0,2025-06-20T14:00:00.000+02:00,2025-06-20T12:00:00Z,2025-06-20T12:00:00.000Z,8741,Península
412697.0,2025-06-20T15:00:00.000+02:00,2025-06-20T13:00:00Z,2025-06-20T13:00:00.000Z,8741,Península
413857.0,2025-06-20T16:00:00.000+02:00,2025-06-20T14:00:00Z,2025-06-20T14:00:00.000Z,8741,Península
415291.0,2025-06-20T17:00:00.000+02:00,2025-06-20T15:00:00Z,2025-06-20T15:00:00.000Z,8741,Península
418835.0,2025-06-20T18:00:00.000+02:00,2025-06-20T16:00:00Z,2025-06-20T16:00:00.000Z,8741,Península
421002.0,2025-06-20T19:00:00.000+02:00,2025-06-20T17:00:00Z,2025-06-20T17:00:00.000Z,8741,Península
414046.0,2025-06-20T20:00:00.000+02:00,2025-06-20T18:00:00Z,2025-06-20T18:00:00.000Z,8741,Península
405548.0,2025-06-20T21:00:00.000+02:00,2025-06-20T19:00:00Z,2025-06-20T19:00:00.000Z,8741,Península
389128.0,2025-06-20T22:00:00.000+02:00,2025-06-20T20:00:00Z,2025-06-20T20:00:00.000Z,8741,Península
361890.0,2025-06-20T23:00:00.000+02:00,2025-06-20T21:00:00Z,2025-06-20T21:00:00.000Z,8741,Península
345163.0,2025-06-21T00:00:00.000+02:00,2025-06-20T22:00:00Z,2025-06-20T22:00:00.000Z,8741,Península
326168.0,2025-06-21T01:00:00.000+02:00,2025-06-20T23:00:00Z,2025-06-20T23:00:00.000Z,8741,Península
309770.0,2025-06-21T02:00:00.000+02:00,2025-06-21T00:00:00Z,2025-06-21T00:00:00.000Z,8741,Península
299314.0,2025-06-21T03:00:00.000+02:00,2025-06-21T01:00:00Z,2025-06-21T01:00:00.000Z,8741,Península
291413.0,2025-06-21T04:00:00.000+02:00,2025-06-21T02:00:00Z,2025-06-21T02:00:00.000Z,8741,Península
287709.0,2025-06-21T05:00:00.000+02:00,2025-06-21T03:00:00Z,2025-06-21T03:00:00.000Z,8741,Península
290849.0,2025-06-21T06:00:00.000+02:00,2025-06-21T04:00:00Z,2025-06-21T04:00:00.000Z,8741,Península
293097.0,2025-06-21T07:00:00.000+02:00,2025-06-21T05:00:00Z,2025-06-21T05:00:00.000Z,8741,Península
302752.0,2025-06-21T08:00:00.000+02:00,2025-06-21T06:00:00Z,2025-06-21T06:00:00.000Z,8741,Península
317987.0,2025-06-21T09:00:00.000+02:00,2025-06-21T07:00:00Z,2025-06-21T07:00:00.000Z,8741,Península
333830.0,2025-06-21T10:00:00.000+02:00,2025-06-21T08:00:00Z,2025-06-21T08:00:00.000Z,8741,Península
343203.0,2025-06-21T11:00:00.000+02:00,2025-06-21T09:00:00Z,2025-06-21T09:00:00.000Z,8741,Península
347521.0,2025-06-21T12:00:00.000+02:00,2025-06-21T10:00:00Z,2025-06-21T10:00:00.000Z,8741,Península
356451.0,2025-06-21T13:00:00.000+02:00,2025-06-21T11:00:00Z,2025-06-21T11:00:00.000Z,8741,Península
357635.0,2025-06-21T14:00:00.000+02:00,2025-06-21T12:00:00Z,2025-06-21T12:00:00.000Z,8741,Península
350074.0,2025-06-21T15:00:00.000+02:00,2025-06-21T13:00:00Z,2025-06-21T13:00:00.000Z,8741,Península
350017.0,2025-06-21T16:00:00.000+02:00,2025-06-21T14:00:00Z,2025-06-21T14:00:00.000Z,8741,Península
357951.0,2025-06-21T17:00:00.000+02:00,2025-06-21T15:00:00Z,2025-06-21T15:00:00.000Z,8741,Península
363006.0,2025-06-21T18:00:00.000+02:00,2025-06-21T16:00:00Z,2025-06-21T16:00:00.000Z,8741,Península
363771.0,2025-06-21T19:00:00.000+02:00,2025-06-21T17:00:00Z,2025-06-21T17:00:00.000Z,8741,Península
365940.0,2025-06-21T20:00:00.000+02:00,2025-06-21T18:00:00Z,2025-06-21T18:00:00.000Z,8741,Península
367211.0,2025-06-21T21:00:00.000+02:00,2025-06-21T19:00:00Z,2025-06-21T19:00:00.000Z,8741,Península
362366.0,2025-06-21T22:00:00.000+02:00,2025-06-21T20:00:00Z,2025-06-21T20:00:00.000Z,8741,Península
338665.0,2025-06-21T23:00:00.000+02:00,2025-06-21T21:00:00Z,2025-06-21T21:00:00.000Z,8741,Península
320846.0,2025-06-22T00:00:00.000+02:00,2025-06-21T22:00:00Z,2025-06-21T22:00:00.000Z,8741,Península
300693.0,2025-06-22T01:00:00.000+02:00,2025-06-21T23:00:00Z,2025-06-21T23:00:00.000Z,8741,Península
284955.0,2025-06-22T02:00:00.000+02:00,2025-06-22T00:00:00Z,2025-06-22T00:00:00.000Z,8741,Península
277057.0,2025-06-22T03:00:00.000+02:00,2025-06-22T01:00:00Z,2025-06-22T01:00:00.000Z,8741,Península
269466.0,2025-06-22T04:00:00.000+02:00,2025-06-22T02:00:00Z,2025-06-22T02:00:00.000Z,8741,Península
265492.0,2025-06-22T05:00:00.000+02:00,2025-06-22T03:00:00Z,2025-06-22T03:00:00.000Z,8741,Península
261593.0,2025-06-22T06:00:00.000+02:00,2025-06-22T04:00:00Z,2025-06-22T04:00:00.000Z,8741,Península
257327.0,2025-06-22T07:00:00.000+02:00,2025-06-22T05:00:00Z,2025-06-22T05:00:00.000Z,8741,Península
268354.0,2025-06-22T08:00:00.000+02:00,2025-06-22T06:00:00Z,2025-06-22T06:00:00.000Z,8741,Península
282847.0,2025-06-22T09:00:00.000+02:00,2025-06-22T07:00:00Z,2025-06-22T07:00:00.000Z,8741,Península
296327.0,2025-06-22T10:00:00.000+02:00,2025-06-22T08:00:00Z,2025-06-22T08:00:00.000Z,8741,Península
303495.0,2025-06-22T11:00:00.000+02:00,2025-06-22T09:00:00Z,2025-06-22T09:00:00.000Z,8741,Península
311967.0,2025-06-22T12:00:00.000+02:00,2025-06-22T10:00:00Z,2025-06-22T10:00:00.000Z,8741,Península
324446.0,2025-06-22T13:00:00.000+02:00,2025-06-22T11:00:00Z,2025-06-22T11:00:00.000Z,8741,Península
328360.0,2025-06-22T14:00:00.000+02:00,2025-06-22T12:00:00Z,2025-06-22T12:00:00.000Z,8741,Península
323896.0,2025-06-22T15:00:00.000+02:00,2025-06-22T13:00:00Z,2025-06-22T13:00:00.000Z,8741,Península
326896.0,2025-06-22T16:00:00.000+02:00,2025-06-22T14:00:00Z,2025-06-22T14:00:00.000Z,8741,Península
331045.0,2025-06-22T17:00:00.000+02:00,2025-06-22T15:00:00Z,2025-06-22T15:00:00.000Z,8741,Península
337188.0,2025-06-22T18:00:00.000+02:00,2025-06-22T16:00:00Z,2025-06-22T16:00:00.000Z,8741,Península
346157.0,2025-06-22T19:00:00.000+02:00,2025-06-22T17:00:00Z,2025-06-22T17:00:00.000Z,8741,Península
354389.0,2025-06-22T20:00:00.000+02:00,2025-06-22T18:00:00Z,2025-06-22T18:00:00.000Z,8741,Península
363664.0,2025-06-22T21:00:00.000+02:00,2025-06-22T19:00:00Z,2025-06-22T19:00:00.000Z,8741,Península
366724.0,2025-06-22T22:00:00.000+02:00,2025-06-22T20:00:00Z,2025-06-22T20:00:00.000Z,8741,Península
343993.0,2025-06-22T23:00:00.000+02:00,2025-06-22T21:00:00Z,2025-06-22T21:00:00.000Z,8741,Península
320617.0,2025-06-23T00:00:00.000+02:00,2025-06-22T22:00:00Z,2025-06-22T22:00:00.000Z,8741,Península
299959.0,2025-06-23T01:00:00.000+02:00,2025-06-22T23:00:00Z,2025-06-22T23:00:00.000Z,8741,Península
284732.0,2025-06-23T02:00:00.000+02:00,2025-06-23T00:00:00Z,2025-06-23T00:00:00.000Z,8741,Península
277517.0,2025-06-23T03:00:00.000+02:00,2025-06-23T01:00:00Z,2025-06-23T01:00:00.000Z,8741,Península
274586.0,2025-06-23T04:00:00.000+02:00,2025-06-23T02:00:00Z,2025-06-23T02:00:00.000Z,8741,Península
279841.0,2025-06-23T05:00:00.000+02:00,2025-06-23T03:00:00Z,2025-06-23T03:00:00.000Z,8741,Península
299843.0,2025-06-23T06:00:00.000+02:00,2025-06-23T04:00:00Z,2025-06-23T04:00:00.000Z,8741,Península
326515.0,2025-06-23T07:00:00.000+02:00,2025-06-23T05:00:00Z,2025-06-23T05:00:00.000Z,8741,Península
347200.0,2025-06-23T08:00:00.000+02:00,2025-06-23T06:00:00Z,2025-06-23T06:00:00.000Z,8741,Península
364011.0,2025-06-23T09:00:00.000+02:00,2025-06-23T07:00:00Z,2025-06-23T07:00:00.000Z,8741,Península
371321.0,2025-06-23T10:00:00.000+02:00,2025-06-23T08:00:00Z,2025-06-23T08:00:00.000Z,8741,Península
379013.0,2025-06-23T11:00:00.000+02:00,2025-06-23T09:00:00Z,2025-06-23T09:00:00.000Z,8741,Península
389403.0,2025-06-23T12:00:00.000+02:00,2025-06-23T10:00:00Z,2025-06-23T10:00:00.000Z,8741,Península
398410.0,2025-06-23T13:00:00.000+02:00,2025-06-23T11:00:00Z,2025-06-23T11:00:00.000Z,8741,Península
403887.0,2025-06-23T14:00:00.000+02:00,2025-06-23T12:00:00Z,2025-06-23T12:00:00.000Z,8741,Península
402283.0,2025-06-23T15:00:00.000+02:00,2025-06-23T13:00:00Z,2025-06-23T13:00:00.000Z,8741,Península
405308.0,2025-06-23T16:00:00.000+02:00,2025-06-23T14:00:00Z,2025-06-23T14:00:00.000Z,8741,Península
406510.0,2025-06-23T17:00:00.000+02:00,2025-06-23T15:00:00Z,2025-06-23T15:00:00.000Z,8741,Península
408818.0,2025-06-23T18:00:00.000+02:00,2025-06-23T16:00:00Z,2025-06-23T16:00:00.000Z,8741,Península
410158.0,2025-06-23T19:00:00.000+02:00,2025-06-23T17:00:00Z,2025-06-23T17:00:00.000Z,8741,Península
409240.0,2025-06-23T20:00:00.000+02:00,2025-06-23T18:00:00Z,2025-06-23T18:00:00.000Z,8741,Península
404730.0,2025-06-23T21:00:00.000+02:00,2025-06-23T19:00:00Z,2025-06-23T19:00:00.000Z,8741,Península
388620.0,2025-06-23T22:00:00.000+02:00,2025-06-23T20:00:00Z,2025-06-23T20:00:00.000Z,8741,Península
356690.0,2025-06-23T23:00:00.000+02:00,2025-06-23T21:00:00Z,2025-06-23T21:00:00.000Z,8741,Península
337108.0,2025-06-24T00:00:00.000+02:00,2025-06-23T22:00:00Z,2025-06-23T22:00:00.000Z,8741,Península
320519.0,2025-06-24T01:00:00.000+02:00,2025-06-23T23:00:00Z,2025-06-23T23:00:00.000Z,8741,Península
304686.0,2025-06-24T02:00:00.000+02:00,2025-06-24T00:00:00Z,2025-06-24T00:00:00.000Z,8741,Península
296098.0,2025-06-24T03:00:00.000+02:00,2025-06-24T01:00:00Z,2025-06-24T01:00:00.000Z,8741,Península
289119.0,2025-06-24T04:00:00.000+02:00,2025-06-24T02:00:00Z,2025-06-24T02:00:00.000Z,8741,Península
292883.0,2025-06-24T05:00:00.000+02:00,2025-06-24T03:00:00Z,2025-06-24T03:00:00.000Z,8741,Península
307812.0,2025-06-24T06:00:00.000+02:00,2025-06-24T04:00:00Z,2025-06-24T04:00:00.000Z,8741,Península
325261.0,2025-06-24T07:00:00.000+02:00,2025-06-24T05:00:00Z,2025-06-24T05:00:00.000Z,8741,Península
339226.0,2025-06-24T08:00:00.000+02:00,2025-06-24T06:00:00Z,2025-06-24T06:00:00.000Z,8741,Península
348087.0,2025-06-24T09:00:00.000+02:00,2025-06-24T07:00:00Z,2025-06-24T07:00:00.000Z,8741,Península
356784.0,2025-06-24T10:00:00.000+02:00,2025-06-24T08:00:00Z,2025-06-24T08:00:00.000Z,8741,Península
365937.0,2025-06-24T11:00:00.000+02:00,2025-06-24T09:00:00Z,2025-06-24T09:00:00.000Z,8741,Península
372395.0,2025-06-24T12:00:00.000+02:00,2025-06-24T10:00:00Z,2025-06-24T10:00:00.000Z,8741,Península
379865.0,2025-06-24T13:00:00.000+02:00,2025-06-24T11:00:00Z,2025-06-24T11:00:00.000Z,8741,Península
384808.0,2025-06-24T14:00:00.000+02:00,2025-06-24T12:00:00Z,2025-06-24T12:00:00.000Z,8741,Península
382038.0,2025-06-24T15:00:00.000+02:00,2025-06-24T13:00:00Z,2025-06-24T13:00:00.000Z,8741,Península
384461.0,2025-06-24T16:00:00.000+02:00,2025-06-24T14:00:00Z,2025-06-24T14:00:00.000Z,8741,Península
385775.0,2025-06-24T17:00:00.000+02:00,2025-06-24T15:00:00Z,2025-06-24T15:00:00.000Z,8741,Península
383455.0,2025-06-24T18:00:00.000+02:00,2025-06-24T16:00:00Z,2025-06-24T16:00:00.000Z,8741,Península
386124.0,2025-06-24T19:00:00.000+02:00,2025-06-24T17:00:00Z,2025-06-24T17:00:00.000Z,8741,Península
386560.0,2025-06-24T20:00:00.000+02:00,2025-06-24T18:00:00Z,2025-06-24T18:00:00.000Z,8741,Península
388471.0,2025-06-24T21:00:00.000+02:00,2025-06-24T19:00:00Z,2025-06-24T19:00:00.000Z,8741,Península
378483.0,2025-06-24T22:00:00.000+02:00,2025-06-24T20:00:00Z,2025-06-24T20:00:00.000Z,8741,Península
350295.0,2025-06-24T23:00:00.000+02:00,2025-06-24T21:00:00Z,2025-06-24T21:00:00.000Z,8741,Península
330184.0,2025-06-25T00:00:00.000+02:00,2025-06-24T22:00:00Z,2025-06-24T22:00:00.000Z,8741,Península
313961.0,2025-06-25T01:00:00.000+02:00,2025-06-24T23:00:00Z,2025-06-24T23:00:00.000Z,8741,Península
299263.0,2025-06-25T02:00:00.000+02:00,2025-06-25T00:00:00Z,2025-06-25T00:00:00.000Z,8741,Península
291755.0,2025-06-25T03:00:00.000+02:00,2025-06-25T01:00:00Z,2025-06-25T01:00:00.000Z,8741,Península
287787.0,2025-06-25T04:00:00.000+02:00,2025-06-25T02:00:00Z,2025-06-25T02:00:00.000Z,8741,Península
291058.0,2025-06-25T05:00:00.000+02:00,2025-06-25T03:00:00Z,2025-06-25T03:00:00.000Z,8741,Península
316248.0,2025-06-25T06:00:00.000+02:00,2025-06-25T04:00:00Z,2025-06-25T04:00:00.000Z,8741,Península
343351.0,2025-06-25T07:00:00.000+02:00,2025-06-25T05:00:00Z,2025-06-25T05:00:00.000Z,8741,Península
364424.0,2025-06-25T08:00:00.000+02:00,2025-06-25T06:00:00Z,2025-06-25T06:00:00.000Z,8741,Península
377498.0,2025-06-25T09:00:00.000+02:00,2025-06-25T07:00:00Z,2025-06-25T07:00:00.000Z,8741,Península
380071.0,2025-06-25T10:00:00.000+02:00,2025-06-25T08:00:00Z,2025-06-25T08:00:00.000Z,8741,Península
382566.0,2025-06-25T11:00:00.000+02:00,2025-06-25T09:00:00Z,2025-06-25T09:00:00.000Z,8741,Península
387846.0,2025-06-25T12:00:00.000+02:00,2025-06-25T10:00:00Z,2025-06-25T10:00:00.000Z,8741,Península
394513.0,2025-06-25T13:00:00.000+02:00,2025-06-25T11:00:00Z,2025-06-25T11:00:00.000Z,8741,Península
394732.0,2025-06-25T14:00:00.000+02:00,2025-06-25T12:00:00Z,2025-06-25T12:00:00.000Z,8741,Península
388670.0,2025-06-25T15:00:00.000+02:00,2025-06-25T13:00:00Z,2025-06-25T13:00:00.000Z,8741,Península
385675.0,2025-06-25T16:00:00.000+02:00,2025-06-25T14:00:00Z,2025-06-25T14:00:00.000Z,8741,Península
390006.0,2025-06-25T17:00:00.000+02:00,2025-06-25T15:00:00Z,2025-06-25T15:00:00.000Z,8741,Península
394416.0,2025-06-25T18:00:00.000+02:00,2025-06-25T16:00:00Z,2025-06-25T16:00:00.000Z,8741,Península
401632.0,2025-06-25T19:00:00.000+02:00,2025-06-25T17:00:00Z,2025-06-25T17:00:00.000Z,8741,Península
406763.0,2025-06-25T20:00:00.000+02:00,2025-06-25T18:00:00Z,2025-06-25T18:00:00.000Z,8741,Península
405050.0,2025-06-25T21:00:00.000+02:00,2025-06-25T19:00:00Z,2025-06-25T19:00:00.000Z,8741,Península
392330.0,2025-06-25T22:00:00.000+02:00,2025-06-25T20:00:00Z,2025-06-25T20:00:00.000Z,8741,Península
361793.0,2025-06-25T23:00:00.000+02:00,2025-06-25T21:00:00Z,2025-06-25T21:00:00.000Z,8741,Península
336855.0,2025-06-26T00:00:00.000+02:00,2025-06-25T22:00:00Z,2025-06-25T22:00:00.000Z,8741,Península
317764.0,2025-06-26T01:00:00.000+02:00,2025-06-25T23:00:00Z,2025-06-25T23:00:00.000Z,8741,Península
303106.0,2025-06-26T02:00:00.000+02:00,2025-06-26T00:00:00Z,2025-06-26T00:00:00.000Z,8741,Península
296796.0,2025-06-26T03:00:00.000+02:00,2025-06-26T01:00:00Z,2025-06-26T01:00:00.000Z,8741,Península
292862.0,2025-06-26T04:00:00.000+02:00,2025-06-26T02:00:00Z,2025-06-26T02:00:00.000Z,8741,Península
295993.0,2025-06-26T05:00:00.000+02:00,2025-06-26T03:00:00Z,2025-06-26T03:00:00.000Z,8741,Península
318942.0,2025-06-26T06:00:00.000+02:00,2025-06-26T04:00:00Z,2025-06-26T04:00:00.000Z,8741,Península
346850.0,2025-06-26T07:00:00.000+02:00,2025-06-26T05:00:00Z,2025-06-26T05:00:00.000Z,8741,Península
365039.0,2025-06-26T08:00:00.000+02:00,2025-06-26T06:00:00Z,2025-06-26T06:00:00.000Z,8741,Península
377510.0,2025-06-26T09:00:00.000+02:00,2025-06-26T07:00:00Z,2025-06-26T07:00:00.000Z,8741,Península
379077.0,2025-06-26T10:00:00.000+02:00,2025-06-26T08:00:00Z,2025-06-26T08:00:00.000Z,8741,Península
383696.0,2025-06-26T11:00:00.000+02:00,2025-06-26T09:00:00Z,2025-06-26T09:00:00.000Z,8741,Península
391284.0,2025-06-26T12:00:00.000+02:00,2025-06-26T10:00:00Z,2025-06-26T10:00:00.000Z,8741,Península
397051.0,2025-06-26T13:00:00.000+02:00,2025-06-26T11:00:00Z,2025-06-26T11:00:00.000Z,8741,Península
400060.0,2025-06-26T14:00:00.000+02:00,2025-06-26T12:00:00Z,2025-06-26T12:00:00.000Z,8741,Península
399558.0,2025-06-26T15:00:00.000+02:00,2025-06-26T13:00:00Z,2025-06-26T13:00:00.000Z,8741,Península
400153.0,2025-06-26T16:00:00.000+02:00,2025-06-26T14:00:00Z,2025-06-26T14:00:00.000Z,8741,Península
406472.0,2025-06-26T17:00:00.000+02:00,2025-06-26T15:00:00Z,2025-06-26T15:00:00.000Z,8741,Península
410358.0,2025-06-26T18:00:00.000+02:00,2025-06-26T16:00:00Z,2025-06-26T16:00:00.000Z,8741,Península
416465.0,2025-06-26T19:00:00.000+02:00,2025-06-26T17:00:00Z,2025-06-26T17:00:00.000Z,8741,Península
417889.0,2025-06-26T20:00:00.000+02:00,2025-06-26T18:00:00Z,2025-06-26T18:00:00.000Z,8741,Península
415155.0,2025-06-26T21:00:00.000+02:00,2025-06-26T19:00:00Z,2025-06-26T19:00:00.000Z,8741,Península
401258.0,2025-06-26T22:00:00.000+02:00,2025-06-26T20:00:00Z,2025-06-26T20:00:00.000Z,8741,Península
370941.0,2025-06-26T23:00:00.000+02:00,2025-06-26T21:00:00Z,2025-06-26T21:00:00.000Z,8741,Península
347366.0,2025-06-27T00:00:00.000+02:00,2025-06-26T22:00:00Z,2025-06-26T22:00:00.000Z,8741,Península
328309.0,2025-06-27T01:00:00.000+02:00,2025-06-26T23:00:00Z,2025-06-26T23:00:00.000Z,8741,Península
312592.0,2025-06-27T02:00:00.000+02:00,2025-06-27T00:00:00Z,2025-06-27T00:00:00.000Z,8741,Península
302875.0,2025-06-27T03:00:00.000+02:00,2025-06-27T01:00:00Z,2025-06-27T01:00:00.000Z,8741,Península
298901.0,2025-06-27T04:00:00.000+02:00,2025-06-27T02:00:00Z,2025-06-27T02:00:00.000Z,8741,Península
302260.0,2025-06-27T05:00:00.000+02:00,2025-06-27T03:00:00Z,2025-06-27T03:00:00.000Z,8741,Península
326152.0,2025-06-27T06:00:00.000+02:00,2025-06-27T04:00:00Z,2025-06-27T04:00:00.000Z,8741,Península
353818.0,2025-06-27T07:00:00.000+02:00,2025-06-27T05:00:00Z,2025-06-27T05:00:00.000Z,8741,Península
375931.0,2025-06-27T08:00:00.000+02:00,2025-06-27T06:00:00Z,2025-06-27T06:00:00.000Z,8741,Península
389471.0,2025-06-27T09:00:00.000+02:00,2025-06-27T07:00:00Z,2025-06-27T07:00:00.000Z,8741,Península
393787.0,2025-06-27T10:00:00.000+02:00,2025-06-27T08:00:00Z,2025-06-27T08:00:00.000Z,8741,Península
398511.0,2025-06-27T11:00:00.000+02:00,2025-06-27T09:00:00Z,2025-06-27T09:00:00.000Z,8741,Península
408796.0,2025-06-27T12:00:00.000+02:00,2025-06-27T10:00:00Z,2025-06-27T10:00:00.000Z,8741,Península
420049.0,2025-06-27T13:00:00.000+02:00,2025-06-27T11:00:00Z,2025-06-27T11:00:00.000Z,8741,Península
418224.0,2025-06-27T14:00:00.000+02:00,2025-06-27T12:00:00Z,2025-06-27T12:00:00.000Z,8741,Península
411425.0,2025-06-27T15:00:00.000+02:00,2025-06-27T13:00:00Z,2025-06-27T13:00:00.000Z,8741,Península
413005.0,2025-06-27T16:00:00.000+02:00,2025-06-27T14:00:00Z,2025-06-27T14:00:00.000Z,8741,Península
416598.0,2025-06-27T17:00:00.000+02:00,2025-06-27T15:00:00Z,2025-06-27T15:00:00.000Z,8741,Península
421513.0,2025-06-27T18:00:00.000+02:00,2025-06-27T16:00:00Z,2025-06-27T16:00:00.000Z,8741,Península
427675.0,2025-06-27T19:00:00.000+02:00,2025-06-27T17:00:00Z,2025-06-27T17:00:00.000Z,8741,Península
425811.0,2025-06-27T20:00:00.000+02:00,2025-06-27T18:00:00Z,2025-06-27T18:00:00.000Z,8741,Península
418130.0,2025-06-27T21:00:00.000+02:00,2025-06-27T19:00:00Z,2025-06-27T19:00:00.000Z,8741,Península
403354.0,2025-06-27T22:00:00.000+02:00,2025-06-27T20:00:00Z,2025-06-27T20:00:00.000Z,8741,Península
375630.0,2025-06-27T23:00:00.000+02:00,2025-06-27T21:00:00Z,2025-06-27T21:00:00.000Z,8741,Península
355641.0,2025-06-28T00:00:00.000+02:00,2025-06-27T22:00:00Z,2025-06-27T22:00:00.000Z,8741,Península
333788.0,2025-06-28T01:00:00.000+02:00,2025-06-27T23:00:00Z,2025-06-27T23:00:00.000Z,8741,Península
314953.0,2025-06-28T02:00:00.000+02:00,2025-06-28T00:00:00Z,2025-06-28T00:00:00.000Z,8741,Península
302503.0,2025-06-28T03:00:00.000+02:00,2025-06-28T01:00:00Z,2025-06-28T01:00:00.000Z,8741,Península
295306.0,2025-06-28T04:00:00.000+02:00,2025-06-28T02:00:00Z,2025-06-28T02:00:00.000Z,8741,Península
290239.0,2025-06-28T05:00:00.000+02:00,2025-06-28T03:00:00Z,2025-06-28T03:00:00.000Z,8741,Península
294500.0,2025-06-28T06:00:00.000+02:00,2025-06-28T04:00:00Z,2025-06-28T04:00:00.000Z,8741,Península
298635.0,2025-06-28T07:00:00.000+02:00,2025-06-28T05:00:00Z,2025-06-28T05:00:00.000Z,8741,Península
309435.0,2025-06-28T08:00:00.000+02:00,2025-06-28T06:00:00Z,2025-06-28T06:00:00.000Z,8741,Península
326855.0,2025-06-28T09:00:00.000+02:00,2025-06-28T07:00:00Z,2025-06-28T07:00:00.000Z,8741,Península
342662.0,2025-06-28T10:00:00.000+02:00,2025-06-28T08:00:00Z,2025-06-28T08:00:00.000Z,8741,Península
350046.0,2025-06-28T11:00:00.000+02:00,2025-06-28T09:00:00Z,2025-06-28T09:00:00.000Z,8741,Península
357977.0,2025-06-28T12:00:00.000+02:00,2025-06-28T10:00:00Z,2025-06-28T10:00:00.000Z,8741,Península
367189.0,2025-06-28T13:00:00.000+02:00,2025-06-28T11:00:00Z,2025-06-28T11:00:00.000Z,8741,Península
371116.0,2025-06-28T14:00:00.000+02:00,2025-06-28T12:00:00Z,2025-06-28T12:00:00.000Z,8741,Península
365168.0,2025-06-28T15:00:00.000+02:00,2025-06-28T13:00:00Z,2025-06-28T13:00:00.000Z,8741,Península
362776.0,2025-06-28T16:00:00.000+02:00,2025-06-28T14:00:00Z,2025-06-28T14:00:00.000Z,8741,Península
367008.0,2025-06-28T17:00:00.000+02:00,2025-06-28T15:00:00Z,2025-06-28T15:00:00.000Z,8741,Península
375124.0,2025-06-28T18:00:00.000+02:00,2025-06-28T16:00:00Z,2025-06-28T16:00:00.000Z,8741,Península
384491.0,2025-06-28T19:00:00.000+02:00,2025-06-28T17:00:00Z,2025-06-28T17:00:00.000Z,8741,Península
389159.0,2025-06-28T20:00:00.000+02:00,2025-06-28T18:00:00Z,2025-06-28T18:00:00.000Z,8741,Península
387715.0,2025-06-28T21:00:00.000+02:00,2025-06-28T19:00:00Z,2025-06-28T19:00:00.000Z,8741,Península
381266.0,2025-06-28T22:00:00.000+02:00,2025-06-28T20:00:00Z,2025-06-28T20:00:00.000Z,8741,Península
359328.0,2025-06-28T23:00:00.000+02:00,2025-06-28T21:00:00Z,2025-06-28T21:00:00.000Z,8741,Península
336807.0,2025-06-29T00:00:00.000+02:00,2025-06-28T22:00:00Z,2025-06-28T22:00:00.000Z,8741,Península
314836.0,2025-06-29T01:00:00.000+02:00,2025-06-28T23:00:00Z,2025-06-28T23:00:00.000Z,8741,Península
299066.0,2025-06-29T02:00:00.000+02:00,2025-06-29T00:00:00Z,2025-06-29T00:00:00.000Z,8741,Península
287389.0,2025-06-29T03:00:00.000+02:00,2025-06-29T01:00:00Z,2025-06-29T01:00:00.000Z,8741,Península
279962.0,2025-06-29T04:00:00.000+02:00,2025-06-29T02:00:00Z,2025-06-29T02:00:00.000Z,8741,Península
276188.0,2025-06-29T05:00:00.000+02:00,2025-06-29T03:00:00Z,2025-06-29T03:00:00.000Z,8741,Península
276036.0,2025-06-29T06:00:00.000+02:00,2025-06-29T04:00:00Z,2025-06-29T04:00:00.000Z,8741,Península
273125.0,2025-06-29T07:00:00.000+02:00,2025-06-29T05:00:00Z,2025-06-29T05:00:00.000Z,8741,Península
280579.0,2025-06-29T08:00:00.000+02:00,2025-06-29T06:00:00Z,2025-06-29T06:00:00.000Z,8741,Península
294110.0,2025-06-29T09:00:00.000+02:00,2025-06-29T07:00:00Z,2025-06-29T07:00:00.000Z,8741,Península
308806.0,2025-06-29T10:00:00.000+02:00,2025-06-29T08:00:00Z,2025-06-29T08:00:00.000Z,8741,Península
319093.0,2025-06-29T11:00:00.000+02:00,2025-06-29T09:00:00Z,2025-06-29T09:00:00.000Z,8741,Península
331488.0,2025-06-29T12:00:00.000+02:00,2025-06-29T10:00:00Z,2025-06-29T10:00:00.000Z,8741,Península
346355.0,2025-06-29T13:00:00.000+02:00,2025-06-29T11:00:00Z,2025-06-29T11:00:00.000Z,8741,Península
355085.0,2025-06-29T14:00:00.000+02:00,2025-06-29T12:00:00Z,2025-06-29T12:00:00.000Z,8741,Península
353245.0,2025-06-29T15:00:00.000+02:00,2025-06-29T13:00:00Z,2025-06-29T13:00:00.000Z,8741,Península
352599.0,2025-06-29T16:00:00.000+02:00,2025-06-29T14:00:00Z,2025-06-29T14:00:00.000Z,8741,Península
357696.0,2025-06-29T17:00:00.000+02:00,2025-06-29T15:00:00Z,2025-06-29T15:00:00.000Z,8741,Península
365668.0,2025-06-29T18:00:00.000+02:00,2025-06-29T16:00:00Z,2025-06-29T16:00:00.000Z,8741,Península
378084.0,2025-06-29T19:00:00.000+02:00,2025-06-29T17:00:00Z,2025-06-29T17:00:00.000Z,8741,Península
387547.0,2025-06-29T20:00:00.000+02:00,2025-06-29T18:00:00Z,2025-06-29T18:00:00.000Z,8741,Península
393120.0,2025-06-29T21:00:00.000+02:00,2025-06-29T19:00:00Z,2025-06-29T19:00:00.000Z,8741,Península
398939.0,2025-06-29T22:00:00.000+02:00,2025-06-29T20:00:00Z,2025-06-29T20:00:00.000Z,8741,Península
377079.0,2025-06-29T23:00:00.000+02:00,2025-06-29T21:00:00Z,2025-06-29T21:00:00.000Z,8741,Península
350851.0,2025-06-30T00:00:00.000+02:00,2025-06-29T22:00:00Z,2025-06-29T22:00:00.000Z,8741,Península
326049.0,2025-06-30T01:00:00.000+02:00,2025-06-29T23:00:00Z,2025-06-29T23:00:00.000Z,8741,Península
310078.0,2025-06-30T02:00:00.000+02:00,2025-06-30T00:00:00Z,2025-06-30T00:00:00.000Z,8741,Península
301232.0,2025-06-30T03:00:00.000+02:00,2025-06-30T01:00:00Z,2025-06-30T01:00:00.000Z,8741,Península
296966.0,2025-06-30T04:00:00.000+02:00,2025-06-30T02:00:00Z,2025-06-30T02:00:00.000Z,8741,Península
301077.0,2025-06-30T05:00:00.000+02:00,2025-06-30T03:00:00Z,2025-06-30T03:00:00.000Z,8741,Península
329340.0,2025-06-30T06:00:00.000+02:00,2025-06-30T04:00:00Z,2025-06-30T04:00:00.000Z,8741,Península
357743.0,2025-06-30T07:00:00.000+02:00,2025-06-30T05:00:00Z,2025-06-30T05:00:00.000Z,8741,Península
382154.0,2025-06-30T08:00:00.000+02:00,2025-06-30T06:00:00Z,2025-06-30T06:00:00.000Z,8741,Península
397575.0,2025-06-30T09:00:00.000+02:00,2025-06-30T07:00:00Z,2025-06-30T07:00:00.000Z,8741,Península
411029.0,2025-06-30T10:00:00.000+02:00,2025-06-30T08:00:00Z,2025-06-30T08:00:00.000Z,8741,Península
421116.0,2025-06-30T11:00:00.000+02:00,2025-06-30T09:00:00Z,2025-06-30T09:00:00.000Z,8741,Península
430957.0,2025-06-30T12:00:00.000+02:00,2025-06-30T10:00:00Z,2025-06-30T10:00:00.000Z,8741,Península
442242.0,2025-06-30T13:00:00.000+02:00,2025-06-30T11:00:00Z,2025-06-30T11:00:00.000Z,8741,Península
448171.0,2025-06-30T14:00:00.000+02:00,2025-06-30T12:00:00Z,2025-06-30T12:00:00.000Z,8741,Península
447109.0,2025-06-30T15:00:00.000+02:00,2025-06-30T13:00:00Z,2025-06-30T13:00:00.000Z,8741,Península
448877.0,2025-06-30T16:00:00.000+02:00,2025-06-30T14:00:00Z,2025-06-30T14:00:00.000Z,8741,Península
449584.0,2025-06-30T17:00:00.000+02:00,2025-06-30T15:00:00Z,2025-06-30T15:00:00.000Z,8741,Península
444231.0,2025-06-30T18:00:00.000+02:00,2025-06-30T16:00:00Z,2025-06-30T16:00:00.000Z,8741,Península
441749.0,2025-06-30T19:00:00.000+02:00,2025-06-30T17:00:00Z,2025-06-30T17:00:00.000Z,8741,Península
443425.0,2025-06-30T20:00:00.000+02:00,2025-06-30T18:00:00Z,2025-06-30T18:00:00.000Z,8741,Península
440584.0,2025-06-30T21:00:00.000+02:00,2025-06-30T19:00:00Z,2025-06-30T19:00:00.000Z,8741,Península
428195.0,2025-06-30T22:00:00.000+02:00,2025-06-30T20:00:00Z,2025-06-30T20:00:00.000Z,8741,Península
399393.0,2025-06-30T23:00:00.000+02:00,2025-06-30T21:00:00Z,2025-06-30T21:00:00.000Z,8741,Península
373719.0,2025-07-01T00:00:00.000+02:00,2025-06-30T22:00:00Z,2025-06-30T22:00:00.000Z,8741,Península
351876.0,2025-07-01T01:00:00.000+02:00,2025-06-30T23:00:00Z,2025-06-30T23:00:00.000Z,8741,Península
335236.0,2025-07-01T02:00:00.000+02:00,2025-07-01T00:00:00Z,2025-07-01T00:00:00.000Z,8741,Península
326565.0,2025-07-01T03:00:00.000+02:00,2025-07-01T01:00:00Z,2025-07-01T01:00:00.000Z,8741,Península
320158.0,2025-07-01T04:00:00.000+02:00,2025-07-01T02:00:00Z,2025-07-01T02:00:00.000Z,8741,Península
321767.0,2025-07-01T05:00:00.000+02:00,2025-07-01T03:00:00Z,2025-07-01T03:00:00.000Z,8741,Península
344724.0,2025-07-01T06:00:00.000+02:00,2025-07-01T04:00:00Z,2025-07-01T04:00:00.000Z,8741,Península
371276.0,2025-07-01T07:00:00.000+02:00,2025-07-01T05:00:00Z,2025-07-01T05:00:00.000Z,8741,Península
389715.0,2025-07-01T08:00:00.000+02:00,2025-07-01T06:00:00Z,2025-07-01T06:00:00.000Z,8741,Península
403076.0,2025-07-01T09:00:00.000+02:00,2025-07-01T07:00:00Z,2025-07-01T07:00:00.000Z,8741,Península
413317.0,2025-07-01T10:00:00.000+02:00,2025-07-01T08:00:00Z,2025-07-01T08:00:00.000Z,8741,Península
423323.0,2025-07-01T11:00:00.000+02:00,2025-07-01T09:00:00Z,2025-07-01T09:00:00.000Z,8741,Península
433855.0,2025-07-01T12:00:00.000+02:00,2025-07-01T10:00:00Z,2025-07-01T10:00:00.000Z,8741,Península
443091.0,2025-07-01T13:00:00.000+02:00,2025-07-01T11:00:00Z,2025-07-01T11:00:00.000Z,8741,Península
447316.0,2025-07-01T14:00:00.000+02:00,2025-07-01T12:00:00Z,2025-07-01T12:00:00.000Z,8741,Península
445927.0,2025-07-01T15:00:00.000+02:00,2025-07-01T13:00:00Z,2025-07-01T13:00:00.000Z,8741,Península
446975.0,2025-07-01T16:00:00.000+02:00,2025-07-01T14:00:00Z,2025-07-01T14:00:00.000Z,8741,Península
449999.0,2025-07-01T17:00:00.000+02:00,2025-07-01T15:00:00Z,2025-07-01T15:00:00.000Z,8741,Península
450200.0,2025-07-01T18:00:00.000+02:00,2025-07-01T16:00:00Z,2025-07-01T16:00:00.000Z,8741,Península
448332.0,2025-07-01T19:00:00.000+02:00,2025-07-01T17:00:00Z,2025-07-01T17:00:00.000Z,8741,Península
449344.0,2025-07-01T20:00:00.000+02:00,2025-07-01T18:00:00Z,2025-07-01T18:00:00.000Z,8741,Península
445149.0,2025-07-01T21:00:00.000+02:00,2025-07-01T19:00:00Z,2025-07-01T19:00:00.000Z,8741,Península
432205.0,2025-07-01T22:00:00.000+02:00,2025-07-01T20:00:00Z,2025-07-01T20:00:00.000Z,8741,Península
402528.0,2025-07-01T23:00:00.000+02:00,2025-07-01T21:00:00Z,2025-07-01T21:00:00.000Z,8741,Península
378329.0,2025-07-02T00:00:00.000+02:00,2025-07-01T22:00:00Z,2025-07-01T22:00:00.000Z,8741,Península
356136.0,2025-07-02T01:00:00.000+02:00,2025-07-01T23:00:00Z,2025-07-01T23:00:00.000Z,8741,Península
338314.0,2025-07-02T02:00:00.000+02:00,2025-07-02T00:00:00Z,2025-07-02T00:00:00.000Z,8741,Península
329075.0,2025-07-02T03:00:00.000+02:00,2025-07-02T01:00:00Z,2025-07-02T01:00:00.000Z,8741,Península
325001.0,2025-07-02T04:00:00.000+02:00,2025-07-02T02:00:00Z,2025-07-02T02:00:00.000Z,8741,Península
326204.0,2025-07-02T05:00:00.000+02:00,2025-07-02T03:00:00Z,2025-07-02T03:00:00.000Z,8741,Península
349793.0,2025-07-02T06:00:00.000+02:00,2025-07-02T04:00:00Z,2025-07-02T04:00:00.000Z,8741,Península
373288.0,2025-07-02T07:00:00.000+02:00,2025-07-02T05:00:00Z,2025-07-02T05:00:00.000Z,8741,Península
392257.0,2025-07-02T08:00:00.000+02:00,2025-07-02T06:00:00Z,2025-07-02T06:00:00.000Z,8741,Península
407585.0,2025-07-02T09:00:00.000+02:00,2025-07-02T07:00:00Z,2025-07-02T07:00:00.000Z,8741,Península
417421.0,2025-07-02T10:00:00.000+02:00,2025-07-02T08:00:00Z,2025-07-02T08:00:00.000Z,8741,Península
423766.0,2025-07-02T11:00:00.000+02:00,2025-07-02T09:00:00Z,2025-07-02T09:00:00.000Z,8741,Península
432441.0,2025-07-02T12:00:00.000+02:00,2025-07-02T10:00:00Z,2025-07-02T10:00:00.000Z,8741,Península
443855.0,2025-07-02T13:00:00.000+02:00,2025-07-02T11:00:00Z,2025-07-02T11:00:00.000Z,8741,Península
450441.0,2025-07-02T14:00:00.000+02:00,2025-07-02T12:00:00Z,2025-07-02T12:00:00.000Z,8741,Península
447935.0,2025-07-02T15:00:00.000+02:00,2025-07-02T13:00:00Z,2025-07-02T13:00:00.000Z,8741,Península
445639.0,2025-07-02T16:00:00.000+02:00,2025-07-02T14:00:00Z,2025-07-02T14:00:00.000Z,8741,Península
448118.0,2025-07-02T17:00:00.000+02:00,2025-07-02T15:00:00Z,2025-07-02T15:00:00.000Z,8741,Península
448747.0,2025-07-02T18:00:00.000+02:00,2025-07-02T16:00:00Z,2025-07-02T16:00:00.000Z,8741,Península
448145.0,2025-07-02T19:00:00.000+02:00,2025-07-02T17:00:00Z,2025-07-02T17:00:00.000Z,8741,Península
447375.0,2025-07-02T20:00:00.000+02:00,2025-07-02T18:00:00Z,2025-07-02T18:00:00.000Z,8741,Península
445596.0,2025-07-02T21:00:00.000+02:00,2025-07-02T19:00:00Z,2025-07-02T19:00:00.000Z,8741,Península
430417.0,2025-07-02T22:00:00.000+02:00,2025-07-02T20:00:00Z,2025-07-02T20:00:00.000Z,8741,Península
399141.0,2025-07-02T23:00:00.000+02:00,2025-07-02T21:00:00Z,2025-07-02T21:00:00.000Z,8741,Península
376324.0,2025-07-03T00:00:00.000+02:00,2025-07-02T22:00:00Z,2025-07-02T22:00:00.000Z,8741,Península
353354.0,2025-07-03T01:00:00.000+02:00,2025-07-02T23:00:00Z,2025-07-02T23:00:00.000Z,8741,Península
335981.0,2025-07-03T02:00:00.000+02:00,2025-07-03T00:00:00Z,2025-07-03T00:00:00.000Z,8741,Península
325813.0,2025-07-03T03:00:00.000+02:00,2025-07-03T01:00:00Z,2025-07-03T01:00:00.000Z,8741,Península
318502.0,2025-07-03T04:00:00.000+02:00,2025-07-03T02:00:00Z,2025-07-03T02:00:00.000Z,8741,Península
320315.0,2025-07-03T05:00:00.000+02:00,2025-07-03T03:00:00Z,2025-07-03T03:00:00.000Z,8741,Península
341774.0,2025-07-03T06:00:00.000+02:00,2025-07-03T04:00:00Z,2025-07-03T04:00:00.000Z,8741,Península
367945.0,2025-07-03T07:00:00.000+02:00,2025-07-03T05:00:00Z,2025-07-03T05:00:00.000Z,8741,Península
388861.0,2025-07-03T08:00:00.000+02:00,2025-07-03T06:00:00Z,2025-07-03T06:00:00.000Z,8741,Península
402961.0,2025-07-03T09:00:00.000+02:00,2025-07-03T07:00:00Z,2025-07-03T07:00:00.000Z,8741,Península
411552.0,2025-07-03T10:00:00.000+02:00,2025-07-03T08:00:00Z,2025-07-03T08:00:00.000Z,8741,Península
417422.0,2025-07-03T11:00:00.000+02:00,2025-07-03T09:00:00Z,2025-07-03T09:00:00.000Z,8741,Península
428453.0,2025-07-03T12:00:00.000+02:00,2025-07-03T10:00:00Z,2025-07-03T10:00:00.000Z,8741,Península
441296.0,2025-07-03T13:00:00.000+02:00,2025-07-03T11:00:00Z,2025-07-03T11:00:00.000Z,8741,Península
447979.0,2025-07-03T14:00:00.000+02:00,2025-07-03T12:00:00Z,2025-07-03T12:00:00.000Z,8741,Península
445016.0,2025-07-03T15:00:00.000+02:00,2025-07-03T13:00:00Z,2025-07-03T13:00:00.000Z,8741,Península
444319.0,2025-07-03T16:00:00.000+02:00,2025-07-03T14:00:00Z,2025-07-03T14:00:00.000Z,8741,Península
446102.0,2025-07-03T17:00:00.000+02:00,2025-07-03T15:00:00Z,2025-07-03T15:00:00.000Z,8741,Península
445212.0,2025-07-03T18:00:00.000+02:00,2025-07-03T16:00:00Z,2025-07-03T16:00:00.000Z,8741,Península
445026.0,2025-07-03T19:00:00.000+02:00,2025-07-03T17:00:00Z,2025-07-03T17:00:00.000Z,8741,Península
445827.0,2025-07-03T20:00:00.000+02:00,2025-07-03T18:00:00Z,2025-07-03T18:00:00.000Z,8741,Península
437901.0,2025-07-03T21:00:00.000+02:00,2025-07-03T19:00:00Z,2025-07-03T19:00:00.000Z,8741,Península
423139.0,2025-07-03T22:00:00.000+02:00,2025-07-03T20:00:00Z,2025-07-03T20:00:00.000Z,8741,Península
392374.0,2025-07-03T23:00:00.000+02:00,2025-07-03T21:00:00Z,2025-07-03T21:00:00.000Z,8741,Península
372686.0,2025-07-04T00:00:00.000+02:00,2025-07-03T22:00:00Z,2025-07-03T22:00:00.000Z,8741,Península
350516.0,2025-07-04T01:00:00.000+02:00,2025-07-03T23:00:00Z,2025-07-03T23:00:00.000Z,8741,Península
331834.0,2025-07-04T02:00:00.000+02:00,2025-07-04T00:00:00Z,2025-07-04T00:00:00.000Z,8741,Península
322185.0,2025-07-04T03:00:00.000+02:00,2025-07-04T01:00:00Z,2025-07-04T01:00:00.000Z,8741,Península
316078.0,2025-07-04T04:00:00.000+02:00,2025-07-04T02:00:00Z,2025-07-04T02:00:00.000Z,8741,Península
320154.0,2025-07-04T05:00:00.000+02:00,2025-07-04T03:00:00Z,2025-07-04T03:00:00.000Z,8741,Península
345537.0,2025-07-04T06:00:00.000+02:00,2025-07-04T04:00:00Z,2025-07-04T04:00:00.000Z,8741,Península
372877.0,2025-07-04T07:00:00.000+02:00,2025-07-04T05:00:00Z,2025-07-04T05:00:00.000Z,8741,Península
389841.0,2025-07-04T08:00:00.000+02:00,2025-07-04T06:00:00Z,2025-07-04T06:00:00.000Z,8741,Península
399986.0,2025-07-04T09:00:00.000+02:00,2025-07-04T07:00:00Z,2025-07-04T07:00:00.000Z,8741,Península
404233.0,2025-07-04T10:00:00.000+02:00,2025-07-04T08:00:00Z,2025-07-04T08:00:00.000Z,8741,Península
410587.0,2025-07-04T11:00:00.000+02:00,2025-07-04T09:00:00Z,2025-07-04T09:00:00.000Z,8741,Península
417885.0,2025-07-04T12:00:00.000+02:00,2025-07-04T10:00:00Z,2025-07-04T10:00:00.000Z,8741,Península
427809.0,2025-07-04T13:00:00.000+02:00,2025-07-04T11:00:00Z,2025-07-04T11:00:00.000Z,8741,Península
429557.0,2025-07-04T14:00:00.000+02:00,2025-07-04T12:00:00Z,2025-07-04T12:00:00.000Z,8741,Península
425026.0,2025-07-04T15:00:00.000+02:00,2025-07-04T13:00:00Z,2025-07-04T13:00:00.000Z,8741,Península
426517.0,2025-07-04T16:00:00.000+02:00,2025-07-04T14:00:00Z,2025-07-04T14:00:00.000Z,8741,Península
430182.0,2025-07-04T17:00:00.000+02:00,2025-07-04T15:00:00Z,2025-07-04T15:00:00.000Z,8741,Península
432575.0,2025-07-04T18:00:00.000+02:00,2025-07-04T16:00:00Z,2025-07-04T16:00:00.000Z,8741,Península
438638.0,2025-07-04T19:00:00.000+02:00,2025-07-04T17:00:00Z,2025-07-04T17:00:00.000Z,8741,Península
435489.0,2025-07-04T20:00:00.000+02:00,2025-07-04T18:00:00Z,2025-07-04T18:00:00.000Z,8741,Península
424893.0,2025-07-04T21:00:00.000+02:00,2025-07-04T19:00:00Z,2025-07-04T19:00:00.000Z,8741,Península
411180.0,2025-07-04T22:00:00.000+02:00,2025-07-04T20:00:00Z,2025-07-04T20:00:00.000Z,8741,Península
386324.0,2025-07-04T23:00:00.000+02:00,2025-07-04T21:00:00Z,2025-07-04T21:00:00.000Z,8741,Península
366243.0,2025-07-05T00:00:00.000+02:00,2025-07-04T22:00:00Z,2025-07-04T22:00:00.000Z,8741,Península
348459.0,2025-07-05T01:00:00.000+02:00,2025-07-04T23:00:00Z,2025-07-04T23:00:00.000Z,8741,Península
329385.0,2025-07-05T02:00:00.000+02:00,2025-07-05T00:00:00Z,2025-07-05T00:00:00.000Z,8741,Península
314634.0,2025-07-05T03:00:00.000+02:00,2025-07-05T01:00:00Z,2025-07-05T01:00:00.000Z,8741,Península
304636.0,2025-07-05T04:00:00.000+02:00,2025-07-05T02:00:00Z,2025-07-05T02:00:00.000Z,8741,Península
298748.0,2025-07-05T05:00:00.000+02:00,2025-07-05T03:00:00Z,2025-07-05T03:00:00.000Z,8741,Península
299243.0,2025-07-05T06:00:00.000+02:00,2025-07-05T04:00:00Z,2025-07-05T04:00:00.000Z,8741,Península
302934.0,2025-07-05T07:00:00.000+02:00,2025-07-05T05:00:00Z,2025-07-05T05:00:00.000Z,8741,Península
315227.0,2025-07-05T08:00:00.000+02:00,2025-07-05T06:00:00Z,2025-07-05T06:00:00.000Z,8741,Península
328766.0,2025-07-05T09:00:00.000+02:00,2025-07-05T07:00:00Z,2025-07-05T07:00:00.000Z,8741,Península
340898.0,2025-07-05T10:00:00.000+02:00,2025-07-05T08:00:00Z,2025-07-05T08:00:00.000Z,8741,Península
349245.0,2025-07-05T11:00:00.000+02:00,2025-07-05T09:00:00Z,2025-07-05T09:00:00.000Z,8741,Península
356042.0,2025-07-05T12:00:00.000+02:00,2025-07-05T10:00:00Z,2025-07-05T10:00:00.000Z,8741,Península
365758.0,2025-07-05T13:00:00.000+02:00,2025-07-05T11:00:00Z,2025-07-05T11:00:00.000Z,8741,Península
368657.0,2025-07-05T14:00:00.000+02:00,2025-07-05T12:00:00Z,2025-07-05T12:00:00.000Z,8741,Península
366767.0,2025-07-05T15:00:00.000+02:00,2025-07-05T13:00:00Z,2025-07-05T13:00:00.000Z,8741,Península
364091.0,2025-07-05T16:00:00.000+02:00,2025-07-05T14:00:00Z,2025-07-05T14:00:00.000Z,8741,Península
367493.0,2025-07-05T17:00:00.000+02:00,2025-07-05T15:00:00Z,2025-07-05T15:00:00.000Z,8741,Península
373492.0,2025-07-05T18:00:00.000+02:00,2025-07-05T16:00:00Z,2025-07-05T16:00:00.000Z,8741,Península
376452.0,2025-07-05T19:00:00.000+02:00,2025-07-05T17:00:00Z,2025-07-05T17:00:00.000Z,8741,Península
378600.0,2025-07-05T20:00:00.000+02:00,2025-07-05T18:00:00Z,2025-07-05T18:00:00.000Z,8741,Península
380666.0,2025-07-05T21:00:00.000+02:00,2025-07-05T19:00:00Z,2025-07-05T19:00:00.000Z,8741,Península
373741.0,2025-07-05T22:00:00.000+02:00,2025-07-05T20:00:00Z,2025-07-05T20:00:00.000Z,8741,Península
350325.0,2025-07-05T23:00:00.000+02:00,2025-07-05T21:00:00Z,2025-07-05T21:00:00.000Z,8741,Península
328235.0,2025-07-06T00:00:00.000+02:00,2025-07-05T22:00:00Z,2025-07-05T22:00:00.000Z,8741,Península
308377.0,2025-07-06T01:00:00.000+02:00,2025-07-05T23:00:00Z,2025-07-05T23:00:00.000Z,8741,Península
294978.0,2025-07-06T02:00:00.000+02:00,2025-07-06T00:00:00Z,2025-07-06T00:00:00.000Z,8741,Península
283103.0,2025-07-06T03:00:00.000+02:00,2025-07-06T01:00:00Z,2025-07-06T01:00:00.000Z,8741,Península
275574.0,2025-07-06T04:00:00.000+02:00,2025-07-06T02:00:00Z,2025-07-06T02:00:00.000Z,8741,Península
271609.0,2025-07-06T05:00:00.000+02:00,2025-07-06T03:00:00Z,2025-07-06T03:00:00.000Z,8741,Península
272903.0,2025-07-06T06:00:00.000+02:00,2025-07-06T04:00:00Z,2025-07-06T04:00:00.000Z,8741,Península
271392.0,2025-07-06T07:00:00.000+02:00,2025-07-06T05:00:00Z,2025-07-06T05:00:00.000Z,8741,Península
276492.0,2025-07-06T08:00:00.000+02:00,2025-07-06T06:00:00Z,2025-07-06T06:00:00.000Z,8741,Península
288201.0,2025-07-06T09:00:00.000+02:00,2025-07-06T07:00:00Z,2025-07-06T07:00:00.000Z,8741,Península
299888.0,2025-07-06T10:00:00.000+02:00,2025-07-06T08:00:00Z,2025-07-06T08:00:00.000Z,8741,Península
307507.0,2025-07-06T11:00:00.000+02:00,2025-07-06T09:00:00Z,2025-07-06T09:00:00.000Z,8741,Península
317084.0,2025-07-06T12:00:00.000+02:00,2025-07-06T10:00:00Z,2025-07-06T10:00:00.000Z,8741,Península
329425.0,2025-07-06T13:00:00.000+02:00,2025-07-06T11:00:00Z,2025-07-06T11:00:00.000Z,8741,Península
340507.0,2025-07-06T14:00:00.000+02:00,2025-07-06T12:00:00Z,2025-07-06T12:00:00.000Z,8741,Península
336458.0,2025-07-06T15:00:00.000+02:00,2025-07-06T13:00:00Z,2025-07-06T13:00:00.000Z,8741,Península
334651.0,2025-07-06T16:00:00.000+02:00,2025-07-06T14:00:00Z,2025-07-06T14:00:00.000Z,8741,Península
338230.0,2025-07-06T17:00:00.000+02:00,2025-07-06T15:00:00Z,2025-07-06T15:00:00.000Z,8741,Península
346259.0,2025-07-06T18:00:00.000+02:00,2025-07-06T16:00:00Z,2025-07-06T16:00:00.000Z,8741,Península
360051.0,2025-07-06T19:00:00.000+02:00,2025-07-06T17:00:00Z,2025-07-06T17:00:00.000Z,8741,Península
368279.0,2025-07-06T20:00:00.000+02:00,2025-07-06T18:00:00Z,2025-07-06T18:00:00.000Z,8741,Península
376813.0,2025-07-06T21:00:00.000+02:00,2025-07-06T19:00:00Z,2025-07-06T19:00:00.000Z,8741,Península
381328.0,2025-07-06T22:00:00.000+02:00,2025-07-06T20:00:00Z,2025-07-06T20:00:00.000Z,8741,Península
356629.0,2025-07-06T23:00:00.000+02:00,2025-07-06T21:00:00Z,2025-07-06T21:00:00.000Z,8741,Península
331772.0,2025-07-07T00:00:00.000+02:00,2025-07-06T22:00:00Z,2025-07-06T22:00:00.000Z,8741,Península
312938.0,2025-07-07T01:00:00.000+02:00,2025-07-06T23:00:00Z,2025-07-06T23:00:00.000Z,8741,Península
299872.0,2025-07-07T02:00:00.000+02:00,2025-07-07T00:00:00Z,2025-07-07T00:00:00.000Z,8741,Península
291558.0,2025-07-07T03:00:00.000+02:00,2025-07-07T01:00:00Z,2025-07-07T01:00:00.000Z,8741,Península
288326.0,2025-07-07T04:00:00.000+02:00,2025-07-07T02:00:00Z,2025-07-07T02:00:00.000Z,8741,Península
292366.0,2025-07-07T05:00:00.000+02:00,2025-07-07T03:00:00Z,2025-07-07T03:00:00.000Z,8741,Península
321070.0,2025-07-07T06:00:00.000+02:00,2025-07-07T04:00:00Z,2025-07-07T04:00:00.000Z,8741,Península
351703.0,2025-07-07T07:00:00.000+02:00,2025-07-07T05:00:00Z,2025-07-07T05:00:00.000Z,8741,Península
372960.0,2025-07-07T08:00:00.000+02:00,2025-07-07T06:00:00Z,2025-07-07T06:00:00.000Z,8741,Península
383981.0,2025-07-07T09:00:00.000+02:00,2025-07-07T07:00:00Z,2025-07-07T07:00:00.000Z,8741,Península
389761.0,2025-07-07T10:00:00.000+02:00,2025-07-07T08:00:00Z,2025-07-07T08:00:00.000Z,8741,Península
394454.0,2025-07-07T11:00:00.000+02:00,2025-07-07T09:00:00Z,2025-07-07T09:00:00.000Z,8741,Península
402096.0,2025-07-07T12:00:00.000+02:00,2025-07-07T10:00:00Z,2025-07-07T10:00:00.000Z,8741,Península
410849.0,2025-07-07T13:00:00.000+02:00,2025-07-07T11:00:00Z,2025-07-07T11:00:00.000Z,8741,Península
414806.0,2025-07-07T14:00:00.000+02:00,2025-07-07T12:00:00Z,2025-07-07T12:00:00.000Z,8741,Península
409857.0,2025-07-07T15:00:00.000+02:00,2025-07-07T13:00:00Z,2025-07-07T13:00:00.000Z,8741,Península
409631.0,2025-07-07T16:00:00.000+02:00,2025-07-07T14:00:00Z,2025-07-07T14:00:00.000Z,8741,Península
412178.0,2025-07-07T17:00:00.000+02:00,2025-07-07T15:00:00Z,2025-07-07T15:00:00.000Z,8741,Península
413979.0,2025-07-07T18:00:00.000+02:00,2025-07-07T16:00:00Z,2025-07-07T16:00:00.000Z,8741,Península
416538.0,2025-07-07T19:00:00.000+02:00,2025-07-07T17:00:00Z,2025-07-07T17:00:00.000Z,8741,Península
419584.0,2025-07-07T20:00:00.000+02:00,2025-07-07T18:00:00Z,2025-07-07T18:00:00.000Z,8741,Península
416170.0,2025-07-07T21:00:00.000+02:00,2025-07-07T19:00:00Z,2025-07-07T19:00:00.000Z,8741,Península
403341.0,2025-07-07T22:00:00.000+02:00,2025-07-07T20:00:00Z,2025-07-07T20:00:00.000Z,8741,Península
374396.0,2025-07-07T23:00:00.000+02:00,2025-07-07T21:00:00Z,2025-07-07T21:00:00.000Z,8741,Península
351762.0,2025-07-08T00:00:00.000+02:00,2025-07-07T22:00:00Z,2025-07-07T22:00:00.000Z,8741,Península
331467.0,2025-07-08T01:00:00.000+02:00,2025-07-07T23:00:00Z,2025-07-07T23:00:00.000Z,8741,Península
315151.0,2025-07-08T02:00:00.000+02:00,2025-07-08T00:00:00Z,2025-07-08T00:00:00.000Z,8741,Península
307166.0,2025-07-08T03:00:00.000+02:00,2025-07-08T01:00:00Z,2025-07-08T01:00:00.000Z,8741,Península
300035.0,2025-07-08T04:00:00.000+02:00,2025-07-08T02:00:00Z,2025-07-08T02:00:00.000Z,8741,Península
303009.0,2025-07-08T05:00:00.000+02:00,2025-07-08T03:00:00Z,2025-07-08T03:00:00.000Z,8741,Península
324694.0,2025-07-08T06:00:00.000+02:00,2025-07-08T04:00:00Z,2025-07-08T04:00:00.000Z,8741,Península
350142.0,2025-07-08T07:00:00.000+02:00,2025-07-08T05:00:00Z,2025-07-08T05:00:00.000Z,8741,Península
366436.0,2025-07-08T08:00:00.000+02:00,2025-07-08T06:00:00Z,2025-07-08T06:00:00.000Z,8741,Península
373563.0,2025-07-08T09:00:00.000+02:00,2025-07-08T07:00:00Z,2025-07-08T07:00:00.000Z,8741,Península
375918.0,2025-07-08T10:00:00.000+02:00,2025-07-08T08:00:00Z,2025-07-08T08:00:00.000Z,8741,Península
375793.0,2025-07-08T11:00:00.000+02:00,2025-07-08T09:00:00Z,2025-07-08T09:00:00.000Z,8741,Península
380720.0,2025-07-08T12:00:00.000+02:00,2025-07-08T10:00:00Z,2025-07-08T10:00:00.000Z,8741,Península
389497.0,2025-07-08T13:00:00.000+02:00,2025-07-08T11:00:00Z,2025-07-08T11:00:00.000Z,8741,Península
392443.0,2025-07-08T14:00:00.000+02:00,2025-07-08T12:00:00Z,2025-07-08T12:00:00.000Z,8741,Península
390668.0,2025-07-08T15:00:00.000+02:00,2025-07-08T13:00:00Z,2025-07-08T13:00:00.000Z,8741,Península
392254.0,2025-07-08T16:00:00.000+02:00,2025-07-08T14:00:00Z,2025-07-08T14:00:00.000Z,8741,Península
397606.0,2025-07-08T17:00:00.000+02:00,2025-07-08T15:00:00Z,2025-07-08T15:00:00.000Z,8741,Península
402650.0,2025-07-08T18:00:00.000+02:00,2025-07-08T16:00:00Z,2025-07-08T16:00:00.000Z,8741,Península
409065.0,2025-07-08T19:00:00.000+02:00,2025-07-08T17:00:00Z,2025-07-08T17:00:00.000Z,8741,Península
414578.0,2025-07-08T20:00:00.000+02:00,2025-07-08T18:00:00Z,2025-07-08T18:00:00.000Z,8741,Península
409790.0,2025-07-08T21:00:00.000+02:00,2025-07-08T19:00:00Z,2025-07-08T19:00:00.000Z,8741,Península
397877.0,2025-07-08T22:00:00.000+02:00,2025-07-08T20:00:00Z,2025-07-08T20:00:00.000Z,8741,Península
369576.0,2025-07-08T23:00:00.000+02:00,2025-07-08T21:00:00Z,2025-07-08T21:00:00.000Z,8741,Península
350704.0,2025-07-09T00:00:00.000+02:00,2025-07-08T22:00:00Z,2025-07-08T22:00:00.000Z,8741,Península
330720.0,2025-07-09T01:00:00.000+02:00,2025-07-08T23:00:00Z,2025-07-08T23:00:00.000Z,8741,Península
316045.0,2025-07-09T02:00:00.000+02:00,2025-07-09T00:00:00Z,2025-07-09T00:00:00.000Z,8741,Península
306998.0,2025-07-09T03:00:00.000+02:00,2025-07-09T01:00:00Z,2025-07-09T01:00:00.000Z,8741,Península
303782.0,2025-07-09T04:00:00.000+02:00,2025-07-09T02:00:00Z,2025-07-09T02:00:00.000Z,8741,Península
309206.0,2025-07-09T05:00:00.000+02:00,2025-07-09T03:00:00Z,2025-07-09T03:00:00.000Z,8741,Península
332207.0,2025-07-09T06:00:00.000+02:00,2025-07-09T04:00:00Z,2025-07-09T04:00:00.000Z,8741,Península
360064.0,2025-07-09T07:00:00.000+02:00,2025-07-09T05:00:00Z,2025-07-09T05:00:00.000Z,8741,Península
377672.0,2025-07-09T08:00:00.000+02:00,2025-07-09T06:00:00Z,2025-07-09T06:00:00.000Z,8741,Península
387513.0,2025-07-09T09:00:00.000+02:00,2025-07-09T07:00:00Z,2025-07-09T07:00:00.000Z,8741,Península
397176.0,2025-07-09T10:00:00.000+02:00,2025-07-09T08:00:00Z,2025-07-09T08:00:00.000Z,8741,Península
404730.0,2025-07-09T11:00:00.000+02:00,2025-07-09T09:00:00Z,2025-07-09T09:00:00.000Z,8741,Península
409299.0,2025-07-09T12:00:00.000+02:00,2025-07-09T10:00:00Z,2025-07-09T10:00:00.000Z,8741,Península
414141.0,2025-07-09T13:00:00.000+02:00,2025-07-09T11:00:00Z,2025-07-09T11:00:00.000Z,8741,Península
417524.0,2025-07-09T14:00:00.000+02:00,2025-07-09T12:00:00Z,2025-07-09T12:00:00.000Z,8741,Península
410291.0,2025-07-09T15:00:00.000+02:00,2025-07-09T13:00:00Z,2025-07-09T13:00:00.000Z,8741,Península
406166.0,2025-07-09T16:00:00.000+02:00,2025-07-09T14:00:00Z,2025-07-09T14:00:00.000Z,8741,Península
408579.0,2025-07-09T17:00:00.000+02:00,2025-07-09T15:00:00Z,2025-07-09T15:00:00.000Z,8741,Península
410247.0,2025-07-09T18:00:00.000+02:00,2025-07-09T16:00:00Z,2025-07-09T16:00:00.000Z,8741,Península
416916.0,2025-07-09T19:00:00.000+02:00,2025-07-09T17:00:00Z,2025-07-09T17:00:00.000Z,8741,Península
421451.0,2025-07-09T20:00:00.000+02:00,2025-07-09T18:00:00Z,2025-07-09T18:00:00.000Z,8741,Península
415644.0,2025-07-09T21:00:00.000+02:00,2025-07-09T19:00:00Z,2025-07-09T19:00:00.000Z,8741,Península
402932.0,2025-07-09T22:00:00.000+02:00,2025-07-09T20:00:00Z,2025-07-09T20:00:00.000Z,8741,Península
375347.0,2025-07-09T23:00:00.000+02:00,2025-07-09T21:00:00Z,2025-07-09T21:00:00.000Z,8741,Península
358445.0,2025-07-10T00:00:00.000+02:00,2025-07-09T22:00:00Z,2025-07-09T22:00:00.000Z,8741,Península
338618.0,2025-07-10T01:00:00.000+02:00,2025-07-09T23:00:00Z,2025-07-09T23:00:00.000Z,8741,Península
321240.0,2025-07-10T02:00:00.000+02:00,2025-07-10T00:00:00Z,2025-07-10T00:00:00.000Z,8741,Península
313273.0,2025-07-10T03:00:00.000+02:00,2025-07-10T01:00:00Z,2025-07-10T01:00:00.000Z,8741,Península
308807.0,2025-07-10T04:00:00.000+02:00,2025-07-10T02:00:00Z,2025-07-10T02:00:00.000Z,8741,Península
311456.0,2025-07-10T05:00:00.000+02:00,2025-07-10T03:00:00Z,2025-07-10T03:00:00.000Z,8741,Península
336260.0,2025-07-10T06:00:00.000+02:00,2025-07-10T04:00:00Z,2025-07-10T04:00:00.000Z,8741,Península
362443.0,2025-07-10T07:00:00.000+02:00,2025-07-10T05:00:00Z,2025-07-10T05:00:00.000Z,8741,Península
379881.0,2025-07-10T08:00:00.000+02:00,2025-07-10T06:00:00Z,2025-07-10T06:00:00.000Z,8741,Península
388412.0,2025-07-10T09:00:00.000+02:00,2025-07-10T07:00:00Z,2025-07-10T07:00:00.000Z,8741,Península
392930.0,2025-07-10T10:00:00.000+02:00,2025-07-10T08:00:00Z,2025-07-10T08:00:00.000Z,8741,Península
395587.0,2025-07-10T11:00:00.000+02:00,2025-07-10T09:00:00Z,2025-07-10T09:00:00.000Z,8741,Península
399350.0,2025-07-10T12:00:00.000+02:00,2025-07-10T10:00:00Z,2025-07-10T10:00:00.000Z,8741,Península
401877.0,2025-07-10T13:00:00.000+02:00,2025-07-10T11:00:00Z,2025-07-10T11:00:00.000Z,8741,Península
401439.0,2025-07-10T14:00:00.000+02:00,2025-07-10T12:00:00Z,2025-07-10T12:00:00.000Z,8741,Península
396120.0,2025-07-10T15:00:00.000+02:00,2025-07-10T13:00:00Z,2025-07-10T13:00:00.000Z,8741,Península
396838.0,2025-07-10T16:00:00.000+02:00,2025-07-10T14:00:00Z,2025-07-10T14:00:00.000Z,8741,Península
402524.0,2025-07-10T17:00:00.000+02:00,2025-07-10T15:00:00Z,2025-07-10T15:00:00.000Z,8741,Península
409544.0,2025-07-10T18:00:00.000+02:00,2025-07-10T16:00:00Z,2025-07-10T16:00:00.000Z,8741,Península
418581.0,2025-07-10T19:00:00.000+02:00,2025-07-10T17:00:00Z,2025-07-10T17:00:00.000Z,8741,Península
420829.0,2025-07-10T20:00:00.000+02:00,2025-07-10T18:00:00Z,2025-07-10T18:00:00.000Z,8741,Península
416852.0,2025-07-10T21:00:00.000+02:00,2025-07-10T19:00:00Z,2025-07-10T19:00:00.000Z,8741,Península
401662.0,2025-07-10T22:00:00.000+02:00,2025-07-10T20:00:00Z,2025-07-10T20:00:00.000Z,8741,Península
372149.0,2025-07-10T23:00:00.000+02:00,2025-07-10T21:00:00Z,2025-07-10T21:00:00.000Z,8741,Península
352636.0,2025-07-11T00:00:00.000+02:00,2025-07-10T22:00:00Z,2025-07-10T22:00:00.000Z,8741,Península
335908.0,2025-07-11T01:00:00.000+02:00,2025-07-10T23:00:00Z,2025-07-10T23:00:00.000Z,8741,Península
319230.0,2025-07-11T02:00:00.000+02:00,2025-07-11T00:00:00Z,2025-07-11T00:00:00.000Z,8741,Península
312048.0,2025-07-11T03:00:00.000+02:00,2025-07-11T01:00:00Z,2025-07-11T01:00:00.000Z,8741,Península
307478.0,2025-07-11T04:00:00.000+02:00,2025-07-11T02:00:00Z,2025-07-11T02:00:00.000Z,8741,Península
312220.0,2025-07-11T05:00:00.000+02:00,2025-07-11T03:00:00Z,2025-07-11T03:00:00.000Z,8741,Península
332743.0,2025-07-11T06:00:00.000+02:00,2025-07-11T04:00:00Z,2025-07-11T04:00:00.000Z,8741,Península
357621.0,2025-07-11T07:00:00.000+02:00,2025-07-11T05:00:00Z,2025-07-11T05:00:00.000Z,8741,Península
375202.0,2025-07-11T08:00:00.000+02:00,2025-07-11T06:00:00Z,2025-07-11T06:00:00.000Z,8741,Península
385637.0,2025-07-11T09:00:00.000+02:00,2025-07-11T07:00:00Z,2025-07-11T07:00:00.000Z,8741,Península
390635.0,2025-07-11T10:00:00.000+02:00,2025-07-11T08:00:00Z,2025-07-11T08:00:00.000Z,8741,Península
392405.0,2025-07-11T11:00:00.000+02:00,2025-07-11T09:00:00Z,2025-07-11T09:00:00.000Z,8741,Península
393977.0,2025-07-11T12:00:00.000+02:00,2025-07-11T10:00:00Z,2025-07-11T10:00:00.000Z,8741,Península
397158.0,2025-07-11T13:00:00.000+02:00,2025-07-11T11:00:00Z,2025-07-11T11:00:00.000Z,8741,Península
391318.0,2025-07-11T14:00:00.000+02:00,2025-07-11T12:00:00Z,2025-07-11T12:00:00.000Z,8741,Península
380800.0,2025-07-11T15:00:00.000+02:00,2025-07-11T13:00:00Z,2025-07-11T13:00:00.000Z,8741,Península
379828.0,2025-07-11T16:00:00.000+02:00,2025-07-11T14:00:00Z,2025-07-11T14:00:00.000Z,8741,Península
385601.0,2025-07-11T17:00:00.000+02:00,2025-07-11T15:00:00Z,2025-07-11T15:00:00.000Z,8741,Península
389442.0,2025-07-11T18:00:00.000+02:00,2025-07-11T16:00:00Z,2025-07-11T16:00:00.000Z,8741,Península
392413.0,2025-07-11T19:00:00.000+02:00,2025-07-11T17:00:00Z,2025-07-11T17:00:00.000Z,8741,Península
391746.0,2025-07-11T20:00:00.000+02:00,2025-07-11T18:00:00Z,2025-07-11T18:00:00.000Z,8741,Península
383079.0,2025-07-11T21:00:00.000+02:00,2025-07-11T19:00:00Z,2025-07-11T19:00:00.000Z,8741,Península
371028.0,2025-07-11T22:00:00.000+02:00,2025-07-11T20:00:00Z,2025-07-11T20:00:00.000Z,8741,Península
347305.0,2025-07-11T23:00:00.000+02:00,2025-07-11T21:00:00Z,2025-07-11T21:00:00.000Z,8741,Península
332362.0,2025-07-12T00:00:00.000+02:00,2025-07-11T22:00:00Z,2025-07-11T22:00:00.000Z,8741,Península
315445.0,2025-07-12T01:00:00.000+02:00,2025-07-11T23:00:00Z,2025-07-11T23:00:00.000Z,8741,Península
299335.0,2025-07-12T02:00:00.000+02:00,2025-07-12T00:00:00Z,2025-07-12T00:00:00.000Z,8741,Península
290473.0,2025-07-12T03:00:00.000+02:00,2025-07-12T01:00:00Z,2025-07-12T01:00:00.000Z,8741,Península
285500.0,2025-07-12T04:00:00.000+02:00,2025-07-12T02:00:00Z,2025-07-12T02:00:00.000Z,8741,Península
282359.0,2025-07-12T05:00:00.000+02:00,2025-07-12T03:00:00Z,2025-07-12T03:00:00.000Z,8741,Península
284408.0,2025-07-12T06:00:00.000+02:00,2025-07-12T04:00:00Z,2025-07-12T04:00:00.000Z,8741,Península
287141.0,2025-07-12T07:00:00.000+02:00,2025-07-12T05:00:00Z,2025-07-12T05:00:00.000Z,8741,Península
298003.0,2025-07-12T08:00:00.000+02:00,2025-07-12T06:00:00Z,2025-07-12T06:00:00.000Z,8741,Península
311539.0,2025-07-12T09:00:00.000+02:00,2025-07-12T07:00:00Z,2025-07-12T07:00:00.000Z,8741,Península
319063.0,2025-07-12T10:00:00.000+02:00,2025-07-12T08:00:00Z,2025-07-12T08:00:00.000Z,8741,Península
322371.0,2025-07-12T11:00:00.000+02:00,2025-07-12T09:00:00Z,2025-07-12T09:00:00.000Z,8741,Península
322611.0,2025-07-12T12:00:00.000+02:00,2025-07-12T10:00:00Z,2025-07-12T10:00:00.000Z,8741,Península
327431.0,2025-07-12T13:00:00.000+02:00,2025-07-12T11:00:00Z,2025-07-12T11:00:00.000Z,8741,Península
323306.0,2025-07-12T14:00:00.000+02:00,2025-07-12T12:00:00Z,2025-07-12T12:00:00.000Z,8741,Península
306838.0,2025-07-12T15:00:00.000+02:00,2025-07-12T13:00:00Z,2025-07-12T13:00:00.000Z,8741,Península
297417.0,2025-07-12T16:00:00.000+02:00,2025-07-12T14:00:00Z,2025-07-12T14:00:00.000Z,8741,Península
295824.0,2025-07-12T17:00:00.000+02:00,2025-07-12T15:00:00Z,2025-07-12T15:00:00.000Z,8741,Península
304956.0,2025-07-12T18:00:00.000+02:00,2025-07-12T16:00:00Z,2025-07-12T16:00:00.000Z,8741,Península
319123.0,2025-07-12T19:00:00.000+02:00,2025-07-12T17:00:00Z,2025-07-12T17:00:00.000Z,8741,Península
325864.0,2025-07-12T20:00:00.000+02:00,2025-07-12T18:00:00Z,2025-07-12T18:00:00.000Z,8741,Península
332726.0,2025-07-12T21:00:00.000+02:00,2025-07-12T19:00:00Z,2025-07-12T19:00:00.000Z,8741,Península
330013.0,2025-07-12T22:00:00.000+02:00,2025-07-12T20:00:00Z,2025-07-12T20:00:00.000Z,8741,Península
311039.0,2025-07-12T23:00:00.000+02:00,2025-07-12T21:00:00Z,2025-07-12T21:00:00.000Z,8741,Península
292021.0,2025-07-13T00:00:00.000+02:00,2025-07-12T22:00:00Z,2025-07-12T22:00:00.000Z,8741,Península
276055.0,2025-07-13T01:00:00.000+02:00,2025-07-12T23:00:00Z,2025-07-12T23:00:00.000Z,8741,Península
264135.0,2025-07-13T02:00:00.000+02:00,2025-07-13T00:00:00Z,2025-07-13T00:00:00.000Z,8741,Península
255186.0,2025-07-13T03:00:00.000+02:00,2025-07-13T01:00:00Z,2025-07-13T01:00:00.000Z,8741,Península
249971.0,2025-07-13T04:00:00.000+02:00,2025-07-13T02:00:00Z,2025-07-13T02:00:00.000Z,8741,Península
249927.0,2025-07-13T05:00:00.000+02:00,2025-07-13T03:00:00Z,2025-07-13T03:00:00.000Z,8741,Península
251115.0,2025-07-13T06:00:00.000+02:00,2025-07-13T04:00:00Z,2025-07-13T04:00:00.000Z,8741,Península
248777.0,2025-07-13T07:00:00.000+02:00,2025-07-13T05:00:00Z,2025-07-13T05:00:00.000Z,8741,Península
252391.0,2025-07-13T08:00:00.000+02:00,2025-07-13T06:00:00Z,2025-07-13T06:00:00.000Z,8741,Península
258713.0,2025-07-13T09:00:00.000+02:00,2025-07-13T07:00:00Z,2025-07-13T07:00:00.000Z,8741,Península
265931.0,2025-07-13T10:00:00.000+02:00,2025-07-13T08:00:00Z,2025-07-13T08:00:00.000Z,8741,Península
266585.0,2025-07-13T11:00:00.000+02:00,2025-07-13T09:00:00Z,2025-07-13T09:00:00.000Z,8741,Península
270726.0,2025-07-13T12:00:00.000+02:00,2025-07-13T10:00:00Z,2025-07-13T10:00:00.000Z,8741,Península
277541.0,2025-07-13T13:00:00.000+02:00,2025-07-13T11:00:00Z,2025-07-13T11:00:00.000Z,8741,Península
279258.0,2025-07-13T14:00:00.000+02:00,2025-07-13T12:00:00Z,2025-07-13T12:00:00.000Z,8741,Península
276180.0,2025-07-13T15:00:00.000+02:00,2025-07-13T13:00:00Z,2025-07-13T13:00:00.000Z,8741,Península
277403.0,2025-07-13T16:00:00.000+02:00,2025-07-13T14:00:00Z,2025-07-13T14:00:00.000Z,8741,Península
282598.0,2025-07-13T17:00:00.000+02:00,2025-07-13T15:00:00Z,2025-07-13T15:00:00.000Z,8741,Península
302154.0,2025-07-13T18:00:00.000+02:00,2025-07-13T16:00:00Z,2025-07-13T16:00:00.000Z,8741,Península
318670.0,2025-07-13T19:00:00.000+02:00,2025-07-13T17:00:00Z,2025-07-13T17:00:00.000Z,8741,Península
331606.0,2025-07-13T20:00:00.000+02:00,2025-07-13T18:00:00Z,2025-07-13T18:00:00.000Z,8741,Península
343727.0,2025-07-13T21:00:00.000+02:00,2025-07-13T19:00:00Z,2025-07-13T19:00:00.000Z,8741,Península
349951.0,2025-07-13T22:00:00.000+02:00,2025-07-13T20:00:00Z,2025-07-13T20:00:00.000Z,8741,Península
329603.0,2025-07-13T23:00:00.000+02:00,2025-07-13T21:00:00Z,2025-07-13T21:00:00.000Z,8741,Península
308952.0,2025-07-14T00:00:00.000+02:00,2025-07-13T22:00:00Z,2025-07-13T22:00:00.000Z,8741,Península
289765.0,2025-07-14T01:00:00.000+02:00,2025-07-13T23:00:00Z,2025-07-13T23:00:00.000Z,8741,Península
278637.0,2025-07-14T02:00:00.000+02:00,2025-07-14T00:00:00Z,2025-07-14T00:00:00.000Z,8741,Península
271424.0,2025-07-14T03:00:00.000+02:00,2025-07-14T01:00:00Z,2025-07-14T01:00:00.000Z,8741,Península
270184.0,2025-07-14T04:00:00.000+02:00,2025-07-14T02:00:00Z,2025-07-14T02:00:00.000Z,8741,Península
276929.0,2025-07-14T05:00:00.000+02:00,2025-07-14T03:00:00Z,2025-07-14T03:00:00.000Z,8741,Península
306058.0,2025-07-14T06:00:00.000+02:00,2025-07-14T04:00:00Z,2025-07-14T04:00:00.000Z,8741,Península
334800.0,2025-07-14T07:00:00.000+02:00,2025-07-14T05:00:00Z,2025-07-14T05:00:00.000Z,8741,Península
355924.0,2025-07-14T08:00:00.000+02:00,2025-07-14T06:00:00Z,2025-07-14T06:00:00.000Z,8741,Península
363963.0,2025-07-14T09:00:00.000+02:00,2025-07-14T07:00:00Z,2025-07-14T07:00:00.000Z,8741,Península
370889.0,2025-07-14T10:00:00.000+02:00,2025-07-14T08:00:00Z,2025-07-14T08:00:00.000Z,8741,Península
378438.0,2025-07-14T11:00:00.000+02:00,2025-07-14T09:00:00Z,2025-07-14T09:00:00.000Z,8741,Península
384516.0,2025-07-14T12:00:00.000+02:00,2025-07-14T10:00:00Z,2025-07-14T10:00:00.000Z,8741,Península
390303.0,2025-07-14T13:00:00.000+02:00,2025-07-14T11:00:00Z,2025-07-14T11:00:00.000Z,8741,Península
391244.0,2025-07-14T14:00:00.000+02:00,2025-07-14T12:00:00Z,2025-07-14T12:00:00.000Z,8741,Península
385498.0,2025-07-14T15:00:00.000+02:00,2025-07-14T13:00:00Z,2025-07-14T13:00:00.000Z,8741,Península
383994.0,2025-07-14T16:00:00.000+02:00,2025-07-14T14:00:00Z,2025-07-14T14:00:00.000Z,8741,Península
389601.0,2025-07-14T17:00:00.000+02:00,2025-07-14T15:00:00Z,2025-07-14T15:00:00.000Z,8741,Península
392471.0,2025-07-14T18:00:00.000+02:00,2025-07-14T16:00:00Z,2025-07-14T16:00:00.000Z,8741,Península
401854.0,2025-07-14T19:00:00.000+02:00,2025-07-14T17:00:00Z,2025-07-14T17:00:00.000Z,8741,Península
405281.0,2025-07-14T20:00:00.000+02:00,2025-07-14T18:00:00Z,2025-07-14T18:00:00.000Z,8741,Península
406059.0,2025-07-14T21:00:00.000+02:00,2025-07-14T19:00:00Z,2025-07-14T19:00:00.000Z,8741,Península
394249.0,2025-07-14T22:00:00.000+02:00,2025-07-14T20:00:00Z,2025-07-14T20:00:00.000Z,8741,Península
366564.0,2025-07-14T23:00:00.000+02:00,2025-07-14T21:00:00Z,2025-07-14T21:00:00.000Z,8741,Península
345613.0,2025-07-15T00:00:00.000+02:00,2025-07-14T22:00:00Z,2025-07-14T22:00:00.000Z,8741,Península
321993.0,2025-07-15T01:00:00.000+02:00,2025-07-14T23:00:00Z,2025-07-14T23:00:00.000Z,8741,Península
305811.0,2025-07-15T02:00:00.000+02:00,2025-07-15T00:00:00Z,2025-07-15T00:00:00.000Z,8741,Península
299212.0,2025-07-15T03:00:00.000+02:00,2025-07-15T01:00:00Z,2025-07-15T01:00:00.000Z,8741,Península
294346.0,2025-07-15T04:00:00.000+02:00,2025-07-15T02:00:00Z,2025-07-15T02:00:00.000Z,8741,Península
297330.0,2025-07-15T05:00:00.000+02:00,2025-07-15T03:00:00Z,2025-07-15T03:00:00.000Z,8741,Península
321329.0,2025-07-15T06:00:00.000+02:00,2025-07-15T04:00:00Z,2025-07-15T04:00:00.000Z,8741,Península
345097.0,2025-07-15T07:00:00.000+02:00,2025-07-15T05:00:00Z,2025-07-15T05:00:00.000Z,8741,Península
362049.0,2025-07-15T08:00:00.000+02:00,2025-07-15T06:00:00Z,2025-07-15T06:00:00.000Z,8741,Península
369722.0,2025-07-15T09:00:00.000+02:00,2025-07-15T07:00:00Z,2025-07-15T07:00:00.000Z,8741,Península
377262.0,2025-07-15T10:00:00.000+02:00,2025-07-15T08:00:00Z,2025-07-15T08:00:00.000Z,8741,Península
382171.0,2025-07-15T11:00:00.000+02:00,2025-07-15T09:00:00Z,2025-07-15T09:00:00.000Z,8741,Península
390053.0,2025-07-15T12:00:00.000+02:00,2025-07-15T10:00:00Z,2025-07-15T10:00:00.000Z,8741,Península
400304.0,2025-07-15T13:00:00.000+02:00,2025-07-15T11:00:00Z,2025-07-15T11:00:00.000Z,8741,Península
402720.0,2025-07-15T14:00:00.000+02:00,2025-07-15T12:00:00Z,2025-07-15T12:00:00.000Z,8741,Península
397753.0,2025-07-15T15:00:00.000+02:00,2025-07-15T13:00:00Z,2025-07-15T13:00:00.000Z,8741,Península
397790.0,2025-07-15T16:00:00.000+02:00,2025-07-15T14:00:00Z,2025-07-15T14:00:00.000Z,8741,Península
402642.0,2025-07-15T17:00:00.000+02:00,2025-07-15T15:00:00Z,2025-07-15T15:00:00.000Z,8741,Península
407090.0,2025-07-15T18:00:00.000+02:00,2025-07-15T16:00:00Z,2025-07-15T16:00:00.000Z,8741,Península
417256.0,2025-07-15T19:00:00.000+02:00,2025-07-15T17:00:00Z,2025-07-15T17:00:00.000Z,8741,Península
422054.0,2025-07-15T20:00:00.000+02:00,2025-07-15T18:00:00Z,2025-07-15T18:00:00.000Z,8741,Península
421423.0,2025-07-15T21:00:00.000+02:00,2025-07-15T19:00:00Z,2025-07-15T19:00:00.000Z,8741,Península
409637.0,2025-07-15T22:00:00.000+02:00,2025-07-15T20:00:00Z,2025-07-15T20:00:00.000Z,8741,Península
378853.0,2025-07-15T23:00:00.000+02:00,2025-07-15T21:00:00Z,2025-07-15T21:00:00.000Z,8741,Península
352966.0,2025-07-16T00:00:00.000+02:00,2025-07-15T22:00:00Z,2025-07-15T22:00:00.000Z,8741,Península
332202.0,2025-07-16T01:00:00.000+02:00,2025-07-15T23:00:00Z,2025-07-15T23:00:00.000Z,8741,Península
315776.0,2025-07-16T02:00:00.000+02:00,2025-07-16T00:00:00Z,2025-07-16T00:00:00.000Z,8741,Península
308300.0,2025-07-16T03:00:00.000+02:00,2025-07-16T01:00:00Z,2025-07-16T01:00:00.000Z,8741,Península
303157.0,2025-07-16T04:00:00.000+02:00,2025-07-16T02:00:00Z,2025-07-16T02:00:00.000Z,8741,Península
306845.0,2025-07-16T05:00:00.000+02:00,2025-07-16T03:00:00Z,2025-07-16T03:00:00.000Z,8741,Península
329876.0,2025-07-16T06:00:00.000+02:00,2025-07-16T04:00:00Z,2025-07-16T04:00:00.000Z,8741,Península
356084.0,2025-07-16T07:00:00.000+02:00,2025-07-16T05:00:00Z,2025-07-16T05:00:00.000Z,8741,Península
373389.0,2025-07-16T08:00:00.000+02:00,2025-07-16T06:00:00Z,2025-07-16T06:00:00.000Z,8741,Península
383457.0,2025-07-16T09:00:00.000+02:00,2025-07-16T07:00:00Z,2025-07-16T07:00:00.000Z,8741,Península
389211.0,2025-07-16T10:00:00.000+02:00,2025-07-16T08:00:00Z,2025-07-16T08:00:00.000Z,8741,Península
394915.0,2025-07-16T11:00:00.000+02:00,2025-07-16T09:00:00Z,2025-07-16T09:00:00.000Z,8741,Península
401908.0,2025-07-16T12:00:00.000+02:00,2025-07-16T10:00:00Z,2025-07-16T10:00:00.000Z,8741,Península
412856.0,2025-07-16T13:00:00.000+02:00,2025-07-16T11:00:00Z,2025-07-16T11:00:00.000Z,8741,Península
416516.0,2025-07-16T14:00:00.000+02:00,2025-07-16T12:00:00Z,2025-07-16T12:00:00.000Z,8741,Península
413006.0,2025-07-16T15:00:00.000+02:00,2025-07-16T13:00:00Z,2025-07-16T13:00:00.000Z,8741,Península
414590.0,2025-07-16T16:00:00.000+02:00,2025-07-16T14:00:00Z,2025-07-16T14:00:00.000Z,8741,Península
415886.0,2025-07-16T17:00:00.000+02:00,2025-07-16T15:00:00Z,2025-07-16T15:00:00.000Z,8741,Península
420362.0,2025-07-16T18:00:00.000+02:00,2025-07-16T16:00:00Z,2025-07-16T16:00:00.000Z,8741,Península
429198.0,2025-07-16T19:00:00.000+02:00,2025-07-16T17:00:00Z,2025-07-16T17:00:00.000Z,8741,Península
434211.0,2025-07-16T20:00:00.000+02:00,2025-07-16T18:00:00Z,2025-07-16T18:00:00.000Z,8741,Península
432459.0,2025-07-16T21:00:00.000+02:00,2025-07-16T19:00:00Z,2025-07-16T19:00:00.000Z,8741,Península
418959.0,2025-07-16T22:00:00.000+02:00,2025-07-16T20:00:00Z,2025-07-16T20:00:00.000Z,8741,Península
388052.0,2025-07-16T23:00:00.000+02:00,2025-07-16T21:00:00Z,2025-07-16T21:00:00.000Z,8741,Península
364275.0,2025-07-17T00:00:00.000+02:00,2025-07-16T22:00:00Z,2025-07-16T22:00:00.000Z,8741,Península
343277.0,2025-07-17T01:00:00.000+02:00,2025-07-16T23:00:00Z,2025-07-16T23:00:00.000Z,8741,Península
328006.0,2025-07-17T02:00:00.000+02:00,2025-07-17T00:00:00Z,2025-07-17T00:00:00.000Z,8741,Península
318027.0,2025-07-17T03:00:00.000+02:00,2025-07-17T01:00:00Z,2025-07-17T01:00:00.000Z,8741,Península
312730.0,2025-07-17T04:00:00.000+02:00,2025-07-17T02:00:00Z,2025-07-17T02:00:00.000Z,8741,Península
315031.0,2025-07-17T05:00:00.000+02:00,2025-07-17T03:00:00Z,2025-07-17T03:00:00.000Z,8741,Península
338965.0,2025-07-17T06:00:00.000+02:00,2025-07-17T04:00:00Z,2025-07-17T04:00:00.000Z,8741,Península
364106.0,2025-07-17T07:00:00.000+02:00,2025-07-17T05:00:00Z,2025-07-17T05:00:00.000Z,8741,Península
379928.0,2025-07-17T08:00:00.000+02:00,2025-07-17T06:00:00Z,2025-07-17T06:00:00.000Z,8741,Península
392845.0,2025-07-17T09:00:00.000+02:00,2025-07-17T07:00:00Z,2025-07-17T07:00:00.000Z,8741,Península
397557.0,2025-07-17T10:00:00.000+02:00,2025-07-17T08:00:00Z,2025-07-17T08:00:00.000Z,8741,Península
406483.0,2025-07-17T11:00:00.000+02:00,2025-07-17T09:00:00Z,2025-07-17T09:00:00.000Z,8741,Península
414954.0,2025-07-17T12:00:00.000+02:00,2025-07-17T10:00:00Z,2025-07-17T10:00:00.000Z,8741,Península
425357.0,2025-07-17T13:00:00.000+02:00,2025-07-17T11:00:00Z,2025-07-17T11:00:00.000Z,8741,Península
428807.0,2025-07-17T14:00:00.000+02:00,2025-07-17T12:00:00Z,2025-07-17T12:00:00.000Z,8741,Península
426455.0,2025-07-17T15:00:00.000+02:00,2025-07-17T13:00:00Z,2025-07-17T13:00:00.000Z,8741,Península
427875.0,2025-07-17T16:00:00.000+02:00,2025-07-17T14:00:00Z,2025-07-17T14:00:00.000Z,8741,Península
434270.0,2025-07-17T17:00:00.000+02:00,2025-07-17T15:00:00Z,2025-07-17T15:00:00.000Z,8741,Península
438316.0,2025-07-17T18:00:00.000+02:00,2025-07-17T16:00:00Z,2025-07-17T16:00:00.000Z,8741,Península
444492.0,2025-07-17T19:00:00.000+02:00,2025-07-17T17:00:00Z,2025-07-17T17:00:00.000Z,8741,Península
443306.0,2025-07-17T20:00:00.000+02:00,2025-07-17T18:00:00Z,2025-07-17T18:00:00.000Z,8741,Península
437694.0,2025-07-17T21:00:00.000+02:00,2025-07-17T19:00:00Z,2025-07-17T19:00:00.000Z,8741,Península
424609.0,2025-07-17T22:00:00.000+02:00,2025-07-17T20:00:00Z,2025-07-17T20:00:00.000Z,8741,Península
393657.0,2025-07-17T23:00:00.000+02:00,2025-07-17T21:00:00Z,2025-07-17T21:00:00.000Z,8741,Península
370177.0,2025-07-18T00:00:00.000+02:00,2025-07-17T22:00:00Z,2025-07-17T22:00:00.000Z,8741,Península
346145.0,2025-07-18T01:00:00.000+02:00,2025-07-17T23:00:00Z,2025-07-17T23:00:00.000Z,8741,Península
327478.0,2025-07-18T02:00:00.000+02:00,2025-07-18T00:00:00Z,2025-07-18T00:00:00.000Z,8741,Península
318904.0,2025-07-18T03:00:00.000+02:00,2025-07-18T01:00:00Z,2025-07-18T01:00:00.000Z,8741,Península
312085.0,2025-07-18T04:00:00.000+02:00,2025-07-18T02:00:00Z,2025-07-18T02:00:00.000Z,8741,Península
313535.0,2025-07-18T05:00:00.000+02:00,2025-07-18T03:00:00Z,2025-07-18T03:00:00.000Z,8741,Península
336438.0,2025-07-18T06:00:00.000+02:00,2025-07-18T04:00:00Z,2025-07-18T04:00:00.000Z,8741,Península
360242.0,2025-07-18T07:00:00.000+02:00,2025-07-18T05:00:00Z,2025-07-18T05:00:00.000Z,8741,Península
377867.0,2025-07-18T08:00:00.000+02:00,2025-07-18T06:00:00Z,2025-07-18T06:00:00.000Z,8741,Península
392228.0,2025-07-18T09:00:00.000+02:00,2025-07-18T07:00:00Z,2025-07-18T07:00:00.000Z,8741,Península
400077.0,2025-07-18T10:00:00.000+02:00,2025-07-18T08:00:00Z,2025-07-18T08:00:00.000Z,8741,Península
402836.0,2025-07-18T11:00:00.000+02:00,2025-07-18T09:00:00Z,2025-07-18T09:00:00.000Z,8741,Península
408290.0,2025-07-18T12:00:00.000+02:00,2025-07-18T10:00:00Z,2025-07-18T10:00:00.000Z,8741,Península
413725.0,2025-07-18T13:00:00.000+02:00,2025-07-18T11:00:00Z,2025-07-18T11:00:00.000Z,8741,Península
415944.0,2025-07-18T14:00:00.000+02:00,2025-07-18T12:00:00Z,2025-07-18T12:00:00.000Z,8741,Península
407681.0,2025-07-18T15:00:00.000+02:00,2025-07-18T13:00:00Z,2025-07-18T13:00:00.000Z,8741,Península
408542.0,2025-07-18T16:00:00.000+02:00,2025-07-18T14:00:00Z,2025-07-18T14:00:00.000Z,8741,Península
409645.0,2025-07-18T17:00:00.000+02:00,2025-07-18T15:00:00Z,2025-07-18T15:00:00.000Z,8741,Península
412575.0,2025-07-18T18:00:00.000+02:00,2025-07-18T16:00:00Z,2025-07-18T16:00:00.000Z,8741,Península
421885.0,2025-07-18T19:00:00.000+02:00,2025-07-18T17:00:00Z,2025-07-18T17:00:00.000Z,8741,Península
416684.0,2025-07-18T20:00:00.000+02:00,2025-07-18T18:00:00Z,2025-07-18T18:00:00.000Z,8741,Península
410537.0,2025-07-18T21:00:00.000+02:00,2025-07-18T19:00:00Z,2025-07-18T19:00:00.000Z,8741,Península
394125.0,2025-07-18T22:00:00.000+02:00,2025-07-18T20:00:00Z,2025-07-18T20:00:00.000Z,8741,Península
366074.0,2025-07-18T23:00:00.000+02:00,2025-07-18T21:00:00Z,2025-07-18T21:00:00.000Z,8741,Península
347746.0,2025-07-19T00:00:00.000+02:00,2025-07-18T22:00:00Z,2025-07-18T22:00:00.000Z,8741,Península
327559.0,2025-07-19T01:00:00.000+02:00,2025-07-18T23:00:00Z,2025-07-18T23:00:00.000Z,8741,Península
310584.0,2025-07-19T02:00:00.000+02:00,2025-07-19T00:00:00Z,2025-07-19T00:00:00.000Z,8741,Península
298101.0,2025-07-19T03:00:00.000+02:00,2025-07-19T01:00:00Z,2025-07-19T01:00:00.000Z,8741,Península
292583.0,2025-07-19T04:00:00.000+02:00,2025-07-19T02:00:00Z,2025-07-19T02:00:00.000Z,8741,Península
288296.0,2025-07-19T05:00:00.000+02:00,2025-07-19T03:00:00Z,2025-07-19T03:00:00.000Z,8741,Península
291023.0,2025-07-19T06:00:00.000+02:00,2025-07-19T04:00:00Z,2025-07-19T04:00:00.000Z,8741,Península
292984.0,2025-07-19T07:00:00.000+02:00,2025-07-19T05:00:00Z,2025-07-19T05:00:00.000Z,8741,Península
303256.0,2025-07-19T08:00:00.000+02:00,2025-07-19T06:00:00Z,2025-07-19T06:00:00.000Z,8741,Península
316157.0,2025-07-19T09:00:00.000+02:00,2025-07-19T07:00:00Z,2025-07-19T07:00:00.000Z,8741,Península
324230.0,2025-07-19T10:00:00.000+02:00,2025-07-19T08:00:00Z,2025-07-19T08:00:00.000Z,8741,Península
321356.0,2025-07-19T11:00:00.000+02:00,2025-07-19T09:00:00Z,2025-07-19T09:00:00.000Z,8741,Península
322567.0,2025-07-19T12:00:00.000+02:00,2025-07-19T10:00:00Z,2025-07-19T10:00:00.000Z,8741,Península
326081.0,2025-07-19T13:00:00.000+02:00,2025-07-19T11:00:00Z,2025-07-19T11:00:00.000Z,8741,Península
326106.0,2025-07-19T14:00:00.000+02:00,2025-07-19T12:00:00Z,2025-07-19T12:00:00.000Z,8741,Península
325385.0,2025-07-19T15:00:00.000+02:00,2025-07-19T13:00:00Z,2025-07-19T13:00:00.000Z,8741,Península
325155.0,2025-07-19T16:00:00.000+02:00,2025-07-19T14:00:00Z,2025-07-19T14:00:00.000Z,8741,Península
330911.0,2025-07-19T17:00:00.000+02:00,2025-07-19T15:00:00Z,2025-07-19T15:00:00.000Z,8741,Península
340396.0,2025-07-19T18:00:00.000+02:00,2025-07-19T16:00:00Z,2025-07-19T16:00:00.000Z,8741,Península
354011.0,2025-07-19T19:00:00.000+02:00,2025-07-19T17:00:00Z,2025-07-19T17:00:00.000Z,8741,Península
361503.0,2025-07-19T20:00:00.000+02:00,2025-07-19T18:00:00Z,2025-07-19T18:00:00.000Z,8741,Península
364865.0,2025-07-19T21:00:00.000+02:00,2025-07-19T19:00:00Z,2025-07-19T19:00:00.000Z,8741,Península
357274.0,2025-07-19T22:00:00.000+02:00,2025-07-19T20:00:00Z,2025-07-19T20:00:00.000Z,8741,Península
333589.0,2025-07-19T23:00:00.000+02:00,2025-07-19T21:00:00Z,2025-07-19T21:00:00.000Z,8741,Península
314390.0,2025-07-20T00:00:00.000+02:00,2025-07-19T22:00:00Z,2025-07-19T22:00:00.000Z,8741,Península
296029.0,2025-07-20T01:00:00.000+02:00,2025-07-19T23:00:00Z,2025-07-19T23:00:00.000Z,8741,Península
281115.0,2025-07-20T02:00:00.000+02:00,2025-07-20T00:00:00Z,2025-07-20T00:00:00.000Z,8741,Península
271239.0,2025-07-20T03:00:00.000+02:00,2025-07-20T01:00:00Z,2025-07-20T01:00:00.000Z,8741,Península
263512.0,2025-07-20T04:00:00.000+02:00,2025-07-20T02:00:00Z,2025-07-20T02:00:00.000Z,8741,Península
261659.0,2025-07-20T05:00:00.000+02:00,2025-07-20T03:00:00Z,2025-07-20T03:00:00.000Z,8741,Península
260572.0,2025-07-20T06:00:00.000+02:00,2025-07-20T04:00:00Z,2025-07-20T04:00:00.000Z,8741,Península
258755.0,2025-07-20T07:00:00.000+02:00,2025-07-20T05:00:00Z,2025-07-20T05:00:00.000Z,8741,Península
261268.0,2025-07-20T08:00:00.000+02:00,2025-07-20T06:00:00Z,2025-07-20T06:00:00.000Z,8741,Península
270833.0,2025-07-20T09:00:00.000+02:00,2025-07-20T07:00:00Z,2025-07-20T07:00:00.000Z,8741,Península
278116.0,2025-07-20T10:00:00.000+02:00,2025-07-20T08:00:00Z,2025-07-20T08:00:00.000Z,8741,Península
281556.0,2025-07-20T11:00:00.000+02:00,2025-07-20T09:00:00Z,2025-07-20T09:00:00.000Z,8741,Península
284914.0,2025-07-20T12:00:00.000+02:00,2025-07-20T10:00:00Z,2025-07-20T10:00:00.000Z,8741,Península
300480.0,2025-07-20T13:00:00.000+02:00,2025-07-20T11:00:00Z,2025-07-20T11:00:00.000Z,8741,Península
306833.0,2025-07-20T14:00:00.000+02:00,2025-07-20T12:00:00Z,2025-07-20T12:00:00.000Z,8741,Península
301183.0,2025-07-20T15:00:00.000+02:00,2025-07-20T13:00:00Z,2025-07-20T13:00:00.000Z,8741,Península
300341.0,2025-07-20T16:00:00.000+02:00,2025-07-20T14:00:00Z,2025-07-20T14:00:00.000Z,8741,Península
304865.0,2025-07-20T17:00:00.000+02:00,2025-07-20T15:00:00Z,2025-07-20T15:00:00.000Z,8741,Península
319571.0,2025-07-20T18:00:00.000+02:00,2025-07-20T16:00:00Z,2025-07-20T16:00:00.000Z,8741,Península
335192.0,2025-07-20T19:00:00.000+02:00,2025-07-20T17:00:00Z,2025-07-20T17:00:00.000Z,8741,Península
347703.0,2025-07-20T20:00:00.000+02:00,2025-07-20T18:00:00Z,2025-07-20T18:00:00.000Z,8741,Península
356562.0,2025-07-20T21:00:00.000+02:00,2025-07-20T19:00:00Z,2025-07-20T19:00:00.000Z,8741,Península
361936.0,2025-07-20T22:00:00.000+02:00,2025-07-20T20:00:00Z,2025-07-20T20:00:00.000Z,8741,Península
340443.0,2025-07-20T23:00:00.000+02:00,2025-07-20T21:00:00Z,2025-07-20T21:00:00.000Z,8741,Península
317679.0,2025-07-21T00:00:00.000+02:00,2025-07-20T22:00:00Z,2025-07-20T22:00:00.000Z,8741,Península
297231.0,2025-07-21T01:00:00.000+02:00,2025-07-20T23:00:00Z,2025-07-20T23:00:00.000Z,8741,Península
283983.0,2025-07-21T02:00:00.000+02:00,2025-07-21T00:00:00Z,2025-07-21T00:00:00.000Z,8741,Península
274975.0,2025-07-21T03:00:00.000+02:00,2025-07-21T01:00:00Z,2025-07-21T01:00:00.000Z,8741,Península
273601.0,2025-07-21T04:00:00.000+02:00,2025-07-21T02:00:00Z,2025-07-21T02:00:00.000Z,8741,Península
280524.0,2025-07-21T05:00:00.000+02:00,2025-07-21T03:00:00Z,2025-07-21T03:00:00.000Z,8741,Península
310132.0,2025-07-21T06:00:00.000+02:00,2025-07-21T04:00:00Z,2025-07-21T04:00:00.000Z,8741,Península
337972.0,2025-07-21T07:00:00.000+02:00,2025-07-21T05:00:00Z,2025-07-21T05:00:00.000Z,8741,Península
354097.0,2025-07-21T08:00:00.000+02:00,2025-07-21T06:00:00Z,2025-07-21T06:00:00.000Z,8741,Península
363971.0,2025-07-21T09:00:00.000+02:00,2025-07-21T07:00:00Z,2025-07-21T07:00:00.000Z,8741,Península
367042.0,2025-07-21T10:00:00.000+02:00,2025-07-21T08:00:00Z,2025-07-21T08:00:00.000Z,8741,Península
366739.0,2025-07-21T11:00:00.000+02:00,2025-07-21T09:00:00Z,2025-07-21T09:00:00.000Z,8741,Península
371825.0,2025-07-21T12:00:00.000+02:00,2025-07-21T10:00:00Z,2025-07-21T10:00:00.000Z,8741,Península
376155.0,2025-07-21T13:00:00.000+02:00,2025-07-21T11:00:00Z,2025-07-21T11:00:00.000Z,8741,Península
376673.0,2025-07-21T14:00:00.000+02:00,2025-07-21T12:00:00Z,2025-07-21T12:00:00.000Z,8741,Península
371186.0,2025-07-21T15:00:00.000+02:00,2025-07-21T13:00:00Z,2025-07-21T13:00:00.000Z,8741,Península
366579.0,2025-07-21T16:00:00.000+02:00,2025-07-21T14:00:00Z,2025-07-21T14:00:00.000Z,8741,Península
371988.0,2025-07-21T17:00:00.000+02:00,2025-07-21T15:00:00Z,2025-07-21T15:00:00.000Z,8741,Península
380543.0,2025-07-21T18:00:00.000+02:00,2025-07-21T16:00:00Z,2025-07-21T16:00:00.000Z,8741,Península
392625.0,2025-07-21T19:00:00.000+02:00,2025-07-21T17:00:00Z,2025-07-21T17:00:00.000Z,8741,Península
398755.0,2025-07-21T20:00:00.000+02:00,2025-07-21T18:00:00Z,2025-07-21T18:00:00.000Z,8741,Península
399214.0,2025-07-21T21:00:00.000+02:00,2025-07-21T19:00:00Z,2025-07-21T19:00:00.000Z,8741,Península
385766.0,2025-07-21T22:00:00.000+02:00,2025-07-21T20:00:00Z,2025-07-21T20:00:00.000Z,8741,Península
356152.0,2025-07-21T23:00:00.000+02:00,2025-07-21T21:00:00Z,2025-07-21T21:00:00.000Z,8741,Península
336898.0,2025-07-22T00:00:00.000+02:00,2025-07-21T22:00:00Z,2025-07-21T22:00:00.000Z,8741,Península
318854.0,2025-07-22T01:00:00.000+02:00,2025-07-21T23:00:00Z,2025-07-21T23:00:00.000Z,8741,Península
304930.0,2025-07-22T02:00:00.000+02:00,2025-07-22T00:00:00Z,2025-07-22T00:00:00.000Z,8741,Península
297036.0,2025-07-22T03:00:00.000+02:00,2025-07-22T01:00:00Z,2025-07-22T01:00:00.000Z,8741,Península
293666.0,2025-07-22T04:00:00.000+02:00,2025-07-22T02:00:00Z,2025-07-22T02:00:00.000Z,8741,Península
297589.0,2025-07-22T05:00:00.000+02:00,2025-07-22T03:00:00Z,2025-07-22T03:00:00.000Z,8741,Península
321783.0,2025-07-22T06:00:00.000+02:00,2025-07-22T04:00:00Z,2025-07-22T04:00:00.000Z,8741,Península
345833.0,2025-07-22T07:00:00.000+02:00,2025-07-22T05:00:00Z,2025-07-22T05:00:00.000Z,8741,Península
359707.0,2025-07-22T08:00:00.000+02:00,2025-07-22T06:00:00Z,2025-07-22T06:00:00.000Z,8741,Península
365848.0,2025-07-22T09:00:00.000+02:00,2025-07-22T07:00:00Z,2025-07-22T07:00:00.000Z,8741,Península
368090.0,2025-07-22T10:00:00.000+02:00,2025-07-22T08:00:00Z,2025-07-22T08:00:00.000Z,8741,Península
369115.0,2025-07-22T11:00:00.000+02:00,2025-07-22T09:00:00Z,2025-07-22T09:00:00.000Z,8741,Península
373000.0,2025-07-22T12:00:00.000+02:00,2025-07-22T10:00:00Z,2025-07-22T10:00:00.000Z,8741,Península
381104.0,2025-07-22T13:00:00.000+02:00,2025-07-22T11:00:00Z,2025-07-22T11:00:00.000Z,8741,Península
383403.0,2025-07-22T14:00:00.000+02:00,2025-07-22T12:00:00Z,2025-07-22T12:00:00.000Z,8741,Península
378659.0,2025-07-22T15:00:00.000+02:00,2025-07-22T13:00:00Z,2025-07-22T13:00:00.000Z,8741,Península
375843.0,2025-07-22T16:00:00.000+02:00,2025-07-22T14:00:00Z,2025-07-22T14:00:00.000Z,8741,Península
383305.0,2025-07-22T17:00:00.000+02:00,2025-07-22T15:00:00Z,2025-07-22T15:00:00.000Z,8741,Península
389416.0,2025-07-22T18:00:00.000+02:00,2025-07-22T16:00:00Z,2025-07-22T16:00:00.000Z,8741,Península
395108.0,2025-07-22T19:00:00.000+02:00,2025-07-22T17:00:00Z,2025-07-22T17:00:00.000Z,8741,Península
396638.0,2025-07-22T20:00:00.000+02:00,2025-07-22T18:00:00Z,2025-07-22T18:00:00.000Z,8741,Península
399850.0,2025-07-22T21:00:00.000+02:00,2025-07-22T19:00:00Z,2025-07-22T19:00:00.000Z,8741,Península
390975.0,2025-07-22T22:00:00.000+02:00,2025-07-22T20:00:00Z,2025-07-22T20:00:00.000Z,8741,Península
361653.0,2025-07-22T23:00:00.000+02:00,2025-07-22T21:00:00Z,2025-07-22T21:00:00.000Z,8741,Península
344449.0,2025-07-23T00:00:00.000+02:00,2025-07-22T22:00:00Z,2025-07-22T22:00:00.000Z,8741,Península
326104.0,2025-07-23T01:00:00.000+02:00,2025-07-22T23:00:00Z,2025-07-22T23:00:00.000Z,8741,Península
312537.0,2025-07-23T02:00:00.000+02:00,2025-07-23T00:00:00Z,2025-07-23T00:00:00.000Z,8741,Península
303798.0,2025-07-23T03:00:00.000+02:00,2025-07-23T01:00:00Z,2025-07-23T01:00:00.000Z,8741,Península
299164.0,2025-07-23T04:00:00.000+02:00,2025-07-23T02:00:00Z,2025-07-23T02:00:00.000Z,8741,Península
304246.0,2025-07-23T05:00:00.000+02:00,2025-07-23T03:00:00Z,2025-07-23T03:00:00.000Z,8741,Península
329276.0,2025-07-23T06:00:00.000+02:00,2025-07-23T04:00:00Z,2025-07-23T04:00:00.000Z,8741,Península
355484.0,2025-07-23T07:00:00.000+02:00,2025-07-23T05:00:00Z,2025-07-23T05:00:00.000Z,8741,Península
371814.0,2025-07-23T08:00:00.000+02:00,2025-07-23T06:00:00Z,2025-07-23T06:00:00.000Z,8741,Península
383437.0,2025-07-23T09:00:00.000+02:00,2025-07-23T07:00:00Z,2025-07-23T07:00:00.000Z,8741,Península
390081.0,2025-07-23T10:00:00.000+02:00,2025-07-23T08:00:00Z,2025-07-23T08:00:00.000Z,8741,Península
391414.0,2025-07-23T11:00:00.000+02:00,2025-07-23T09:00:00Z,2025-07-23T09:00:00.000Z,8741,Península
396490.0,2025-07-23T12:00:00.000+02:00,2025-07-23T10:00:00Z,2025-07-23T10:00:00.000Z,8741,Península
400113.0,2025-07-23T13:00:00.000+02:00,2025-07-23T11:00:00Z,2025-07-23T11:00:00.000Z,8741,Península
403638.0,2025-07-23T14:00:00.000+02:00,2025-07-23T12:00:00Z,2025-07-23T12:00:00.000Z,8741,Península
393951.0,2025-07-23T15:00:00.000+02:00,2025-07-23T13:00:00Z,2025-07-23T13:00:00.000Z,8741,Península
389959.0,2025-07-23T16:00:00.000+02:00,2025-07-23T14:00:00Z,2025-07-23T14:00:00.000Z,8741,Península
388258.0,2025-07-23T17:00:00.000+02:00,2025-07-23T15:00:00Z,2025-07-23T15:00:00.000Z,8741,Península
386878.0,2025-07-23T18:00:00.000+02:00,2025-07-23T16:00:00Z,2025-07-23T16:00:00.000Z,8741,Península
390875.0,2025-07-23T19:00:00.000+02:00,2025-07-23T17:00:00Z,2025-07-23T17:00:00.000Z,8741,Península
393187.0,2025-07-23T20:00:00.000+02:00,2025-07-23T18:00:00Z,2025-07-23T18:00:00.000Z,8741,Península
394722.0,2025-07-23T21:00:00.000+02:00,2025-07-23T19:00:00Z,2025-07-23T19:00:00.000Z,8741,Península
381513.0,2025-07-23T22:00:00.000+02:00,2025-07-23T20:00:00Z,2025-07-23T20:00:00.000Z,8741,Península
354587.0,2025-07-23T23:00:00.000+02:00,2025-07-23T21:00:00Z,2025-07-23T21:00:00.000Z,8741,Península
334902.0,2025-07-24T00:00:00.000+02:00,2025-07-23T22:00:00Z,2025-07-23T22:00:00.000Z,8741,Península
316401.0,2025-07-24T01:00:00.000+02:00,2025-07-23T23:00:00Z,2025-07-23T23:00:00.000Z,8741,Península
302183.0,2025-07-24T02:00:00.000+02:00,2025-07-24T00:00:00Z,2025-07-24T00:00:00.000Z,8741,Península
294598.0,2025-07-24T03:00:00.000+02:00,2025-07-24T01:00:00Z,2025-07-24T01:00:00.000Z,8741,Península
290358.0,2025-07-24T04:00:00.000+02:00,2025-07-24T02:00:00Z,2025-07-24T02:00:00.000Z,8741,Península
294704.0,2025-07-24T05:00:00.000+02:00,2025-07-24T03:00:00Z,2025-07-24T03:00:00.000Z,8741,Península
319041.0,2025-07-24T06:00:00.000+02:00,2025-07-24T04:00:00Z,2025-07-24T04:00:00.000Z,8741,Península
344026.0,2025-07-24T07:00:00.000+02:00,2025-07-24T05:00:00Z,2025-07-24T05:00:00.000Z,8741,Península
356307.0,2025-07-24T08:00:00.000+02:00,2025-07-24T06:00:00Z,2025-07-24T06:00:00.000Z,8741,Península
364679.0,2025-07-24T09:00:00.000+02:00,2025-07-24T07:00:00Z,2025-07-24T07:00:00.000Z,8741,Península
365350.0,2025-07-24T10:00:00.000+02:00,2025-07-24T08:00:00Z,2025-07-24T08:00:00.000Z,8741,Península
365130.0,2025-07-24T11:00:00.000+02:00,2025-07-24T09:00:00Z,2025-07-24T09:00:00.000Z,8741,Península
366855.0,2025-07-24T12:00:00.000+02:00,2025-07-24T10:00:00Z,2025-07-24T10:00:00.000Z,8741,Península
369578.0,2025-07-24T13:00:00.000+02:00,2025-07-24T11:00:00Z,2025-07-24T11:00:00.000Z,8741,Península
366451.0,2025-07-24T14:00:00.000+02:00,2025-07-24T12:00:00Z,2025-07-24T12:00:00.000Z,8741,Península
356807.0,2025-07-24T15:00:00.000+02:00,2025-07-24T13:00:00Z,2025-07-24T13:00:00.000Z,8741,Península
352158.0,2025-07-24T16:00:00.000+02:00,2025-07-24T14:00:00Z,2025-07-24T14:00:00.000Z,8741,Península
355079.0,2025-07-24T17:00:00.000+02:00,2025-07-24T15:00:00Z,2025-07-24T15:00:00.000Z,8741,Península
359704.0,2025-07-24T18:00:00.000+02:00,2025-07-24T16:00:00Z,2025-07-24T16:00:00.000Z,8741,Península
365080.0,2025-07-24T19:00:00.000+02:00,2025-07-24T17:00:00Z,2025-07-24T17:00:00.000Z,8741,Península
368291.0,2025-07-24T20:00:00.000+02:00,2025-07-24T18:00:00Z,2025-07-24T18:00:00.000Z,8741,Península
369346.0,2025-07-24T21:00:00.000+02:00,2025-07-24T19:00:00Z,2025-07-24T19:00:00.000Z,8741,Península
357733.0,2025-07-24T22:00:00.000+02:00,2025-07-24T20:00:00Z,2025-07-24T20:00:00.000Z,8741,Península
333797.0,2025-07-24T23:00:00.000+02:00,2025-07-24T21:00:00Z,2025-07-24T21:00:00.000Z,8741,Península
316758.0,2025-07-25T00:00:00.000+02:00,2025-07-24T22:00:00Z,2025-07-24T22:00:00.000Z,8741,Península
301544.0,2025-07-25T01:00:00.000+02:00,2025-07-24T23:00:00Z,2025-07-24T23:00:00.000Z,8741,Península
287070.0,2025-07-25T02:00:00.000+02:00,2025-07-25T00:00:00Z,2025-07-25T00:00:00.000Z,8741,Península
278900.0,2025-07-25T03:00:00.000+02:00,2025-07-25T01:00:00Z,2025-07-25T01:00:00.000Z,8741,Península
275701.0,2025-07-25T04:00:00.000+02:00,2025-07-25T02:00:00Z,2025-07-25T02:00:00.000Z,8741,Península
276069.0,2025-07-25T05:00:00.000+02:00,2025-07-25T03:00:00Z,2025-07-25T03:00:00.000Z,8741,Península
295786.0,2025-07-25T06:00:00.000+02:00,2025-07-25T04:00:00Z,2025-07-25T04:00:00.000Z,8741,Península
312290.0,2025-07-25T07:00:00.000+02:00,2025-07-25T05:00:00Z,2025-07-25T05:00:00.000Z,8741,Península
321655.0,2025-07-25T08:00:00.000+02:00,2025-07-25T06:00:00Z,2025-07-25T06:00:00.000Z,8741,Península
325243.0,2025-07-25T09:00:00.000+02:00,2025-07-25T07:00:00Z,2025-07-25T07:00:00.000Z,8741,Península
327008.0,2025-07-25T10:00:00.000+02:00,2025-07-25T08:00:00Z,2025-07-25T08:00:00.000Z,8741,Península
327891.0,2025-07-25T11:00:00.000+02:00,2025-07-25T09:00:00Z,2025-07-25T09:00:00.000Z,8741,Península
327866.0,2025-07-25T12:00:00.000+02:00,2025-07-25T10:00:00Z,2025-07-25T10:00:00.000Z,8741,Península
332515.0,2025-07-25T13:00:00.000+02:00,2025-07-25T11:00:00Z,2025-07-25T11:00:00.000Z,8741,Península
333330.0,2025-07-25T14:00:00.000+02:00,2025-07-25T12:00:00Z,2025-07-25T12:00:00.000Z,8741,Península
323076.0,2025-07-25T15:00:00.000+02:00,2025-07-25T13:00:00Z,2025-07-25T13:00:00.000Z,8741,Península
319655.0,2025-07-25T16:00:00.000+02:00,2025-07-25T14:00:00Z,2025-07-25T14:00:00.000Z,8741,Península
325523.0,2025-07-25T17:00:00.000+02:00,2025-07-25T15:00:00Z,2025-07-25T15:00:00.000Z,8741,Península
333209.0,2025-07-25T18:00:00.000+02:00,2025-07-25T16:00:00Z,2025-07-25T16:00:00.000Z,8741,Península
344059.0,2025-07-25T19:00:00.000+02:00,2025-07-25T17:00:00Z,2025-07-25T17:00:00.000Z,8741,Península
349631.0,2025-07-25T20:00:00.000+02:00,2025-07-25T18:00:00Z,2025-07-25T18:00:00.000Z,8741,Península
349618.0,2025-07-25T21:00:00.000+02:00,2025-07-25T19:00:00Z,2025-07-25T19:00:00.000Z,8741,Península
338677.0,2025-07-25T22:00:00.000+02:00,2025-07-25T20:00:00Z,2025-07-25T20:00:00.000Z,8741,Península
314120.0,2025-07-25T23:00:00.000+02:00,2025-07-25T21:00:00Z,2025-07-25T21:00:00.000Z,8741,Península
304064.0,2025-07-26T00:00:00.000+02:00,2025-07-25T22:00:00Z,2025-07-25T22:00:00.000Z,8741,Península
287061.0,2025-07-26T01:00:00.000+02:00,2025-07-25T23:00:00Z,2025-07-25T23:00:00.000Z,8741,Península
274468.0,2025-07-26T02:00:00.000+02:00,2025-07-26T00:00:00Z,2025-07-26T00:00:00.000Z,8741,Península
266061.0,2025-07-26T03:00:00.000+02:00,2025-07-26T01:00:00Z,2025-07-26T01:00:00.000Z,8741,Península
260977.0,2025-07-26T04:00:00.000+02:00,2025-07-26T02:00:00Z,2025-07-26T02:00:00.000Z,8741,Península
258135.0,2025-07-26T05:00:00.000+02:00,2025-07-26T03:00:00Z,2025-07-26T03:00:00.000Z,8741,Península
265779.0,2025-07-26T06:00:00.000+02:00,2025-07-26T04:00:00Z,2025-07-26T04:00:00.000Z,8741,Península
270330.0,2025-07-26T07:00:00.000+02:00,2025-07-26T05:00:00Z,2025-07-26T05:00:00.000Z,8741,Península
278409.0,2025-07-26T08:00:00.000+02:00,2025-07-26T06:00:00Z,2025-07-26T06:00:00.000Z,8741,Península
285128.0,2025-07-26T09:00:00.000+02:00,2025-07-26T07:00:00Z,2025-07-26T07:00:00.000Z,8741,Península
292421.0,2025-07-26T10:00:00.000+02:00,2025-07-26T08:00:00Z,2025-07-26T08:00:00.000Z,8741,Península
291985.0,2025-07-26T11:00:00.000+02:00,2025-07-26T09:00:00Z,2025-07-26T09:00:00.000Z,8741,Península
293284.0,2025-07-26T12:00:00.000+02:00,2025-07-26T10:00:00Z,2025-07-26T10:00:00.000Z,8741,Península
299010.0,2025-07-26T13:00:00.000+02:00,2025-07-26T11:00:00Z,2025-07-26T11:00:00.000Z,8741,Península
300066.0,2025-07-26T14:00:00.000+02:00,2025-07-26T12:00:00Z,2025-07-26T12:00:00.000Z,8741,Península
292883.0,2025-07-26T15:00:00.000+02:00,2025-07-26T13:00:00Z,2025-07-26T13:00:00.000Z,8741,Península
289710.0,2025-07-26T16:00:00.000+02:00,2025-07-26T14:00:00Z,2025-07-26T14:00:00.000Z,8741,Península
296599.0,2025-07-26T17:00:00.000+02:00,2025-07-26T15:00:00Z,2025-07-26T15:00:00.000Z,8741,Península
309768.0,2025-07-26T18:00:00.000+02:00,2025-07-26T16:00:00Z,2025-07-26T16:00:00.000Z,8741,Península
326869.0,2025-07-26T19:00:00.000+02:00,2025-07-26T17:00:00Z,2025-07-26T17:00:00.000Z,8741,Península
335830.0,2025-07-26T20:00:00.000+02:00,2025-07-26T18:00:00Z,2025-07-26T18:00:00.000Z,8741,Península
341185.0,2025-07-26T21:00:00.000+02:00,2025-07-26T19:00:00Z,2025-07-26T19:00:00.000Z,8741,Península
333417.0,2025-07-26T22:00:00.000+02:00,2025-07-26T20:00:00Z,2025-07-26T20:00:00.000Z,8741,Península
312742.0,2025-07-26T23:00:00.000+02:00,2025-07-26T21:00:00Z,2025-07-26T21:00:00.000Z,8741,Península
294656.0,2025-07-27T00:00:00.000+02:00,2025-07-26T22:00:00Z,2025-07-26T22:00:00.000Z,8741,Península
278078.0,2025-07-27T01:00:00.000+02:00,2025-07-26T23:00:00Z,2025-07-26T23:00:00.000Z,8741,Península
264125.0,2025-07-27T02:00:00.000+02:00,2025-07-27T00:00:00Z,2025-07-27T00:00:00.000Z,8741,Península
256621.0,2025-07-27T03:00:00.000+02:00,2025-07-27T01:00:00Z,2025-07-27T01:00:00.000Z,8741,Península
251039.0,2025-07-27T04:00:00.000+02:00,2025-07-27T02:00:00Z,2025-07-27T02:00:00.000Z,8741,Península
249706.0,2025-07-27T05:00:00.000+02:00,2025-07-27T03:00:00Z,2025-07-27T03:00:00.000Z,8741,Península
252478.0,2025-07-27T06:00:00.000+02:00,2025-07-27T04:00:00Z,2025-07-27T04:00:00.000Z,8741,Península
250895.0,2025-07-27T07:00:00.000+02:00,2025-07-27T05:00:00Z,2025-07-27T05:00:00.000Z,8741,Península
251583.0,2025-07-27T08:00:00.000+02:00,2025-07-27T06:00:00Z,2025-07-27T06:00:00.000Z,8741,Península
257278.0,2025-07-27T09:00:00.000+02:00,2025-07-27T07:00:00Z,2025-07-27T07:00:00.000Z,8741,Península
263918.0,2025-07-27T10:00:00.000+02:00,2025-07-27T08:00:00Z,2025-07-27T08:00:00.000Z,8741,Península
267636.0,2025-07-27T11:00:00.000+02:00,2025-07-27T09:00:00Z,2025-07-27T09:00:00.000Z,8741,Península
273846.0,2025-07-27T12:00:00.000+02:00,2025-07-27T10:00:00Z,2025-07-27T10:00:00.000Z,8741,Península
283915.0,2025-07-27T13:00:00.000+02:00,2025-07-27T11:00:00Z,2025-07-27T11:00:00.000Z,8741,Península
289869.0,2025-07-27T14:00:00.000+02:00,2025-07-27T12:00:00Z,2025-07-27T12:00:00.000Z,8741,Península
283094.0,2025-07-27T15:00:00.000+02:00,2025-07-27T13:00:00Z,2025-07-27T13:00:00.000Z,8741,Península
281728.0,2025-07-27T16:00:00.000+02:00,2025-07-27T14:00:00Z,2025-07-27T14:00:00.000Z,8741,Península
288676.0,2025-07-27T17:00:00.000+02:00,2025-07-27T15:00:00Z,2025-07-27T15:00:00.000Z,8741,Península
303422.0,2025-07-27T18:00:00.000+02:00,2025-07-27T16:00:00Z,2025-07-27T16:00:00.000Z,8741,Península
320285.0,2025-07-27T19:00:00.000+02:00,2025-07-27T17:00:00Z,2025-07-27T17:00:00.000Z,8741,Península
334730.0,2025-07-27T20:00:00.000+02:00,2025-07-27T18:00:00Z,2025-07-27T18:00:00.000Z,8741,Península
348036.0,2025-07-27T21:00:00.000+02:00,2025-07-27T19:00:00Z,2025-07-27T19:00:00.000Z,8741,Península
348973.0,2025-07-27T22:00:00.000+02:00,2025-07-27T20:00:00Z,2025-07-27T20:00:00.000Z,8741,Península
327545.0,2025-07-27T23:00:00.000+02:00,2025-07-27T21:00:00Z,2025-07-27T21:00:00.000Z,8741,Península
305518.0,2025-07-28T00:00:00.000+02:00,2025-07-27T22:00:00Z,2025-07-27T22:00:00.000Z,8741,Península
287780.0,2025-07-28T01:00:00.000+02:00,2025-07-27T23:00:00Z,2025-07-27T23:00:00.000Z,8741,Península
273944.0,2025-07-28T02:00:00.000+02:00,2025-07-28T00:00:00Z,2025-07-28T00:00:00.000Z,8741,Península
265912.0,2025-07-28T03:00:00.000+02:00,2025-07-28T01:00:00Z,2025-07-28T01:00:00.000Z,8741,Península
265245.0,2025-07-28T04:00:00.000+02:00,2025-07-28T02:00:00Z,2025-07-28T02:00:00.000Z,8741,Península
268934.0,2025-07-28T05:00:00.000+02:00,2025-07-28T03:00:00Z,2025-07-28T03:00:00.000Z,8741,Península
298064.0,2025-07-28T06:00:00.000+02:00,2025-07-28T04:00:00Z,2025-07-28T04:00:00.000Z,8741,Península
325993.0,2025-07-28T07:00:00.000+02:00,2025-07-28T05:00:00Z,2025-07-28T05:00:00.000Z,8741,Península
344165.0,2025-07-28T08:00:00.000+02:00,2025-07-28T06:00:00Z,2025-07-28T06:00:00.000Z,8741,Península
352307.0,2025-07-28T09:00:00.000+02:00,2025-07-28T07:00:00Z,2025-07-28T07:00:00.000Z,8741,Península
354718.0,2025-07-28T10:00:00.000+02:00,2025-07-28T08:00:00Z,2025-07-28T08:00:00.000Z,8741,Península
356387.0,2025-07-28T11:00:00.000+02:00,2025-07-28T09:00:00Z,2025-07-28T09:00:00.000Z,8741,Península
360496.0,2025-07-28T12:00:00.000+02:00,2025-07-28T10:00:00Z,2025-07-28T10:00:00.000Z,8741,Península
367486.0,2025-07-28T13:00:00.000+02:00,2025-07-28T11:00:00Z,2025-07-28T11:00:00.000Z,8741,Península
368330.0,2025-07-28T14:00:00.000+02:00,2025-07-28T12:00:00Z,2025-07-28T12:00:00.000Z,8741,Península
360882.0,2025-07-28T15:00:00.000+02:00,2025-07-28T13:00:00Z,2025-07-28T13:00:00.000Z,8741,Península
357727.0,2025-07-28T16:00:00.000+02:00,2025-07-28T14:00:00Z,2025-07-28T14:00:00.000Z,8741,Península
364803.0,2025-07-28T17:00:00.000+02:00,2025-07-28T15:00:00Z,2025-07-28T15:00:00.000Z,8741,Península
370544.0,2025-07-28T18:00:00.000+02:00,2025-07-28T16:00:00Z,2025-07-28T16:00:00.000Z,8741,Península
379272.0,2025-07-28T19:00:00.000+02:00,2025-07-28T17:00:00Z,2025-07-28T17:00:00.000Z,8741,Península
384533.0,2025-07-28T20:00:00.000+02:00,2025-07-28T18:00:00Z,2025-07-28T18:00:00.000Z,8741,Península
387104.0,2025-07-28T21:00:00.000+02:00,2025-07-28T19:00:00Z,2025-07-28T19:00:00.000Z,8741,Península
374121.0,2025-07-28T22:00:00.000+02:00,2025-07-28T20:00:00Z,2025-07-28T20:00:00.000Z,8741,Península
342515.0,2025-07-28T23:00:00.000+02:00,2025-07-28T21:00:00Z,2025-07-28T21:00:00.000Z,8741,Península
323412.0,2025-07-29T00:00:00.000+02:00,2025-07-28T22:00:00Z,2025-07-28T22:00:00.000Z,8741,Península
305568.0,2025-07-29T01:00:00.000+02:00,2025-07-28T23:00:00Z,2025-07-28T23:00:00.000Z,8741,Península
292023.0,2025-07-29T02:00:00.000+02:00,2025-07-29T00:00:00Z,2025-07-29T00:00:00.000Z,8741,Península
284678.0,2025-07-29T03:00:00.000+02:00,2025-07-29T01:00:00Z,2025-07-29T01:00:00.000Z,8741,Península
281264.0,2025-07-29T04:00:00.000+02:00,2025-07-29T02:00:00Z,2025-07-29T02:00:00.000Z,8741,Península
284636.0,2025-07-29T05:00:00.000+02:00,2025-07-29T03:00:00Z,2025-07-29T03:00:00.000Z,8741,Península
310244.0,2025-07-29T06:00:00.000+02:00,2025-07-29T04:00:00Z,2025-07-29T04:00:00.000Z,8741,Península
333969.0,2025-07-29T07:00:00.000+02:00,2025-07-29T05:00:00Z,2025-07-29T05:00:00.000Z,8741,Península
346440.0,2025-07-29T08:00:00.000+02:00,2025-07-29T06:00:00Z,2025-07-29T06:00:00.000Z,8741,Península
352492.0,2025-07-29T09:00:00.000+02:00,2025-07-29T07:00:00Z,2025-07-29T07:00:00.000Z,8741,Península
353876.0,2025-07-29T10:00:00.000+02:00,2025-07-29T08:00:00Z,2025-07-29T08:00:00.000Z,8741,Península
351764.0,2025-07-29T11:00:00.000+02:00,2025-07-29T09:00:00Z,2025-07-29T09:00:00.000Z,8741,Península
351332.0,2025-07-29T12:00:00.000+02:00,2025-07-29T10:00:00Z,2025-07-29T10:00:00.000Z,8741,Península
355234.0,2025-07-29T13:00:00.000+02:00,2025-07-29T11:00:00Z,2025-07-29T11:00:00.000Z,8741,Península
352719.0,2025-07-29T14:00:00.000+02:00,2025-07-29T12:00:00Z,2025-07-29T12:00:00.000Z,8741,Península
342966.0,2025-07-29T15:00:00.000+02:00,2025-07-29T13:00:00Z,2025-07-29T13:00:00.000Z,8741,Península
342572.0,2025-07-29T16:00:00.000+02:00,2025-07-29T14:00:00Z,2025-07-29T14:00:00.000Z,8741,Península
350619.0,2025-07-29T17:00:00.000+02:00,2025-07-29T15:00:00Z,2025-07-29T15:00:00.000Z,8741,Península
359920.0,2025-07-29T18:00:00.000+02:00,2025-07-29T16:00:00Z,2025-07-29T16:00:00.000Z,8741,Península
372350.0,2025-07-29T19:00:00.000+02:00,2025-07-29T17:00:00Z,2025-07-29T17:00:00.000Z,8741,Península
378712.0,2025-07-29T20:00:00.000+02:00,2025-07-29T18:00:00Z,2025-07-29T18:00:00.000Z,8741,Península
381746.0,2025-07-29T21:00:00.000+02:00,2025-07-29T19:00:00Z,2025-07-29T19:00:00.000Z,8741,Península
367237.0,2025-07-29T22:00:00.000+02:00,2025-07-29T20:00:00Z,2025-07-29T20:00:00.000Z,8741,Península
339608.0,2025-07-29T23:00:00.000+02:00,2025-07-29T21:00:00Z,2025-07-29T21:00:00.000Z,8741,Península
322407.0,2025-07-30T00:00:00.000+02:00,2025-07-29T22:00:00Z,2025-07-29T22:00:00.000Z,8741,Península
304836.0,2025-07-30T01:00:00.000+02:00,2025-07-29T23:00:00Z,2025-07-29T23:00:00.000Z,8741,Península
292211.0,2025-07-30T02:00:00.000+02:00,2025-07-30T00:00:00Z,2025-07-30T00:00:00.000Z,8741,Península
284295.0,2025-07-30T03:00:00.000+02:00,2025-07-30T01:00:00Z,2025-07-30T01:00:00.000Z,8741,Península
279708.0,2025-07-30T04:00:00.000+02:00,2025-07-30T02:00:00Z,2025-07-30T02:00:00.000Z,8741,Península
284005.0,2025-07-30T05:00:00.000+02:00,2025-07-30T03:00:00Z,2025-07-30T03:00:00.000Z,8741,Península
309170.0,2025-07-30T06:00:00.000+02:00,2025-07-30T04:00:00Z,2025-07-30T04:00:00.000Z,8741,Península
333196.0,2025-07-30T07:00:00.000+02:00,2025-07-30T05:00:00Z,2025-07-30T05:00:00.000Z,8741,Península
347957.0,2025-07-30T08:00:00.000+02:00,2025-07-30T06:00:00Z,2025-07-30T06:00:00.000Z,8741,Península
355064.0,2025-07-30T09:00:00.000+02:00,2025-07-30T07:00:00Z,2025-07-30T07:00:00.000Z,8741,Península
355407.0,2025-07-30T10:00:00.000+02:00,2025-07-30T08:00:00Z,2025-07-30T08:00:00.000Z,8741,Península
356048.0,2025-07-30T11:00:00.000+02:00,2025-07-30T09:00:00Z,2025-07-30T09:00:00.000Z,8741,Península
359863.0,2025-07-30T12:00:00.000+02:00,2025-07-30T10:00:00Z,2025-07-30T10:00:00.000Z,8741,Península
367062.0,2025-07-30T13:00:00.000+02:00,2025-07-30T11:00:00Z,2025-07-30T11:00:00.000Z,8741,Península
367451.0,2025-07-30T14:00:00.000+02:00,2025-07-30T12:00:00Z,2025-07-30T12:00:00.000Z,8741,Península
359726.0,2025-07-30T15:00:00.000+02:00,2025-07-30T13:00:00Z,2025-07-30T13:00:00.000Z,8741,Península
357623.0,2025-07-30T16:00:00.000+02:00,2025-07-30T14:00:00Z,2025-07-30T14:00:00.000Z,8741,Península
361425.0,2025-07-30T17:00:00.000+02:00,2025-07-30T15:00:00Z,2025-07-30T15:00:00.000Z,8741,Península
369284.0,2025-07-30T18:00:00.000+02:00,2025-07-30T16:00:00Z,2025-07-30T16:00:00.000Z,8741,Península
380202.0,2025-07-30T19:00:00.000+02:00,2025-07-30T17:00:00Z,2025-07-30T17:00:00.000Z,8741,Península
383834.0,2025-07-30T20:00:00.000+02:00,2025-07-30T18:00:00Z,2025-07-30T18:00:00.000Z,8741,Península
382765.0,2025-07-30T21:00:00.000+02:00,2025-07-30T19:00:00Z,2025-07-30T19:00:00.000Z,8741,Península
369094.0,2025-07-30T22:00:00.000+02:00,2025-07-30T20:00:00Z,2025-07-30T20:00:00.000Z,8741,Península
341074.0,2025-07-30T23:00:00.000+02:00,2025-07-30T21:00:00Z,2025-07-30T21:00:00.000Z,8741,Península
325569.0,2025-07-31T00:00:00.000+02:00,2025-07-30T22:00:00Z,2025-07-30T22:00:00.000Z,8741,Península
308763.0,2025-07-31T01:00:00.000+02:00,2025-07-30T23:00:00Z,2025-07-30T23:00:00.000Z,8741,Península
293794.0,2025-07-31T02:00:00.000+02:00,2025-07-31T00:00:00Z,2025-07-31T00:00:00.000Z,8741,Península
284965.0,2025-07-31T03:00:00.000+02:00,2025-07-31T01:00:00Z,2025-07-31T01:00:00.000Z,8741,Península
279694.0,2025-07-31T04:00:00.000+02:00,2025-07-31T02:00:00Z,2025-07-31T02:00:00.000Z,8741,Península
283384.0,2025-07-31T05:00:00.000+02:00,2025-07-31T03:00:00Z,2025-07-31T03:00:00.000Z,8741,Península
308973.0,2025-07-31T06:00:00.000+02:00,2025-07-31T04:00:00Z,2025-07-31T04:00:00.000Z,8741,Península
332588.0,2025-07-31T07:00:00.000+02:00,2025-07-31T05:00:00Z,2025-07-31T05:00:00.000Z,8741,Península
344749.0,2025-07-31T08:00:00.000+02:00,2025-07-31T06:00:00Z,2025-07-31T06:00:00.000Z,8741,Península
349530.0,2025-07-31T09:00:00.000+02:00,2025-07-31T07:00:00Z,2025-07-31T07:00:00.000Z,8741,Península
351623.0,2025-07-31T10:00:00.000+02:00,2025-07-31T08:00:00Z,2025-07-31T08:00:00.000Z,8741,Península
352831.0,2025-07-31T11:00:00.000+02:00,2025-07-31T09:00:00Z,2025-07-31T09:00:00.000Z,8741,Península
357147.0,2025-07-31T12:00:00.000+02:00,2025-07-31T10:00:00Z,2025-07-31T10:00:00.000Z,8741,Península
364062.0,2025-07-31T13:00:00.000+02:00,2025-07-31T11:00:00Z,2025-07-31T11:00:00.000Z,8741,Península
366696.0,2025-07-31T14:00:00.000+02:00,2025-07-31T12:00:00Z,2025-07-31T12:00:00.000Z,8741,Península
361122.0,2025-07-31T15:00:00.000+02:00,2025-07-31T13:00:00Z,2025-07-31T13:00:00.000Z,8741,Península
359915.0,2025-07-31T16:00:00.000+02:00,2025-07-31T14:00:00Z,2025-07-31T14:00:00.000Z,8741,Península
366380.0,2025-07-31T17:00:00.000+02:00,2025-07-31T15:00:00Z,2025-07-31T15:00:00.000Z,8741,Península
373386.0,2025-07-31T18:00:00.000+02:00,2025-07-31T16:00:00Z,2025-07-31T16:00:00.000Z,8741,Península
380656.0,2025-07-31T19:00:00.000+02:00,2025-07-31T17:00:00Z,2025-07-31T17:00:00.000Z,8741,Península
385800.0,2025-07-31T20:00:00.000+02:00,2025-07-31T18:00:00Z,2025-07-31T18:00:00.000Z,8741,Península
387828.0,2025-07-31T21:00:00.000+02:00,2025-07-31T19:00:00Z,2025-07-31T19:00:00.000Z,8741,Península
372340.0,2025-07-31T22:00:00.000+02:00,2025-07-31T20:00:00Z,2025-07-31T20:00:00.000Z,8741,Península
342741.0,2025-07-31T23:00:00.000+02:00,2025-07-31T21:00:00Z,2025-07-31T21:00:00.000Z,8741,Península
326107.0,2025-08-01T00:00:00.000+02:00,2025-07-31T22:00:00Z,2025-07-31T22:00:00.000Z,8741,Península
305705.0,2025-08-01T01:00:00.000+02:00,2025-07-31T23:00:00Z,2025-07-31T23:00:00.000Z,8741,Península
291401.0,2025-08-01T02:00:00.000+02:00,2025-08-01T00:00:00Z,2025-08-01T00:00:00.000Z,8741,Península
283492.0,2025-08-01T03:00:00.000+02:00,2025-08-01T01:00:00Z,2025-08-01T01:00:00.000Z,8741,Península
279718.0,2025-08-01T04:00:00.000+02:00,2025-08-01T02:00:00Z,2025-08-01T02:00:00.000Z,8741,Península
283087.0,2025-08-01T05:00:00.000+02:00,2025-08-01T03:00:00Z,2025-08-01T03:00:00.000Z,8741,Península
307563.0,2025-08-01T06:00:00.000+02:00,2025-08-01T04:00:00Z,2025-08-01T04:00:00.000Z,8741,Península
329231.0,2025-08-01T07:00:00.000+02:00,2025-08-01T05:00:00Z,2025-08-01T05:00:00.000Z,8741,Península
342527.0,2025-08-01T08:00:00.000+02:00,2025-08-01T06:00:00Z,2025-08-01T06:00:00.000Z,8741,Península
350433.0,2025-08-01T09:00:00.000+02:00,2025-08-01T07:00:00Z,2025-08-01T07:00:00.000Z,8741,Península
357146.0,2025-08-01T10:00:00.000+02:00,2025-08-01T08:00:00Z,2025-08-01T08:00:00.000Z,8741,Península
359368.0,2025-08-01T11:00:00.000+02:00,2025-08-01T09:00:00Z,2025-08-01T09:00:00.000Z,8741,Península
364291.0,2025-08-01T12:00:00.000+02:00,2025-08-01T10:00:00Z,2025-08-01T10:00:00.000Z,8741,Península
368538.0,2025-08-01T13:00:00.000+02:00,2025-08-01T11:00:00Z,2025-08-01T11:00:00.000Z,8741,Península
367170.0,2025-08-01T14:00:00.000+02:00,2025-08-01T12:00:00Z,2025-08-01T12:00:00.000Z,8741,Península
360247.0,2025-08-01T15:00:00.000+02:00,2025-08-01T13:00:00Z,2025-08-01T13:00:00.000Z,8741,Península
361310.0,2025-08-01T16:00:00.000+02:00,2025-08-01T14:00:00Z,2025-08-01T14:00:00.000Z,8741,Península
365184.0,2025-08-01T17:00:00.000+02:00,2025-08-01T15:00:00Z,2025-08-01T15:00:00.000Z,8741,Península
371372.0,2025-08-01T18:00:00.000+02:00,2025-08-01T16:00:00Z,2025-08-01T16:00:00.000Z,8741,Península
374594.0,2025-08-01T19:00:00.000+02:00,2025-08-01T17:00:00Z,2025-08-01T17:00:00.000Z,8741,Península
375732.0,2025-08-01T20:00:00.000+02:00,2025-08-01T18:00:00Z,2025-08-01T18:00:00.000Z,8741,Península
375615.0,2025-08-01T21:00:00.000+02:00,2025-08-01T19:00:00Z,2025-08-01T19:00:00.000Z,8741,Península
356965.0,2025-08-01T22:00:00.000+02:00,2025-08-01T20:00:00Z,2025-08-01T20:00:00.000Z,8741,Península
328568.0,2025-08-01T23:00:00.000+02:00,2025-08-01T21:00:00Z,2025-08-01T21:00:00.000Z,8741,Península
312828.0,2025-08-02T00:00:00.000+02:00,2025-08-01T22:00:00Z,2025-08-01T22:00:00.000Z,8741,Península
294738.0,2025-08-02T01:00:00.000+02:00,2025-08-01T23:00:00Z,2025-08-01T23:00:00.000Z,8741,Península
279927.0,2025-08-02T02:00:00.000+02:00,2025-08-02T00:00:00Z,2025-08-02T00:00:00.000Z,8741,Península
270264.0,2025-08-02T03:00:00.000+02:00,2025-08-02T01:00:00Z,2025-08-02T01:00:00.000Z,8741,Península
265295.0,2025-08-02T04:00:00.000+02:00,2025-08-02T02:00:00Z,2025-08-02T02:00:00.000Z,8741,Península
263032.0,2025-08-02T05:00:00.000+02:00,2025-08-02T03:00:00Z,2025-08-02T03:00:00.000Z,8741,Península
268801.0,2025-08-02T06:00:00.000+02:00,2025-08-02T04:00:00Z,2025-08-02T04:00:00.000Z,8741,Península
273246.0,2025-08-02T07:00:00.000+02:00,2025-08-02T05:00:00Z,2025-08-02T05:00:00.000Z,8741,Península
281399.0,2025-08-02T08:00:00.000+02:00,2025-08-02T06:00:00Z,2025-08-02T06:00:00.000Z,8741,Península
292356.0,2025-08-02T09:00:00.000+02:00,2025-08-02T07:00:00Z,2025-08-02T07:00:00.000Z,8741,Península
301214.0,2025-08-02T10:00:00.000+02:00,2025-08-02T08:00:00Z,2025-08-02T08:00:00.000Z,8741,Península
303657.0,2025-08-02T11:00:00.000+02:00,2025-08-02T09:00:00Z,2025-08-02T09:00:00.000Z,8741,Península
306723.0,2025-08-02T12:00:00.000+02:00,2025-08-02T10:00:00Z,2025-08-02T10:00:00.000Z,8741,Península
313967.0,2025-08-02T13:00:00.000+02:00,2025-08-02T11:00:00Z,2025-08-02T11:00:00.000Z,8741,Península
317261.0,2025-08-02T14:00:00.000+02:00,2025-08-02T12:00:00Z,2025-08-02T12:00:00.000Z,8741,Península
312777.0,2025-08-02T15:00:00.000+02:00,2025-08-02T13:00:00Z,2025-08-02T13:00:00.000Z,8741,Península
313930.0,2025-08-02T16:00:00.000+02:00,2025-08-02T14:00:00Z,2025-08-02T14:00:00.000Z,8741,Península
319320.0,2025-08-02T17:00:00.000+02:00,2025-08-02T15:00:00Z,2025-08-02T15:00:00.000Z,8741,Península
330007.0,2025-08-02T18:00:00.000+02:00,2025-08-02T16:00:00Z,2025-08-02T16:00:00.000Z,8741,Península
339821.0,2025-08-02T19:00:00.000+02:00,2025-08-02T17:00:00Z,2025-08-02T17:00:00.000Z,8741,Península
347384.0,2025-08-02T20:00:00.000+02:00,2025-08-02T18:00:00Z,2025-08-02T18:00:00.000Z,8741,Península
351989.0,2025-08-02T21:00:00.000+02:00,2025-08-02T19:00:00Z,2025-08-02T19:00:00.000Z,8741,Península
341672.0,2025-08-02T22:00:00.000+02:00,2025-08-02T20:00:00Z,2025-08-02T20:00:00.000Z,8741,Península
318437.0,2025-08-02T23:00:00.000+02:00,2025-08-02T21:00:00Z,2025-08-02T21:00:00.000Z,8741,Península
296964.0,2025-08-03T00:00:00.000+02:00,2025-08-02T22:00:00Z,2025-08-02T22:00:00.000Z,8741,Península
280641.0,2025-08-03T01:00:00.000+02:00,2025-08-02T23:00:00Z,2025-08-02T23:00:00.000Z,8741,Península
267845.0,2025-08-03T02:00:00.000+02:00,2025-08-03T00:00:00Z,2025-08-03T00:00:00.000Z,8741,Península
258051.0,2025-08-03T03:00:00.000+02:00,2025-08-03T01:00:00Z,2025-08-03T01:00:00.000Z,8741,Península
255915.0,2025-08-03T04:00:00.000+02:00,2025-08-03T02:00:00Z,2025-08-03T02:00:00.000Z,8741,Península
253273.0,2025-08-03T05:00:00.000+02:00,2025-08-03T03:00:00Z,2025-08-03T03:00:00.000Z,8741,Península
255495.0,2025-08-03T06:00:00.000+02:00,2025-08-03T04:00:00Z,2025-08-03T04:00:00.000Z,8741,Península
254515.0,2025-08-03T07:00:00.000+02:00,2025-08-03T05:00:00Z,2025-08-03T05:00:00.000Z,8741,Península
257059.0,2025-08-03T08:00:00.000+02:00,2025-08-03T06:00:00Z,2025-08-03T06:00:00.000Z,8741,Península
265483.0,2025-08-03T09:00:00.000+02:00,2025-08-03T07:00:00Z,2025-08-03T07:00:00.000Z,8741,Península
274426.0,2025-08-03T10:00:00.000+02:00,2025-08-03T08:00:00Z,2025-08-03T08:00:00.000Z,8741,Península
280332.0,2025-08-03T11:00:00.000+02:00,2025-08-03T09:00:00Z,2025-08-03T09:00:00.000Z,8741,Península
284123.0,2025-08-03T12:00:00.000+02:00,2025-08-03T10:00:00Z,2025-08-03T10:00:00.000Z,8741,Península
292918.0,2025-08-03T13:00:00.000+02:00,2025-08-03T11:00:00Z,2025-08-03T11:00:00.000Z,8741,Península
301395.0,2025-08-03T14:00:00.000+02:00,2025-08-03T12:00:00Z,2025-08-03T12:00:00.000Z,8741,Península
296506.0,2025-08-03T15:00:00.000+02:00,2025-08-03T13:00:00Z,2025-08-03T13:00:00.000Z,8741,Península
297200.0,2025-08-03T16:00:00.000+02:00,2025-08-03T14:00:00Z,2025-08-03T14:00:00.000Z,8741,Península
305469.0,2025-08-03T17:00:00.000+02:00,2025-08-03T15:00:00Z,2025-08-03T15:00:00.000Z,8741,Península
316774.0,2025-08-03T18:00:00.000+02:00,2025-08-03T16:00:00Z,2025-08-03T16:00:00.000Z,8741,Península
331885.0,2025-08-03T19:00:00.000+02:00,2025-08-03T17:00:00Z,2025-08-03T17:00:00.000Z,8741,Península
341207.0,2025-08-03T20:00:00.000+02:00,2025-08-03T18:00:00Z,2025-08-03T18:00:00.000Z,8741,Península
353334.0,2025-08-03T21:00:00.000+02:00,2025-08-03T19:00:00Z,2025-08-03T19:00:00.000Z,8741,Península
351449.0,2025-08-03T22:00:00.000+02:00,2025-08-03T20:00:00Z,2025-08-03T20:00:00.000Z,8741,Península
328123.0,2025-08-03T23:00:00.000+02:00,2025-08-03T21:00:00Z,2025-08-03T21:00:00.000Z,8741,Península
309009.0,2025-08-04T00:00:00.000+02:00,2025-08-03T22:00:00Z,2025-08-03T22:00:00.000Z,8741,Península
291402.0,2025-08-04T01:00:00.000+02:00,2025-08-03T23:00:00Z,2025-08-03T23:00:00.000Z,8741,Península
278666.0,2025-08-04T02:00:00.000+02:00,2025-08-04T00:00:00Z,2025-08-04T00:00:00.000Z,8741,Península
271998.0,2025-08-04T03:00:00.000+02:00,2025-08-04T01:00:00Z,2025-08-04T01:00:00.000Z,8741,Península
268293.0,2025-08-04T04:00:00.000+02:00,2025-08-04T02:00:00Z,2025-08-04T02:00:00.000Z,8741,Península
273692.0,2025-08-04T05:00:00.000+02:00,2025-08-04T03:00:00Z,2025-08-04T03:00:00.000Z,8741,Península
297227.0,2025-08-04T06:00:00.000+02:00,2025-08-04T04:00:00Z,2025-08-04T04:00:00.000Z,8741,Península
322283.0,2025-08-04T07:00:00.000+02:00,2025-08-04T05:00:00Z,2025-08-04T05:00:00.000Z,8741,Península
338183.0,2025-08-04T08:00:00.000+02:00,2025-08-04T06:00:00Z,2025-08-04T06:00:00.000Z,8741,Península
350124.0,2025-08-04T09:00:00.000+02:00,2025-08-04T07:00:00Z,2025-08-04T07:00:00.000Z,8741,Península
358335.0,2025-08-04T10:00:00.000+02:00,2025-08-04T08:00:00Z,2025-08-04T08:00:00.000Z,8741,Península
360376.0,2025-08-04T11:00:00.000+02:00,2025-08-04T09:00:00Z,2025-08-04T09:00:00.000Z,8741,Península
366009.0,2025-08-04T12:00:00.000+02:00,2025-08-04T10:00:00Z,2025-08-04T10:00:00.000Z,8741,Península
372894.0,2025-08-04T13:00:00.000+02:00,2025-08-04T11:00:00Z,2025-08-04T11:00:00.000Z,8741,Península
375251.0,2025-08-04T14:00:00.000+02:00,2025-08-04T12:00:00Z,2025-08-04T12:00:00.000Z,8741,Península
368318.0,2025-08-04T15:00:00.000+02:00,2025-08-04T13:00:00Z,2025-08-04T13:00:00.000Z,8741,Península
368741.0,2025-08-04T16:00:00.000+02:00,2025-08-04T14:00:00Z,2025-08-04T14:00:00.000Z,8741,Península
376091.0,2025-08-04T17:00:00.000+02:00,2025-08-04T15:00:00Z,2025-08-04T15:00:00.000Z,8741,Península
383785.0,2025-08-04T18:00:00.000+02:00,2025-08-04T16:00:00Z,2025-08-04T16:00:00.000Z,8741,Península
391188.0,2025-08-04T19:00:00.000+02:00,2025-08-04T17:00:00Z,2025-08-04T17:00:00.000Z,8741,Península
396578.0,2025-08-04T20:00:00.000+02:00,2025-08-04T18:00:00Z,2025-08-04T18:00:00.000Z,8741,Península
401919.0,2025-08-04T21:00:00.000+02:00,2025-08-04T19:00:00Z,2025-08-04T19:00:00.000Z,8741,Península
386990.0,2025-08-04T22:00:00.000+02:00,2025-08-04T20:00:00Z,2025-08-04T20:00:00.000Z,8741,Península
355199.0,2025-08-04T23:00:00.000+02:00,2025-08-04T21:00:00Z,2025-08-04T21:00:00.000Z,8741,Península
336042.0,2025-08-05T00:00:00.000+02:00,2025-08-04T22:00:00Z,2025-08-04T22:00:00.000Z,8741,Península
313289.0,2025-08-05T01:00:00.000+02:00,2025-08-04T23:00:00Z,2025-08-04T23:00:00.000Z,8741,Península
297407.0,2025-08-05T02:00:00.000+02:00,2025-08-05T00:00:00Z,2025-08-05T00:00:00.000Z,8741,Península
287564.0,2025-08-05T03:00:00.000+02:00,2025-08-05T01:00:00Z,2025-08-05T01:00:00.000Z,8741,Península
285380.0,2025-08-05T04:00:00.000+02:00,2025-08-05T02:00:00Z,2025-08-05T02:00:00.000Z,8741,Península
285793.0,2025-08-05T05:00:00.000+02:00,2025-08-05T03:00:00Z,2025-08-05T03:00:00.000Z,8741,Península
307074.0,2025-08-05T06:00:00.000+02:00,2025-08-05T04:00:00Z,2025-08-05T04:00:00.000Z,8741,Península
325724.0,2025-08-05T07:00:00.000+02:00,2025-08-05T05:00:00Z,2025-08-05T05:00:00.000Z,8741,Península
338645.0,2025-08-05T08:00:00.000+02:00,2025-08-05T06:00:00Z,2025-08-05T06:00:00.000Z,8741,Península
348219.0,2025-08-05T09:00:00.000+02:00,2025-08-05T07:00:00Z,2025-08-05T07:00:00.000Z,8741,Península
354931.0,2025-08-05T10:00:00.000+02:00,2025-08-05T08:00:00Z,2025-08-05T08:00:00.000Z,8741,Península
360662.0,2025-08-05T11:00:00.000+02:00,2025-08-05T09:00:00Z,2025-08-05T09:00:00.000Z,8741,Península
366916.0,2025-08-05T12:00:00.000+02:00,2025-08-05T10:00:00Z,2025-08-05T10:00:00.000Z,8741,Península
377512.0,2025-08-05T13:00:00.000+02:00,2025-08-05T11:00:00Z,2025-08-05T11:00:00.000Z,8741,Península
379817.0,2025-08-05T14:00:00.000+02:00,2025-08-05T12:00:00Z,2025-08-05T12:00:00.000Z,8741,Península
373480.0,2025-08-05T15:00:00.000+02:00,2025-08-05T13:00:00Z,2025-08-05T13:00:00.000Z,8741,Península
373731.0,2025-08-05T16:00:00.000+02:00,2025-08-05T14:00:00Z,2025-08-05T14:00:00.000Z,8741,Península
379072.0,2025-08-05T17:00:00.000+02:00,2025-08-05T15:00:00Z,2025-08-05T15:00:00.000Z,8741,Península
386175.0,2025-08-05T18:00:00.000+02:00,2025-08-05T16:00:00Z,2025-08-05T16:00:00.000Z,8741,Península
394118.0,2025-08-05T19:00:00.000+02:00,2025-08-05T17:00:00Z,2025-08-05T17:00:00.000Z,8741,Península
397787.0,2025-08-05T20:00:00.000+02:00,2025-08-05T18:00:00Z,2025-08-05T18:00:00.000Z,8741,Península
401886.0,2025-08-05T21:00:00.000+02:00,2025-08-05T19:00:00Z,2025-08-05T19:00:00.000Z,8741,Península
384279.0,2025-08-05T22:00:00.000+02:00,2025-08-05T20:00:00Z,2025-08-05T20:00:00.000Z,8741,Península
354202.0,2025-08-05T23:00:00.000+02:00,2025-08-05T21:00:00Z,2025-08-05T21:00:00.000Z,8741,Península
332916.0,2025-08-06T00:00:00.000+02:00,2025-08-05T22:00:00Z,2025-08-05T22:00:00.000Z,8741,Península
313770.0,2025-08-06T01:00:00.000+02:00,2025-08-05T23:00:00Z,2025-08-05T23:00:00.000Z,8741,Península
299484.0,2025-08-06T02:00:00.000+02:00,2025-08-06T00:00:00Z,2025-08-06T00:00:00.000Z,8741,Península
288223.0,2025-08-06T03:00:00.000+02:00,2025-08-06T01:00:00Z,2025-08-06T01:00:00.000Z,8741,Península
285197.0,2025-08-06T04:00:00.000+02:00,2025-08-06T02:00:00Z,2025-08-06T02:00:00.000Z,8741,Península
287430.0,2025-08-06T05:00:00.000+02:00,2025-08-06T03:00:00Z,2025-08-06T03:00:00.000Z,8741,Península
307992.0,2025-08-06T06:00:00.000+02:00,2025-08-06T04:00:00Z,2025-08-06T04:00:00.000Z,8741,Península
329152.0,2025-08-06T07:00:00.000+02:00,2025-08-06T05:00:00Z,2025-08-06T05:00:00.000Z,8741,Península
340183.0,2025-08-06T08:00:00.000+02:00,2025-08-06T06:00:00Z,2025-08-06T06:00:00.000Z,8741,Península
351909.0,2025-08-06T09:00:00.000+02:00,2025-08-06T07:00:00Z,2025-08-06T07:00:00.000Z,8741,Península
359815.0,2025-08-06T10:00:00.000+02:00,2025-08-06T08:00:00Z,2025-08-06T08:00:00.000Z,8741,Península
365810.0,2025-08-06T11:00:00.000+02:00,2025-08-06T09:00:00Z,2025-08-06T09:00:00.000Z,8741,Península
374248.0,2025-08-06T12:00:00.000+02:00,2025-08-06T10:00:00Z,2025-08-06T10:00:00.000Z,8741,Península
385440.0,2025-08-06T13:00:00.000+02:00,2025-08-06T11:00:00Z,2025-08-06T11:00:00.000Z,8741,Península
386804.0,2025-08-06T14:00:00.000+02:00,2025-08-06T12:00:00Z,2025-08-06T12:00:00.000Z,8741,Península
381313.0,2025-08-06T15:00:00.000+02:00,2025-08-06T13:00:00Z,2025-08-06T13:00:00.000Z,8741,Península
380891.0,2025-08-06T16:00:00.000+02:00,2025-08-06T14:00:00Z,2025-08-06T14:00:00.000Z,8741,Península
381660.0,2025-08-06T17:00:00.000+02:00,2025-08-06T15:00:00Z,2025-08-06T15:00:00.000Z,8741,Península
385347.0,2025-08-06T18:00:00.000+02:00,2025-08-06T16:00:00Z,2025-08-06T16:00:00.000Z,8741,Península
389527.0,2025-08-06T19:00:00.000+02:00,2025-08-06T17:00:00Z,2025-08-06T17:00:00.000Z,8741,Península
390987.0,2025-08-06T20:00:00.000+02:00,2025-08-06T18:00:00Z,2025-08-06T18:00:00.000Z,8741,Península
398469.0,2025-08-06T21:00:00.000+02:00,2025-08-06T19:00:00Z,2025-08-06T19:00:00.000Z,8741,Península
384662.0,2025-08-06T22:00:00.000+02:00,2025-08-06T20:00:00Z,2025-08-06T20:00:00.000Z,8741,Península
355335.0,2025-08-06T23:00:00.000+02:00,2025-08-06T21:00:00Z,2025-08-06T21:00:00.000Z,8741,Península
334882.0,2025-08-07T00:00:00.000+02:00,2025-08-06T22:00:00Z,2025-08-06T22:00:00.000Z,8741,Península
314672.0,2025-08-07T01:00:00.000+02:00,2025-08-06T23:00:00Z,2025-08-06T23:00:00.000Z,8741,Península
300608.0,2025-08-07T02:00:00.000+02:00,2025-08-07T00:00:00Z,2025-08-07T00:00:00.000Z,8741,Península
290683.0,2025-08-07T03:00:00.000+02:00,2025-08-07T01:00:00Z,2025-08-07T01:00:00.000Z,8741,Península
285842.0,2025-08-07T04:00:00.000+02:00,2025-08-07T02:00:00Z,2025-08-07T02:00:00.000Z,8741,Península
288432.0,2025-08-07T05:00:00.000+02:00,2025-08-07T03:00:00Z,2025-08-07T03:00:00.000Z,8741,Península
308587.0,2025-08-07T06:00:00.000+02:00,2025-08-07T04:00:00Z,2025-08-07T04:00:00.000Z,8741,Península
329405.0,2025-08-07T07:00:00.000+02:00,2025-08-07T05:00:00Z,2025-08-07T05:00:00.000Z,8741,Península
340330.0,2025-08-07T08:00:00.000+02:00,2025-08-07T06:00:00Z,2025-08-07T06:00:00.000Z,8741,Península
349773.0,2025-08-07T09:00:00.000+02:00,2025-08-07T07:00:00Z,2025-08-07T07:00:00.000Z,8741,Península
355553.0,2025-08-07T10:00:00.000+02:00,2025-08-07T08:00:00Z,2025-08-07T08:00:00.000Z,8741,Península
360799.0,2025-08-07T11:00:00.000+02:00,2025-08-07T09:00:00Z,2025-08-07T09:00:00.000Z,8741,Península
367381.0,2025-08-07T12:00:00.000+02:00,2025-08-07T10:00:00Z,2025-08-07T10:00:00.000Z,8741,Península
378000.0,2025-08-07T13:00:00.000+02:00,2025-08-07T11:00:00Z,2025-08-07T11:00:00.000Z,8741,Península
383006.0,2025-08-07T14:00:00.000+02:00,2025-08-07T12:00:00Z,2025-08-07T12:00:00.000Z,8741,Península
378419.0,2025-08-07T15:00:00.000+02:00,2025-08-07T13:00:00Z,2025-08-07T13:00:00.000Z,8741,Península
378264.0,2025-08-07T16:00:00.000+02:00,2025-08-07T14:00:00Z,2025-08-07T14:00:00.000Z,8741,Península
383745.0,2025-08-07T17:00:00.000+02:00,2025-08-07T15:00:00Z,2025-08-07T15:00:00.000Z,8741,Península
393257.0,2025-08-07T18:00:00.000+02:00,2025-08-07T16:00:00Z,2025-08-07T16:00:00.000Z,8741,Península
398712.0,2025-08-07T19:00:00.000+02:00,2025-08-07T17:00:00Z,2025-08-07T17:00:00.000Z,8741,Península
400425.0,2025-08-07T20:00:00.000+02:00,2025-08-07T18:00:00Z,2025-08-07T18:00:00.000Z,8741,Península
404167.0,2025-08-07T21:00:00.000+02:00,2025-08-07T19:00:00Z,2025-08-07T19:00:00.000Z,8741,Península
388739.0,2025-08-07T22:00:00.000+02:00,2025-08-07T20:00:00Z,2025-08-07T20:00:00.000Z,8741,Península
358398.0,2025-08-07T23:00:00.000+02:00,2025-08-07T21:00:00Z,2025-08-07T21:00:00.000Z,8741,Península
336062.0,2025-08-08T00:00:00.000+02:00,2025-08-07T22:00:00Z,2025-08-07T22:00:00.000Z,8741,Península
315443.0,2025-08-08T01:00:00.000+02:00,2025-08-07T23:00:00Z,2025-08-07T23:00:00.000Z,8741,Península
299253.0,2025-08-08T02:00:00.000+02:00,2025-08-08T00:00:00Z,2025-08-08T00:00:00.000Z,8741,Península
289043.0,2025-08-08T03:00:00.000+02:00,2025-08-08T01:00:00Z,2025-08-08T01:00:00.000Z,8741,Península
285905.0,2025-08-08T04:00:00.000+02:00,2025-08-08T02:00:00Z,2025-08-08T02:00:00.000Z,8741,Península
287246.0,2025-08-08T05:00:00.000+02:00,2025-08-08T03:00:00Z,2025-08-08T03:00:00.000Z,8741,Península
307582.0,2025-08-08T06:00:00.000+02:00,2025-08-08T04:00:00Z,2025-08-08T04:00:00.000Z,8741,Península
328979.0,2025-08-08T07:00:00.000+02:00,2025-08-08T05:00:00Z,2025-08-08T05:00:00.000Z,8741,Península
339510.0,2025-08-08T08:00:00.000+02:00,2025-08-08T06:00:00Z,2025-08-08T06:00:00.000Z,8741,Península
352599.0,2025-08-08T09:00:00.000+02:00,2025-08-08T07:00:00Z,2025-08-08T07:00:00.000Z,8741,Península
360574.0,2025-08-08T10:00:00.000+02:00,2025-08-08T08:00:00Z,2025-08-08T08:00:00.000Z,8741,Península
365750.0,2025-08-08T11:00:00.000+02:00,2025-08-08T09:00:00Z,2025-08-08T09:00:00.000Z,8741,Península
373276.0,2025-08-08T12:00:00.000+02:00,2025-08-08T10:00:00Z,2025-08-08T10:00:00.000Z,8741,Península
382570.0,2025-08-08T13:00:00.000+02:00,2025-08-08T11:00:00Z,2025-08-08T11:00:00.000Z,8741,Península
384977.0,2025-08-08T14:00:00.000+02:00,2025-08-08T12:00:00Z,2025-08-08T12:00:00.000Z,8741,Península
379470.0,2025-08-08T15:00:00.000+02:00,2025-08-08T13:00:00Z,2025-08-08T13:00:00.000Z,8741,Península
378527.0,2025-08-08T16:00:00.000+02:00,2025-08-08T14:00:00Z,2025-08-08T14:00:00.000Z,8741,Península
384690.0,2025-08-08T17:00:00.000+02:00,2025-08-08T15:00:00Z,2025-08-08T15:00:00.000Z,8741,Península
391558.0,2025-08-08T18:00:00.000+02:00,2025-08-08T16:00:00Z,2025-08-08T16:00:00.000Z,8741,Península
394408.0,2025-08-08T19:00:00.000+02:00,2025-08-08T17:00:00Z,2025-08-08T17:00:00.000Z,8741,Península
392604.0,2025-08-08T20:00:00.000+02:00,2025-08-08T18:00:00Z,2025-08-08T18:00:00.000Z,8741,Península
393045.0,2025-08-08T21:00:00.000+02:00,2025-08-08T19:00:00Z,2025-08-08T19:00:00.000Z,8741,Península
377612.0,2025-08-08T22:00:00.000+02:00,2025-08-08T20:00:00Z,2025-08-08T20:00:00.000Z,8741,Península
350347.0,2025-08-08T23:00:00.000+02:00,2025-08-08T21:00:00Z,2025-08-08T21:00:00.000Z,8741,Península
332830.0,2025-08-09T00:00:00.000+02:00,2025-08-08T22:00:00Z,2025-08-08T22:00:00.000Z,8741,Península
313329.0,2025-08-09T01:00:00.000+02:00,2025-08-08T23:00:00Z,2025-08-08T23:00:00.000Z,8741,Península
296505.0,2025-08-09T02:00:00.000+02:00,2025-08-09T00:00:00Z,2025-08-09T00:00:00.000Z,8741,Península
284950.0,2025-08-09T03:00:00.000+02:00,2025-08-09T01:00:00Z,2025-08-09T01:00:00.000Z,8741,Península
277722.0,2025-08-09T04:00:00.000+02:00,2025-08-09T02:00:00Z,2025-08-09T02:00:00.000Z,8741,Península
274166.0,2025-08-09T05:00:00.000+02:00,2025-08-09T03:00:00Z,2025-08-09T03:00:00.000Z,8741,Península
279813.0,2025-08-09T06:00:00.000+02:00,2025-08-09T04:00:00Z,2025-08-09T04:00:00.000Z,8741,Península
281183.0,2025-08-09T07:00:00.000+02:00,2025-08-09T05:00:00Z,2025-08-09T05:00:00.000Z,8741,Península
290876.0,2025-08-09T08:00:00.000+02:00,2025-08-09T06:00:00Z,2025-08-09T06:00:00.000Z,8741,Península
303415.0,2025-08-09T09:00:00.000+02:00,2025-08-09T07:00:00Z,2025-08-09T07:00:00.000Z,8741,Península
315334.0,2025-08-09T10:00:00.000+02:00,2025-08-09T08:00:00Z,2025-08-09T08:00:00.000Z,8741,Península
320151.0,2025-08-09T11:00:00.000+02:00,2025-08-09T09:00:00Z,2025-08-09T09:00:00.000Z,8741,Península
328043.0,2025-08-09T12:00:00.000+02:00,2025-08-09T10:00:00Z,2025-08-09T10:00:00.000Z,8741,Península
335358.0,2025-08-09T13:00:00.000+02:00,2025-08-09T11:00:00Z,2025-08-09T11:00:00.000Z,8741,Península
341172.0,2025-08-09T14:00:00.000+02:00,2025-08-09T12:00:00Z,2025-08-09T12:00:00.000Z,8741,Península
337143.0,2025-08-09T15:00:00.000+02:00,2025-08-09T13:00:00Z,2025-08-09T13:00:00.000Z,8741,Península
337284.0,2025-08-09T16:00:00.000+02:00,2025-08-09T14:00:00Z,2025-08-09T14:00:00.000Z,8741,Península
342568.0,2025-08-09T17:00:00.000+02:00,2025-08-09T15:00:00Z,2025-08-09T15:00:00.000Z,8741,Península
354523.0,2025-08-09T18:00:00.000+02:00,2025-08-09T16:00:00Z,2025-08-09T16:00:00.000Z,8741,Península
362004.0,2025-08-09T19:00:00.000+02:00,2025-08-09T17:00:00Z,2025-08-09T17:00:00.000Z,8741,Península
366313.0,2025-08-09T20:00:00.000+02:00,2025-08-09T18:00:00Z,2025-08-09T18:00:00.000Z,8741,Península
372462.0,2025-08-09T21:00:00.000+02:00,2025-08-09T19:00:00Z,2025-08-09T19:00:00.000Z,8741,Península
359336.0,2025-08-09T22:00:00.000+02:00,2025-08-09T20:00:00Z,2025-08-09T20:00:00.000Z,8741,Península
336357.0,2025-08-09T23:00:00.000+02:00,2025-08-09T21:00:00Z,2025-08-09T21:00:00.000Z,8741,Península
316538.0,2025-08-10T00:00:00.000+02:00,2025-08-09T22:00:00Z,2025-08-09T22:00:00.000Z,8741,Península
298265.0,2025-08-10T01:00:00.000+02:00,2025-08-09T23:00:00Z,2025-08-09T23:00:00.000Z,8741,Península
283092.0,2025-08-10T02:00:00.000+02:00,2025-08-10T00:00:00Z,2025-08-10T00:00:00.000Z,8741,Península
270394.0,2025-08-10T03:00:00.000+02:00,2025-08-10T01:00:00Z,2025-08-10T01:00:00.000Z,8741,Península
262745.0,2025-08-10T04:00:00.000+02:00,2025-08-10T02:00:00Z,2025-08-10T02:00:00.000Z,8741,Península
259830.0,2025-08-10T05:00:00.000+02:00,2025-08-10T03:00:00Z,2025-08-10T03:00:00.000Z,8741,Península
262498.0,2025-08-10T06:00:00.000+02:00,2025-08-10T04:00:00Z,2025-08-10T04:00:00.000Z,8741,Península
259947.0,2025-08-10T07:00:00.000+02:00,2025-08-10T05:00:00Z,2025-08-10T05:00:00.000Z,8741,Península
261492.0,2025-08-10T08:00:00.000+02:00,2025-08-10T06:00:00Z,2025-08-10T06:00:00.000Z,8741,Península
271001.0,2025-08-10T09:00:00.000+02:00,2025-08-10T07:00:00Z,2025-08-10T07:00:00.000Z,8741,Península
278946.0,2025-08-10T10:00:00.000+02:00,2025-08-10T08:00:00Z,2025-08-10T08:00:00.000Z,8741,Península
286221.0,2025-08-10T11:00:00.000+02:00,2025-08-10T09:00:00Z,2025-08-10T09:00:00.000Z,8741,Península
296945.0,2025-08-10T12:00:00.000+02:00,2025-08-10T10:00:00Z,2025-08-10T10:00:00.000Z,8741,Península
308394.0,2025-08-10T13:00:00.000+02:00,2025-08-10T11:00:00Z,2025-08-10T11:00:00.000Z,8741,Península
319820.0,2025-08-10T14:00:00.000+02:00,2025-08-10T12:00:00Z,2025-08-10T12:00:00.000Z,8741,Península
318876.0,2025-08-10T15:00:00.000+02:00,2025-08-10T13:00:00Z,2025-08-10T13:00:00.000Z,8741,Península
321087.0,2025-08-10T16:00:00.000+02:00,2025-08-10T14:00:00Z,2025-08-10T14:00:00.000Z,8741,Península
330886.0,2025-08-10T17:00:00.000+02:00,2025-08-10T15:00:00Z,2025-08-10T15:00:00.000Z,8741,Península
343213.0,2025-08-10T18:00:00.000+02:00,2025-08-10T16:00:00Z,2025-08-10T16:00:00.000Z,8741,Península
352759.0,2025-08-10T19:00:00.000+02:00,2025-08-10T17:00:00Z,2025-08-10T17:00:00.000Z,8741,Península
361826.0,2025-08-10T20:00:00.000+02:00,2025-08-10T18:00:00Z,2025-08-10T18:00:00.000Z,8741,Península
375465.0,2025-08-10T21:00:00.000+02:00,2025-08-10T19:00:00Z,2025-08-10T19:00:00.000Z,8741,Península
373457.0,2025-08-10T22:00:00.000+02:00,2025-08-10T20:00:00Z,2025-08-10T20:00:00.000Z,8741,Península
349041.0,2025-08-10T23:00:00.000+02:00,2025-08-10T21:00:00Z,2025-08-10T21:00:00.000Z,8741,Península
325538.0,2025-08-11T00:00:00.000+02:00,2025-08-10T22:00:00Z,2025-08-10T22:00:00.000Z,8741,Península
304620.0,2025-08-11T01:00:00.000+02:00,2025-08-10T23:00:00Z,2025-08-10T23:00:00.000Z,8741,Península
288156.0,2025-08-11T02:00:00.000+02:00,2025-08-11T00:00:00Z,2025-08-11T00:00:00.000Z,8741,Península
278068.0,2025-08-11T03:00:00.000+02:00,2025-08-11T01:00:00Z,2025-08-11T01:00:00.000Z,8741,Península
274272.0,2025-08-11T04:00:00.000+02:00,2025-08-11T02:00:00Z,2025-08-11T02:00:00.000Z,8741,Península
277088.0,2025-08-11T05:00:00.000+02:00,2025-08-11T03:00:00Z,2025-08-11T03:00:00.000Z,8741,Península
295885.0,2025-08-11T06:00:00.000+02:00,2025-08-11T04:00:00Z,2025-08-11T04:00:00.000Z,8741,Península
317142.0,2025-08-11T07:00:00.000+02:00,2025-08-11T05:00:00Z,2025-08-11T05:00:00.000Z,8741,Península
331453.0,2025-08-11T08:00:00.000+02:00,2025-08-11T06:00:00Z,2025-08-11T06:00:00.000Z,8741,Península
346732.0,2025-08-11T09:00:00.000+02:00,2025-08-11T07:00:00Z,2025-08-11T07:00:00.000Z,8741,Península
360086.0,2025-08-11T10:00:00.000+02:00,2025-08-11T08:00:00Z,2025-08-11T08:00:00.000Z,8741,Península
368047.0,2025-08-11T11:00:00.000+02:00,2025-08-11T09:00:00Z,2025-08-11T09:00:00.000Z,8741,Península
379111.0,2025-08-11T12:00:00.000+02:00,2025-08-11T10:00:00Z,2025-08-11T10:00:00.000Z,8741,Península
392049.0,2025-08-11T13:00:00.000+02:00,2025-08-11T11:00:00Z,2025-08-11T11:00:00.000Z,8741,Península
400353.0,2025-08-11T14:00:00.000+02:00,2025-08-11T12:00:00Z,2025-08-11T12:00:00.000Z,8741,Península
398184.0,2025-08-11T15:00:00.000+02:00,2025-08-11T13:00:00Z,2025-08-11T13:00:00.000Z,8741,Península
399162.0,2025-08-11T16:00:00.000+02:00,2025-08-11T14:00:00Z,2025-08-11T14:00:00.000Z,8741,Península
405955.0,2025-08-11T17:00:00.000+02:00,2025-08-11T15:00:00Z,2025-08-11T15:00:00.000Z,8741,Península
413439.0,2025-08-11T18:00:00.000+02:00,2025-08-11T16:00:00Z,2025-08-11T16:00:00.000Z,8741,Península
414088.0,2025-08-11T19:00:00.000+02:00,2025-08-11T17:00:00Z,2025-08-11T17:00:00.000Z,8741,Península
413126.0,2025-08-11T20:00:00.000+02:00,2025-08-11T18:00:00Z,2025-08-11T18:00:00.000Z,8741,Península
419808.0,2025-08-11T21:00:00.000+02:00,2025-08-11T19:00:00Z,2025-08-11T19:00:00.000Z,8741,Península
404569.0,2025-08-11T22:00:00.000+02:00,2025-08-11T20:00:00Z,2025-08-11T20:00:00.000Z,8741,Península
374157.0,2025-08-11T23:00:00.000+02:00,2025-08-11T21:00:00Z,2025-08-11T21:00:00.000Z,8741,Península
350370.0,2025-08-12T00:00:00.000+02:00,2025-08-11T22:00:00Z,2025-08-11T22:00:00.000Z,8741,Península
328152.0,2025-08-12T01:00:00.000+02:00,2025-08-11T23:00:00Z,2025-08-11T23:00:00.000Z,8741,Península
308852.0,2025-08-12T02:00:00.000+02:00,2025-08-12T00:00:00Z,2025-08-12T00:00:00.000Z,8741,Península
297824.0,2025-08-12T03:00:00.000+02:00,2025-08-12T01:00:00Z,2025-08-12T01:00:00.000Z,8741,Península
293716.0,2025-08-12T04:00:00.000+02:00,2025-08-12T02:00:00Z,2025-08-12T02:00:00.000Z,8741,Península
295458.0,2025-08-12T05:00:00.000+02:00,2025-08-12T03:00:00Z,2025-08-12T03:00:00.000Z,8741,Península
313750.0,2025-08-12T06:00:00.000+02:00,2025-08-12T04:00:00Z,2025-08-12T04:00:00.000Z,8741,Península
330420.0,2025-08-12T07:00:00.000+02:00,2025-08-12T05:00:00Z,2025-08-12T05:00:00.000Z,8741,Península
344425.0,2025-08-12T08:00:00.000+02:00,2025-08-12T06:00:00Z,2025-08-12T06:00:00.000Z,8741,Península
359226.0,2025-08-12T09:00:00.000+02:00,2025-08-12T07:00:00Z,2025-08-12T07:00:00.000Z,8741,Península
371931.0,2025-08-12T10:00:00.000+02:00,2025-08-12T08:00:00Z,2025-08-12T08:00:00.000Z,8741,Península
382558.0,2025-08-12T11:00:00.000+02:00,2025-08-12T09:00:00Z,2025-08-12T09:00:00.000Z,8741,Península
392525.0,2025-08-12T12:00:00.000+02:00,2025-08-12T10:00:00Z,2025-08-12T10:00:00.000Z,8741,Península
405234.0,2025-08-12T13:00:00.000+02:00,2025-08-12T11:00:00Z,2025-08-12T11:00:00.000Z,8741,Península
410329.0,2025-08-12T14:00:00.000+02:00,2025-08-12T12:00:00Z,2025-08-12T12:00:00.000Z,8741,Península
405443.0,2025-08-12T15:00:00.000+02:00,2025-08-12T13:00:00Z,2025-08-12T13:00:00.000Z,8741,Península
405080.0,2025-08-12T16:00:00.000+02:00,2025-08-12T14:00:00Z,2025-08-12T14:00:00.000Z,8741,Península
408572.0,2025-08-12T17:00:00.000+02:00,2025-08-12T15:00:00Z,2025-08-12T15:00:00.000Z,8741,Península
409504.0,2025-08-12T18:00:00.000+02:00,2025-08-12T16:00:00Z,2025-08-12T16:00:00.000Z,8741,Península
406456.0,2025-08-12T19:00:00.000+02:00,2025-08-12T17:00:00Z,2025-08-12T17:00:00.000Z,8741,Península
406073.0,2025-08-12T20:00:00.000+02:00,2025-08-12T18:00:00Z,2025-08-12T18:00:00.000Z,8741,Península
411610.0,2025-08-12T21:00:00.000+02:00,2025-08-12T19:00:00Z,2025-08-12T19:00:00.000Z,8741,Península
393534.0,2025-08-12T22:00:00.000+02:00,2025-08-12T20:00:00Z,2025-08-12T20:00:00.000Z,8741,Península
365712.0,2025-08-12T23:00:00.000+02:00,2025-08-12T21:00:00Z,2025-08-12T21:00:00.000Z,8741,Península
345587.0,2025-08-13T00:00:00.000+02:00,2025-08-12T22:00:00Z,2025-08-12T22:00:00.000Z,8741,Península
324433.0,2025-08-13T01:00:00.000+02:00,2025-08-12T23:00:00Z,2025-08-12T23:00:00.000Z,8741,Península
309063.0,2025-08-13T02:00:00.000+02:00,2025-08-13T00:00:00Z,2025-08-13T00:00:00.000Z,8741,Península
301849.0,2025-08-13T03:00:00.000+02:00,2025-08-13T01:00:00Z,2025-08-13T01:00:00.000Z,8741,Península
295633.0,2025-08-13T04:00:00.000+02:00,2025-08-13T02:00:00Z,2025-08-13T02:00:00.000Z,8741,Península
296031.0,2025-08-13T05:00:00.000+02:00,2025-08-13T03:00:00Z,2025-08-13T03:00:00.000Z,8741,Península
312448.0,2025-08-13T06:00:00.000+02:00,2025-08-13T04:00:00Z,2025-08-13T04:00:00.000Z,8741,Península
331006.0,2025-08-13T07:00:00.000+02:00,2025-08-13T05:00:00Z,2025-08-13T05:00:00.000Z,8741,Península
343884.0,2025-08-13T08:00:00.000+02:00,2025-08-13T06:00:00Z,2025-08-13T06:00:00.000Z,8741,Península
356517.0,2025-08-13T09:00:00.000+02:00,2025-08-13T07:00:00Z,2025-08-13T07:00:00.000Z,8741,Península
368845.0,2025-08-13T10:00:00.000+02:00,2025-08-13T08:00:00Z,2025-08-13T08:00:00.000Z,8741,Península
375967.0,2025-08-13T11:00:00.000+02:00,2025-08-13T09:00:00Z,2025-08-13T09:00:00.000Z,8741,Península
386206.0,2025-08-13T12:00:00.000+02:00,2025-08-13T10:00:00Z,2025-08-13T10:00:00.000Z,8741,Península
398505.0,2025-08-13T13:00:00.000+02:00,2025-08-13T11:00:00Z,2025-08-13T11:00:00.000Z,8741,Península
405041.0,2025-08-13T14:00:00.000+02:00,2025-08-13T12:00:00Z,2025-08-13T12:00:00.000Z,8741,Península
401427.0,2025-08-13T15:00:00.000+02:00,2025-08-13T13:00:00Z,2025-08-13T13:00:00.000Z,8741,Península
400161.0,2025-08-13T16:00:00.000+02:00,2025-08-13T14:00:00Z,2025-08-13T14:00:00.000Z,8741,Península
400349.0,2025-08-13T17:00:00.000+02:00,2025-08-13T15:00:00Z,2025-08-13T15:00:00.000Z,8741,Península
402717.0,2025-08-13T18:00:00.000+02:00,2025-08-13T16:00:00Z,2025-08-13T16:00:00.000Z,8741,Península
405360.0,2025-08-13T19:00:00.000+02:00,2025-08-13T17:00:00Z,2025-08-13T17:00:00.000Z,8741,Península
406517.0,2025-08-13T20:00:00.000+02:00,2025-08-13T18:00:00Z,2025-08-13T18:00:00.000Z,8741,Península
412719.0,2025-08-13T21:00:00.000+02:00,2025-08-13T19:00:00Z,2025-08-13T19:00:00.000Z,8741,Península
394832.0,2025-08-13T22:00:00.000+02:00,2025-08-13T20:00:00Z,2025-08-13T20:00:00.000Z,8741,Península
365824.0,2025-08-13T23:00:00.000+02:00,2025-08-13T21:00:00Z,2025-08-13T21:00:00.000Z,8741,Península
344200.0,2025-08-14T00:00:00.000+02:00,2025-08-13T22:00:00Z,2025-08-13T22:00:00.000Z,8741,Península
322272.0,2025-08-14T01:00:00.000+02:00,2025-08-13T23:00:00Z,2025-08-13T23:00:00.000Z,8741,Península
305554.0,2025-08-14T02:00:00.000+02:00,2025-08-14T00:00:00Z,2025-08-14T00:00:00.000Z,8741,Península
295816.0,2025-08-14T03:00:00.000+02:00,2025-08-14T01:00:00Z,2025-08-14T01:00:00.000Z,8741,Península
288784.0,2025-08-14T04:00:00.000+02:00,2025-08-14T02:00:00Z,2025-08-14T02:00:00.000Z,8741,Península
289742.0,2025-08-14T05:00:00.000+02:00,2025-08-14T03:00:00Z,2025-08-14T03:00:00.000Z,8741,Península
306276.0,2025-08-14T06:00:00.000+02:00,2025-08-14T04:00:00Z,2025-08-14T04:00:00.000Z,8741,Península
323296.0,2025-08-14T07:00:00.000+02:00,2025-08-14T05:00:00Z,2025-08-14T05:00:00.000Z,8741,Península
333826.0,2025-08-14T08:00:00.000+02:00,2025-08-14T06:00:00Z,2025-08-14T06:00:00.000Z,8741,Península
344687.0,2025-08-14T09:00:00.000+02:00,2025-08-14T07:00:00Z,2025-08-14T07:00:00.000Z,8741,Península
356171.0,2025-08-14T10:00:00.000+02:00,2025-08-14T08:00:00Z,2025-08-14T08:00:00.000Z,8741,Península
359872.0,2025-08-14T11:00:00.000+02:00,2025-08-14T09:00:00Z,2025-08-14T09:00:00.000Z,8741,Península
368703.0,2025-08-14T12:00:00.000+02:00,2025-08-14T10:00:00Z,2025-08-14T10:00:00.000Z,8741,Península
382351.0,2025-08-14T13:00:00.000+02:00,2025-08-14T11:00:00Z,2025-08-14T11:00:00.000Z,8741,Península
390969.0,2025-08-14T14:00:00.000+02:00,2025-08-14T12:00:00Z,2025-08-14T12:00:00.000Z,8741,Península
391147.0,2025-08-14T15:00:00.000+02:00,2025-08-14T13:00:00Z,2025-08-14T13:00:00.000Z,8741,Península
391913.0,2025-08-14T16:00:00.000+02:00,2025-08-14T14:00:00Z,2025-08-14T14:00:00.000Z,8741,Península
397294.0,2025-08-14T17:00:00.000+02:00,2025-08-14T15:00:00Z,2025-08-14T15:00:00.000Z,8741,Península
398724.0,2025-08-14T18:00:00.000+02:00,2025-08-14T16:00:00Z,2025-08-14T16:00:00.000Z,8741,Península
403395.0,2025-08-14T19:00:00.000+02:00,2025-08-14T17:00:00Z,2025-08-14T17:00:00.000Z,8741,Península
402069.0,2025-08-14T20:00:00.000+02:00,2025-08-14T18:00:00Z,2025-08-14T18:00:00.000Z,8741,Península
403622.0,2025-08-14T21:00:00.000+02:00,2025-08-14T19:00:00Z,2025-08-14T19:00:00.000Z,8741,Península
383132.0,2025-08-14T22:00:00.000+02:00,2025-08-14T20:00:00Z,2025-08-14T20:00:00.000Z,8741,Península
354354.0,2025-08-14T23:00:00.000+02:00,2025-08-14T21:00:00Z,2025-08-14T21:00:00.000Z,8741,Península
334099.0,2025-08-15T00:00:00.000+02:00,2025-08-14T22:00:00Z,2025-08-14T22:00:00.000Z,8741,Península
314883.0,2025-08-15T01:00:00.000+02:00,2025-08-14T23:00:00Z,2025-08-14T23:00:00.000Z,8741,Península
297962.0,2025-08-15T02:00:00.000+02:00,2025-08-15T00:00:00Z,2025-08-15T00:00:00.000Z,8741,Península
285832.0,2025-08-15T03:00:00.000+02:00,2025-08-15T01:00:00Z,2025-08-15T01:00:00.000Z,8741,Península
278277.0,2025-08-15T04:00:00.000+02:00,2025-08-15T02:00:00Z,2025-08-15T02:00:00.000Z,8741,Península
274250.0,2025-08-15T05:00:00.000+02:00,2025-08-15T03:00:00Z,2025-08-15T03:00:00.000Z,8741,Península
277395.0,2025-08-15T06:00:00.000+02:00,2025-08-15T04:00:00Z,2025-08-15T04:00:00.000Z,8741,Península
277588.0,2025-08-15T07:00:00.000+02:00,2025-08-15T05:00:00Z,2025-08-15T05:00:00.000Z,8741,Península
277755.0,2025-08-15T08:00:00.000+02:00,2025-08-15T06:00:00Z,2025-08-15T06:00:00.000Z,8741,Península
286852.0,2025-08-15T09:00:00.000+02:00,2025-08-15T07:00:00Z,2025-08-15T07:00:00.000Z,8741,Península
303534.0,2025-08-15T10:00:00.000+02:00,2025-08-15T08:00:00Z,2025-08-15T08:00:00.000Z,8741,Península
311467.0,2025-08-15T11:00:00.000+02:00,2025-08-15T09:00:00Z,2025-08-15T09:00:00.000Z,8741,Península
321655.0,2025-08-15T12:00:00.000+02:00,2025-08-15T10:00:00Z,2025-08-15T10:00:00.000Z,8741,Península
331130.0,2025-08-15T13:00:00.000+02:00,2025-08-15T11:00:00Z,2025-08-15T11:00:00.000Z,8741,Península
340397.0,2025-08-15T14:00:00.000+02:00,2025-08-15T12:00:00Z,2025-08-15T12:00:00.000Z,8741,Península
343892.0,2025-08-15T15:00:00.000+02:00,2025-08-15T13:00:00Z,2025-08-15T13:00:00.000Z,8741,Península
344425.0,2025-08-15T16:00:00.000+02:00,2025-08-15T14:00:00Z,2025-08-15T14:00:00.000Z,8741,Península
349601.0,2025-08-15T17:00:00.000+02:00,2025-08-15T15:00:00Z,2025-08-15T15:00:00.000Z,8741,Península
356916.0,2025-08-15T18:00:00.000+02:00,2025-08-15T16:00:00Z,2025-08-15T16:00:00.000Z,8741,Península
364201.0,2025-08-15T19:00:00.000+02:00,2025-08-15T17:00:00Z,2025-08-15T17:00:00.000Z,8741,Península
369112.0,2025-08-15T20:00:00.000+02:00,2025-08-15T18:00:00Z,2025-08-15T18:00:00.000Z,8741,Península
378022.0,2025-08-15T21:00:00.000+02:00,2025-08-15T19:00:00Z,2025-08-15T19:00:00.000Z,8741,Península
368913.0,2025-08-15T22:00:00.000+02:00,2025-08-15T20:00:00Z,2025-08-15T20:00:00.000Z,8741,Península
345572.0,2025-08-15T23:00:00.000+02:00,2025-08-15T21:00:00Z,2025-08-15T21:00:00.000Z,8741,Península
328036.0,2025-08-16T00:00:00.000+02:00,2025-08-15T22:00:00Z,2025-08-15T22:00:00.000Z,8741,Península
307262.0,2025-08-16T01:00:00.000+02:00,2025-08-15T23:00:00Z,2025-08-15T23:00:00.000Z,8741,Península
291845.0,2025-08-16T02:00:00.000+02:00,2025-08-16T00:00:00Z,2025-08-16T00:00:00.000Z,8741,Península
279857.0,2025-08-16T03:00:00.000+02:00,2025-08-16T01:00:00Z,2025-08-16T01:00:00.000Z,8741,Península
272970.0,2025-08-16T04:00:00.000+02:00,2025-08-16T02:00:00Z,2025-08-16T02:00:00.000Z,8741,Península
270609.0,2025-08-16T05:00:00.000+02:00,2025-08-16T03:00:00Z,2025-08-16T03:00:00.000Z,8741,Península
274246.0,2025-08-16T06:00:00.000+02:00,2025-08-16T04:00:00Z,2025-08-16T04:00:00.000Z,8741,Península
278181.0,2025-08-16T07:00:00.000+02:00,2025-08-16T05:00:00Z,2025-08-16T05:00:00.000Z,8741,Península
283152.0,2025-08-16T08:00:00.000+02:00,2025-08-16T06:00:00Z,2025-08-16T06:00:00.000Z,8741,Península
296184.0,2025-08-16T09:00:00.000+02:00,2025-08-16T07:00:00Z,2025-08-16T07:00:00.000Z,8741,Península
308426.0,2025-08-16T10:00:00.000+02:00,2025-08-16T08:00:00Z,2025-08-16T08:00:00.000Z,8741,Península
318317.0,2025-08-16T11:00:00.000+02:00,2025-08-16T09:00:00Z,2025-08-16T09:00:00.000Z,8741,Península
331564.0,2025-08-16T12:00:00.000+02:00,2025-08-16T10:00:00Z,2025-08-16T10:00:00.000Z,8741,Península
346044.0,2025-08-16T13:00:00.000+02:00,2025-08-16T11:00:00Z,2025-08-16T11:00:00.000Z,8741,Península
356741.0,2025-08-16T14:00:00.000+02:00,2025-08-16T12:00:00Z,2025-08-16T12:00:00.000Z,8741,Península
356262.0,2025-08-16T15:00:00.000+02:00,2025-08-16T13:00:00Z,2025-08-16T13:00:00.000Z,8741,Península
357580.0,2025-08-16T16:00:00.000+02:00,2025-08-16T14:00:00Z,2025-08-16T14:00:00.000Z,8741,Península
363784.0,2025-08-16T17:00:00.000+02:00,2025-08-16T15:00:00Z,2025-08-16T15:00:00.000Z,8741,Península
372819.0,2025-08-16T18:00:00.000+02:00,2025-08-16T16:00:00Z,2025-08-16T16:00:00.000Z,8741,Península
380559.0,2025-08-16T19:00:00.000+02:00,2025-08-16T17:00:00Z,2025-08-16T17:00:00.000Z,8741,Península
386376.0,2025-08-16T20:00:00.000+02:00,2025-08-16T18:00:00Z,2025-08-16T18:00:00.000Z,8741,Península
396055.0,2025-08-16T21:00:00.000+02:00,2025-08-16T19:00:00Z,2025-08-16T19:00:00.000Z,8741,Península
378778.0,2025-08-16T22:00:00.000+02:00,2025-08-16T20:00:00Z,2025-08-16T20:00:00.000Z,8741,Península
353064.0,2025-08-16T23:00:00.000+02:00,2025-08-16T21:00:00Z,2025-08-16T21:00:00.000Z,8741,Península
330878.0,2025-08-17T00:00:00.000+02:00,2025-08-16T22:00:00Z,2025-08-16T22:00:00.000Z,8741,Península
310560.0,2025-08-17T01:00:00.000+02:00,2025-08-16T23:00:00Z,2025-08-16T23:00:00.000Z,8741,Península
295005.0,2025-08-17T02:00:00.000+02:00,2025-08-17T00:00:00Z,2025-08-17T00:00:00.000Z,8741,Península
281959.0,2025-08-17T03:00:00.000+02:00,2025-08-17T01:00:00Z,2025-08-17T01:00:00.000Z,8741,Península
273995.0,2025-08-17T04:00:00.000+02:00,2025-08-17T02:00:00Z,2025-08-17T02:00:00.000Z,8741,Península
268617.0,2025-08-17T05:00:00.000+02:00,2025-08-17T03:00:00Z,2025-08-17T03:00:00.000Z,8741,Península
269374.0,2025-08-17T06:00:00.000+02:00,2025-08-17T04:00:00Z,2025-08-17T04:00:00.000Z,8741,Península
268072.0,2025-08-17T07:00:00.000+02:00,2025-08-17T05:00:00Z,2025-08-17T05:00:00.000Z,8741,Península
268826.0,2025-08-17T08:00:00.000+02:00,2025-08-17T06:00:00Z,2025-08-17T06:00:00.000Z,8741,Península
277484.0,2025-08-17T09:00:00.000+02:00,2025-08-17T07:00:00Z,2025-08-17T07:00:00.000Z,8741,Península
290559.0,2025-08-17T10:00:00.000+02:00,2025-08-17T08:00:00Z,2025-08-17T08:00:00.000Z,8741,Península
302362.0,2025-08-17T11:00:00.000+02:00,2025-08-17T09:00:00Z,2025-08-17T09:00:00.000Z,8741,Península
316585.0,2025-08-17T12:00:00.000+02:00,2025-08-17T10:00:00Z,2025-08-17T10:00:00.000Z,8741,Península
332918.0,2025-08-17T13:00:00.000+02:00,2025-08-17T11:00:00Z,2025-08-17T11:00:00.000Z,8741,Península
343541.0,2025-08-17T14:00:00.000+02:00,2025-08-17T12:00:00Z,2025-08-17T12:00:00.000Z,8741,Península
343453.0,2025-08-17T15:00:00.000+02:00,2025-08-17T13:00:00Z,2025-08-17T13:00:00.000Z,8741,Península
346825.0,2025-08-17T16:00:00.000+02:00,2025-08-17T14:00:00Z,2025-08-17T14:00:00.000Z,8741,Península
351034.0,2025-08-17T17:00:00.000+02:00,2025-08-17T15:00:00Z,2025-08-17T15:00:00.000Z,8741,Península
361107.0,2025-08-17T18:00:00.000+02:00,2025-08-17T16:00:00Z,2025-08-17T16:00:00.000Z,8741,Península
370057.0,2025-08-17T19:00:00.000+02:00,2025-08-17T17:00:00Z,2025-08-17T17:00:00.000Z,8741,Península
379623.0,2025-08-17T20:00:00.000+02:00,2025-08-17T18:00:00Z,2025-08-17T18:00:00.000Z,8741,Península
393997.0,2025-08-17T21:00:00.000+02:00,2025-08-17T19:00:00Z,2025-08-17T19:00:00.000Z,8741,Península
386130.0,2025-08-17T22:00:00.000+02:00,2025-08-17T20:00:00Z,2025-08-17T20:00:00.000Z,8741,Península
363002.0,2025-08-17T23:00:00.000+02:00,2025-08-17T21:00:00Z,2025-08-17T21:00:00.000Z,8741,Península
341981.0,2025-08-18T00:00:00.000+02:00,2025-08-17T22:00:00Z,2025-08-17T22:00:00.000Z,8741,Península
321566.0,2025-08-18T01:00:00.000+02:00,2025-08-17T23:00:00Z,2025-08-17T23:00:00.000Z,8741,Península
305727.0,2025-08-18T02:00:00.000+02:00,2025-08-18T00:00:00Z,2025-08-18T00:00:00.000Z,8741,Península
295457.0,2025-08-18T03:00:00.000+02:00,2025-08-18T01:00:00Z,2025-08-18T01:00:00.000Z,8741,Península
288865.0,2025-08-18T04:00:00.000+02:00,2025-08-18T02:00:00Z,2025-08-18T02:00:00.000Z,8741,Península
290481.0,2025-08-18T05:00:00.000+02:00,2025-08-18T03:00:00Z,2025-08-18T03:00:00.000Z,8741,Península
308720.0,2025-08-18T06:00:00.000+02:00,2025-08-18T04:00:00Z,2025-08-18T04:00:00.000Z,8741,Península
331911.0,2025-08-18T07:00:00.000+02:00,2025-08-18T05:00:00Z,2025-08-18T05:00:00.000Z,8741,Península
344680.0,2025-08-18T08:00:00.000+02:00,2025-08-18T06:00:00Z,2025-08-18T06:00:00.000Z,8741,Península
359199.0,2025-08-18T09:00:00.000+02:00,2025-08-18T07:00:00Z,2025-08-18T07:00:00.000Z,8741,Península
369361.0,2025-08-18T10:00:00.000+02:00,2025-08-18T08:00:00Z,2025-08-18T08:00:00.000Z,8741,Península
378795.0,2025-08-18T11:00:00.000+02:00,2025-08-18T09:00:00Z,2025-08-18T09:00:00.000Z,8741,Península
390854.0,2025-08-18T12:00:00.000+02:00,2025-08-18T10:00:00Z,2025-08-18T10:00:00.000Z,8741,Península
406609.0,2025-08-18T13:00:00.000+02:00,2025-08-18T11:00:00Z,2025-08-18T11:00:00.000Z,8741,Península
413201.0,2025-08-18T14:00:00.000+02:00,2025-08-18T12:00:00Z,2025-08-18T12:00:00.000Z,8741,Península
410645.0,2025-08-18T15:00:00.000+02:00,2025-08-18T13:00:00Z,2025-08-18T13:00:00.000Z,8741,Península
409329.0,2025-08-18T16:00:00.000+02:00,2025-08-18T14:00:00Z,2025-08-18T14:00:00.000Z,8741,Península
413635.0,2025-08-18T17:00:00.000+02:00,2025-08-18T15:00:00Z,2025-08-18T15:00:00.000Z,8741,Península
408844.0,2025-08-18T18:00:00.000+02:00,2025-08-18T16:00:00Z,2025-08-18T16:00:00.000Z,8741,Península
407451.0,2025-08-18T19:00:00.000+02:00,2025-08-18T17:00:00Z,2025-08-18T17:00:00.000Z,8741,Península
407918.0,2025-08-18T20:00:00.000+02:00,2025-08-18T18:00:00Z,2025-08-18T18:00:00.000Z,8741,Península
415206.0,2025-08-18T21:00:00.000+02:00,2025-08-18T19:00:00Z,2025-08-18T19:00:00.000Z,8741,Península
393163.0,2025-08-18T22:00:00.000+02:00,2025-08-18T20:00:00Z,2025-08-18T20:00:00.000Z,8741,Península
366030.0,2025-08-18T23:00:00.000+02:00,2025-08-18T21:00:00Z,2025-08-18T21:00:00.000Z,8741,Península
343650.0,2025-08-19T00:00:00.000+02:00,2025-08-18T22:00:00Z,2025-08-18T22:00:00.000Z,8741,Península
322068.0,2025-08-19T01:00:00.000+02:00,2025-08-18T23:00:00Z,2025-08-18T23:00:00.000Z,8741,Península
306268.0,2025-08-19T02:00:00.000+02:00,2025-08-19T00:00:00Z,2025-08-19T00:00:00.000Z,8741,Península
295832.0,2025-08-19T03:00:00.000+02:00,2025-08-19T01:00:00Z,2025-08-19T01:00:00.000Z,8741,Península
290592.0,2025-08-19T04:00:00.000+02:00,2025-08-19T02:00:00Z,2025-08-19T02:00:00.000Z,8741,Península
292659.0,2025-08-19T05:00:00.000+02:00,2025-08-19T03:00:00Z,2025-08-19T03:00:00.000Z,8741,Península
309866.0,2025-08-19T06:00:00.000+02:00,2025-08-19T04:00:00Z,2025-08-19T04:00:00.000Z,8741,Península
329990.0,2025-08-19T07:00:00.000+02:00,2025-08-19T05:00:00Z,2025-08-19T05:00:00.000Z,8741,Península
341971.0,2025-08-19T08:00:00.000+02:00,2025-08-19T06:00:00Z,2025-08-19T06:00:00.000Z,8741,Península
358892.0,2025-08-19T09:00:00.000+02:00,2025-08-19T07:00:00Z,2025-08-19T07:00:00.000Z,8741,Península
371735.0,2025-08-19T10:00:00.000+02:00,2025-08-19T08:00:00Z,2025-08-19T08:00:00.000Z,8741,Península
367225.0,2025-08-19T11:00:00.000+02:00,2025-08-19T09:00:00Z,2025-08-19T09:00:00.000Z,8741,Península
369435.0,2025-08-19T12:00:00.000+02:00,2025-08-19T10:00:00Z,2025-08-19T10:00:00.000Z,8741,Península
379533.0,2025-08-19T13:00:00.000+02:00,2025-08-19T11:00:00Z,2025-08-19T11:00:00.000Z,8741,Península
380533.0,2025-08-19T14:00:00.000+02:00,2025-08-19T12:00:00Z,2025-08-19T12:00:00.000Z,8741,Península
373511.0,2025-08-19T15:00:00.000+02:00,2025-08-19T13:00:00Z,2025-08-19T13:00:00.000Z,8741,Península
375652.0,2025-08-19T16:00:00.000+02:00,2025-08-19T14:00:00Z,2025-08-19T14:00:00.000Z,8741,Península
381330.0,2025-08-19T17:00:00.000+02:00,2025-08-19T15:00:00Z,2025-08-19T15:00:00.000Z,8741,Península
385123.0,2025-08-19T18:00:00.000+02:00,2025-08-19T16:00:00Z,2025-08-19T16:00:00.000Z,8741,Península
385754.0,2025-08-19T19:00:00.000+02:00,2025-08-19T17:00:00Z,2025-08-19T17:00:00.000Z,8741,Península
381691.0,2025-08-19T20:00:00.000+02:00,2025-08-19T18:00:00Z,2025-08-19T18:00:00.000Z,8741,Península
387613.0,2025-08-19T21:00:00.000+02:00,2025-08-19T19:00:00Z,2025-08-19T19:00:00.000Z,8741,Península
367116.0,2025-08-19T22:00:00.000+02:00,2025-08-19T20:00:00Z,2025-08-19T20:00:00.000Z,8741,Península
340774.0,2025-08-19T23:00:00.000+02:00,2025-08-19T21:00:00Z,2025-08-19T21:00:00.000Z,8741,Península
321245.0,2025-08-20T00:00:00.000+02:00,2025-08-19T22:00:00Z,2025-08-19T22:00:00.000Z,8741,Península
302145.0,2025-08-20T01:00:00.000+02:00,2025-08-19T23:00:00Z,2025-08-19T23:00:00.000Z,8741,Península
288878.0,2025-08-20T02:00:00.000+02:00,2025-08-20T00:00:00Z,2025-08-20T00:00:00.000Z,8741,Península
282544.0,2025-08-20T03:00:00.000+02:00,2025-08-20T01:00:00Z,2025-08-20T01:00:00.000Z,8741,Península
279411.0,2025-08-20T04:00:00.000+02:00,2025-08-20T02:00:00Z,2025-08-20T02:00:00.000Z,8741,Península
282259.0,2025-08-20T05:00:00.000+02:00,2025-08-20T03:00:00Z,2025-08-20T03:00:00.000Z,8741,Península
299574.0,2025-08-20T06:00:00.000+02:00,2025-08-20T04:00:00Z,2025-08-20T04:00:00.000Z,8741,Península
320319.0,2025-08-20T07:00:00.000+02:00,2025-08-20T05:00:00Z,2025-08-20T05:00:00.000Z,8741,Península
329119.0,2025-08-20T08:00:00.000+02:00,2025-08-20T06:00:00Z,2025-08-20T06:00:00.000Z,8741,Península
341874.0,2025-08-20T09:00:00.000+02:00,2025-08-20T07:00:00Z,2025-08-20T07:00:00.000Z,8741,Península
347106.0,2025-08-20T10:00:00.000+02:00,2025-08-20T08:00:00Z,2025-08-20T08:00:00.000Z,8741,Península
345170.0,2025-08-20T11:00:00.000+02:00,2025-08-20T09:00:00Z,2025-08-20T09:00:00.000Z,8741,Península
346254.0,2025-08-20T12:00:00.000+02:00,2025-08-20T10:00:00Z,2025-08-20T10:00:00.000Z,8741,Península
352198.0,2025-08-20T13:00:00.000+02:00,2025-08-20T11:00:00Z,2025-08-20T11:00:00.000Z,8741,Península
353578.0,2025-08-20T14:00:00.000+02:00,2025-08-20T12:00:00Z,2025-08-20T12:00:00.000Z,8741,Península
344228.0,2025-08-20T15:00:00.000+02:00,2025-08-20T13:00:00Z,2025-08-20T13:00:00.000Z,8741,Península
341029.0,2025-08-20T16:00:00.000+02:00,2025-08-20T14:00:00Z,2025-08-20T14:00:00.000Z,8741,Península
347270.0,2025-08-20T17:00:00.000+02:00,2025-08-20T15:00:00Z,2025-08-20T15:00:00.000Z,8741,Península
353321.0,2025-08-20T18:00:00.000+02:00,2025-08-20T16:00:00Z,2025-08-20T16:00:00.000Z,8741,Península
358455.0,2025-08-20T19:00:00.000+02:00,2025-08-20T17:00:00Z,2025-08-20T17:00:00.000Z,8741,Península
361800.0,2025-08-20T20:00:00.000+02:00,2025-08-20T18:00:00Z,2025-08-20T18:00:00.000Z,8741,Península
370436.0,2025-08-20T21:00:00.000+02:00,2025-08-20T19:00:00Z,2025-08-20T19:00:00.000Z,8741,Península
351411.0,2025-08-20T22:00:00.000+02:00,2025-08-20T20:00:00Z,2025-08-20T20:00:00.000Z,8741,Península
324156.0,2025-08-20T23:00:00.000+02:00,2025-08-20T21:00:00Z,2025-08-20T21:00:00.000Z,8741,Península
308567.0,2025-08-21T00:00:00.000+02:00,2025-08-20T22:00:00Z,2025-08-20T22:00:00.000Z,8741,Península
292871.0,2025-08-21T01:00:00.000+02:00,2025-08-20T23:00:00Z,2025-08-20T23:00:00.000Z,8741,Península
280811.0,2025-08-21T02:00:00.000+02:00,2025-08-21T00:00:00Z,2025-08-21T00:00:00.000Z,8741,Península
273754.0,2025-08-21T03:00:00.000+02:00,2025-08-21T01:00:00Z,2025-08-21T01:00:00.000Z,8741,Península
271013.0,2025-08-21T04:00:00.000+02:00,2025-08-21T02:00:00Z,2025-08-21T02:00:00.000Z,8741,Península
274837.0,2025-08-21T05:00:00.000+02:00,2025-08-21T03:00:00Z,2025-08-21T03:00:00.000Z,8741,Península
295136.0,2025-08-21T06:00:00.000+02:00,2025-08-21T04:00:00Z,2025-08-21T04:00:00.000Z,8741,Península
315236.0,2025-08-21T07:00:00.000+02:00,2025-08-21T05:00:00Z,2025-08-21T05:00:00.000Z,8741,Península
323382.0,2025-08-21T08:00:00.000+02:00,2025-08-21T06:00:00Z,2025-08-21T06:00:00.000Z,8741,Península
330452.0,2025-08-21T09:00:00.000+02:00,2025-08-21T07:00:00Z,2025-08-21T07:00:00.000Z,8741,Península
336551.0,2025-08-21T10:00:00.000+02:00,2025-08-21T08:00:00Z,2025-08-21T08:00:00.000Z,8741,Península
336481.0,2025-08-21T11:00:00.000+02:00,2025-08-21T09:00:00Z,2025-08-21T09:00:00.000Z,8741,Península
336969.0,2025-08-21T12:00:00.000+02:00,2025-08-21T10:00:00Z,2025-08-21T10:00:00.000Z,8741,Península
342100.0,2025-08-21T13:00:00.000+02:00,2025-08-21T11:00:00Z,2025-08-21T11:00:00.000Z,8741,Península
344239.0,2025-08-21T14:00:00.000+02:00,2025-08-21T12:00:00Z,2025-08-21T12:00:00.000Z,8741,Península
337337.0,2025-08-21T15:00:00.000+02:00,2025-08-21T13:00:00Z,2025-08-21T13:00:00.000Z,8741,Península
337603.0,2025-08-21T16:00:00.000+02:00,2025-08-21T14:00:00Z,2025-08-21T14:00:00.000Z,8741,Península
343237.0,2025-08-21T17:00:00.000+02:00,2025-08-21T15:00:00Z,2025-08-21T15:00:00.000Z,8741,Península
351076.0,2025-08-21T18:00:00.000+02:00,2025-08-21T16:00:00Z,2025-08-21T16:00:00.000Z,8741,Península
354915.0,2025-08-21T19:00:00.000+02:00,2025-08-21T17:00:00Z,2025-08-21T17:00:00.000Z,8741,Península
358374.0,2025-08-21T20:00:00.000+02:00,2025-08-21T18:00:00Z,2025-08-21T18:00:00.000Z,8741,Península
368790.0,2025-08-21T21:00:00.000+02:00,2025-08-21T19:00:00Z,2025-08-21T19:00:00.000Z,8741,Península
348599.0,2025-08-21T22:00:00.000+02:00,2025-08-21T20:00:00Z,2025-08-21T20:00:00.000Z,8741,Península
321068.0,2025-08-21T23:00:00.000+02:00,2025-08-21T21:00:00Z,2025-08-21T21:00:00.000Z,8741,Península
305021.0,2025-08-22T00:00:00.000+02:00,2025-08-21T22:00:00Z,2025-08-21T22:00:00.000Z,8741,Península
288887.0,2025-08-22T01:00:00.000+02:00,2025-08-21T23:00:00Z,2025-08-21T23:00:00.000Z,8741,Península
275583.0,2025-08-22T02:00:00.000+02:00,2025-08-22T00:00:00Z,2025-08-22T00:00:00.000Z,8741,Península
268437.0,2025-08-22T03:00:00.000+02:00,2025-08-22T01:00:00Z,2025-08-22T01:00:00.000Z,8741,Península
265287.0,2025-08-22T04:00:00.000+02:00,2025-08-22T02:00:00Z,2025-08-22T02:00:00.000Z,8741,Península
268779.0,2025-08-22T05:00:00.000+02:00,2025-08-22T03:00:00Z,2025-08-22T03:00:00.000Z,8741,Península
289737.0,2025-08-22T06:00:00.000+02:00,2025-08-22T04:00:00Z,2025-08-22T04:00:00.000Z,8741,Península
311023.0,2025-08-22T07:00:00.000+02:00,2025-08-22T05:00:00Z,2025-08-22T05:00:00.000Z,8741,Península
320287.0,2025-08-22T08:00:00.000+02:00,2025-08-22T06:00:00Z,2025-08-22T06:00:00.000Z,8741,Península
325935.0,2025-08-22T09:00:00.000+02:00,2025-08-22T07:00:00Z,2025-08-22T07:00:00.000Z,8741,Península
332604.0,2025-08-22T10:00:00.000+02:00,2025-08-22T08:00:00Z,2025-08-22T08:00:00.000Z,8741,Península
333931.0,2025-08-22T11:00:00.000+02:00,2025-08-22T09:00:00Z,2025-08-22T09:00:00.000Z,8741,Península
338377.0,2025-08-22T12:00:00.000+02:00,2025-08-22T10:00:00Z,2025-08-22T10:00:00.000Z,8741,Península
342727.0,2025-08-22T13:00:00.000+02:00,2025-08-22T11:00:00Z,2025-08-22T11:00:00.000Z,8741,Península
343248.0,2025-08-22T14:00:00.000+02:00,2025-08-22T12:00:00Z,2025-08-22T12:00:00.000Z,8741,Península
335910.0,2025-08-22T15:00:00.000+02:00,2025-08-22T13:00:00Z,2025-08-22T13:00:00.000Z,8741,Península
334932.0,2025-08-22T16:00:00.000+02:00,2025-08-22T14:00:00Z,2025-08-22T14:00:00.000Z,8741,Península
341449.0,2025-08-22T17:00:00.000+02:00,2025-08-22T15:00:00Z,2025-08-22T15:00:00.000Z,8741,Península
350028.0,2025-08-22T18:00:00.000+02:00,2025-08-22T16:00:00Z,2025-08-22T16:00:00.000Z,8741,Península
354595.0,2025-08-22T19:00:00.000+02:00,2025-08-22T17:00:00Z,2025-08-22T17:00:00.000Z,8741,Península
358736.0,2025-08-22T20:00:00.000+02:00,2025-08-22T18:00:00Z,2025-08-22T18:00:00.000Z,8741,Península
366704.0,2025-08-22T21:00:00.000+02:00,2025-08-22T19:00:00Z,2025-08-22T19:00:00.000Z,8741,Península
345294.0,2025-08-22T22:00:00.000+02:00,2025-08-22T20:00:00Z,2025-08-22T20:00:00.000Z,8741,Península
319582.0,2025-08-22T23:00:00.000+02:00,2025-08-22T21:00:00Z,2025-08-22T21:00:00.000Z,8741,Península
302586.0,2025-08-23T00:00:00.000+02:00,2025-08-22T22:00:00Z,2025-08-22T22:00:00.000Z,8741,Península
285558.0,2025-08-23T01:00:00.000+02:00,2025-08-22T23:00:00Z,2025-08-22T23:00:00.000Z,8741,Península
273375.0,2025-08-23T02:00:00.000+02:00,2025-08-23T00:00:00Z,2025-08-23T00:00:00.000Z,8741,Península
263934.0,2025-08-23T03:00:00.000+02:00,2025-08-23T01:00:00Z,2025-08-23T01:00:00.000Z,8741,Península
258683.0,2025-08-23T04:00:00.000+02:00,2025-08-23T02:00:00Z,2025-08-23T02:00:00.000Z,8741,Península
257278.0,2025-08-23T05:00:00.000+02:00,2025-08-23T03:00:00Z,2025-08-23T03:00:00.000Z,8741,Península
264855.0,2025-08-23T06:00:00.000+02:00,2025-08-23T04:00:00Z,2025-08-23T04:00:00.000Z,8741,Península
269860.0,2025-08-23T07:00:00.000+02:00,2025-08-23T05:00:00Z,2025-08-23T05:00:00.000Z,8741,Península
275201.0,2025-08-23T08:00:00.000+02:00,2025-08-23T06:00:00Z,2025-08-23T06:00:00.000Z,8741,Península
286771.0,2025-08-23T09:00:00.000+02:00,2025-08-23T07:00:00Z,2025-08-23T07:00:00.000Z,8741,Península
301477.0,2025-08-23T10:00:00.000+02:00,2025-08-23T08:00:00Z,2025-08-23T08:00:00.000Z,8741,Península
303020.0,2025-08-23T11:00:00.000+02:00,2025-08-23T09:00:00Z,2025-08-23T09:00:00.000Z,8741,Península
303433.0,2025-08-23T12:00:00.000+02:00,2025-08-23T10:00:00Z,2025-08-23T10:00:00.000Z,8741,Península
308555.0,2025-08-23T13:00:00.000+02:00,2025-08-23T11:00:00Z,2025-08-23T11:00:00.000Z,8741,Península
309302.0,2025-08-23T14:00:00.000+02:00,2025-08-23T12:00:00Z,2025-08-23T12:00:00.000Z,8741,Península
304841.0,2025-08-23T15:00:00.000+02:00,2025-08-23T13:00:00Z,2025-08-23T13:00:00.000Z,8741,Península
303472.0,2025-08-23T16:00:00.000+02:00,2025-08-23T14:00:00Z,2025-08-23T14:00:00.000Z,8741,Península
312529.0,2025-08-23T17:00:00.000+02:00,2025-08-23T15:00:00Z,2025-08-23T15:00:00.000Z,8741,Península
326349.0,2025-08-23T18:00:00.000+02:00,2025-08-23T16:00:00Z,2025-08-23T16:00:00.000Z,8741,Península
334864.0,2025-08-23T19:00:00.000+02:00,2025-08-23T17:00:00Z,2025-08-23T17:00:00.000Z,8741,Península
339116.0,2025-08-23T20:00:00.000+02:00,2025-08-23T18:00:00Z,2025-08-23T18:00:00.000Z,8741,Península
352602.0,2025-08-23T21:00:00.000+02:00,2025-08-23T19:00:00Z,2025-08-23T19:00:00.000Z,8741,Península
334672.0,2025-08-23T22:00:00.000+02:00,2025-08-23T20:00:00Z,2025-08-23T20:00:00.000Z,8741,Península
312154.0,2025-08-23T23:00:00.000+02:00,2025-08-23T21:00:00Z,2025-08-23T21:00:00.000Z,8741,Península
293540.0,2025-08-24T00:00:00.000+02:00,2025-08-23T22:00:00Z,2025-08-23T22:00:00.000Z,8741,Península
276572.0,2025-08-24T01:00:00.000+02:00,2025-08-23T23:00:00Z,2025-08-23T23:00:00.000Z,8741,Península
263481.0,2025-08-24T02:00:00.000+02:00,2025-08-24T00:00:00Z,2025-08-24T00:00:00.000Z,8741,Península
255117.0,2025-08-24T03:00:00.000+02:00,2025-08-24T01:00:00Z,2025-08-24T01:00:00.000Z,8741,Península
250224.0,2025-08-24T04:00:00.000+02:00,2025-08-24T02:00:00Z,2025-08-24T02:00:00.000Z,8741,Península
247383.0,2025-08-24T05:00:00.000+02:00,2025-08-24T03:00:00Z,2025-08-24T03:00:00.000Z,8741,Península
250075.0,2025-08-24T06:00:00.000+02:00,2025-08-24T04:00:00Z,2025-08-24T04:00:00.000Z,8741,Península
251051.0,2025-08-24T07:00:00.000+02:00,2025-08-24T05:00:00Z,2025-08-24T05:00:00.000Z,8741,Península
253162.0,2025-08-24T08:00:00.000+02:00,2025-08-24T06:00:00Z,2025-08-24T06:00:00.000Z,8741,Península
263890.0,2025-08-24T09:00:00.000+02:00,2025-08-24T07:00:00Z,2025-08-24T07:00:00.000Z,8741,Península
271940.0,2025-08-24T10:00:00.000+02:00,2025-08-24T08:00:00Z,2025-08-24T08:00:00.000Z,8741,Península
276333.0,2025-08-24T11:00:00.000+02:00,2025-08-24T09:00:00Z,2025-08-24T09:00:00.000Z,8741,Península
280336.0,2025-08-24T12:00:00.000+02:00,2025-08-24T10:00:00Z,2025-08-24T10:00:00.000Z,8741,Península
290187.0,2025-08-24T13:00:00.000+02:00,2025-08-24T11:00:00Z,2025-08-24T11:00:00.000Z,8741,Península
297371.0,2025-08-24T14:00:00.000+02:00,2025-08-24T12:00:00Z,2025-08-24T12:00:00.000Z,8741,Península
294557.0,2025-08-24T15:00:00.000+02:00,2025-08-24T13:00:00Z,2025-08-24T13:00:00.000Z,8741,Península
295617.0,2025-08-24T16:00:00.000+02:00,2025-08-24T14:00:00Z,2025-08-24T14:00:00.000Z,8741,Península
302152.0,2025-08-24T17:00:00.000+02:00,2025-08-24T15:00:00Z,2025-08-24T15:00:00.000Z,8741,Península
311991.0,2025-08-24T18:00:00.000+02:00,2025-08-24T16:00:00Z,2025-08-24T16:00:00.000Z,8741,Península
320641.0,2025-08-24T19:00:00.000+02:00,2025-08-24T17:00:00Z,2025-08-24T17:00:00.000Z,8741,Península
331934.0,2025-08-24T20:00:00.000+02:00,2025-08-24T18:00:00Z,2025-08-24T18:00:00.000Z,8741,Península
351265.0,2025-08-24T21:00:00.000+02:00,2025-08-24T19:00:00Z,2025-08-24T19:00:00.000Z,8741,Península
342713.0,2025-08-24T22:00:00.000+02:00,2025-08-24T20:00:00Z,2025-08-24T20:00:00.000Z,8741,Península
317951.0,2025-08-24T23:00:00.000+02:00,2025-08-24T21:00:00Z,2025-08-24T21:00:00.000Z,8741,Península
299220.0,2025-08-25T00:00:00.000+02:00,2025-08-24T22:00:00Z,2025-08-24T22:00:00.000Z,8741,Península
282074.0,2025-08-25T01:00:00.000+02:00,2025-08-24T23:00:00Z,2025-08-24T23:00:00.000Z,8741,Península
268673.0,2025-08-25T02:00:00.000+02:00,2025-08-25T00:00:00Z,2025-08-25T00:00:00.000Z,8741,Península
262786.0,2025-08-25T03:00:00.000+02:00,2025-08-25T01:00:00Z,2025-08-25T01:00:00.000Z,8741,Península
260857.0,2025-08-25T04:00:00.000+02:00,2025-08-25T02:00:00Z,2025-08-25T02:00:00.000Z,8741,Península
266249.0,2025-08-25T05:00:00.000+02:00,2025-08-25T03:00:00Z,2025-08-25T03:00:00.000Z,8741,Península
293208.0,2025-08-25T06:00:00.000+02:00,2025-08-25T04:00:00Z,2025-08-25T04:00:00.000Z,8741,Península
319677.0,2025-08-25T07:00:00.000+02:00,2025-08-25T05:00:00Z,2025-08-25T05:00:00.000Z,8741,Península
337171.0,2025-08-25T08:00:00.000+02:00,2025-08-25T06:00:00Z,2025-08-25T06:00:00.000Z,8741,Península
353715.0,2025-08-25T09:00:00.000+02:00,2025-08-25T07:00:00Z,2025-08-25T07:00:00.000Z,8741,Península
363557.0,2025-08-25T10:00:00.000+02:00,2025-08-25T08:00:00Z,2025-08-25T08:00:00.000Z,8741,Península
369547.0,2025-08-25T11:00:00.000+02:00,2025-08-25T09:00:00Z,2025-08-25T09:00:00.000Z,8741,Península
374476.0,2025-08-25T12:00:00.000+02:00,2025-08-25T10:00:00Z,2025-08-25T10:00:00.000Z,8741,Península
379118.0,2025-08-25T13:00:00.000+02:00,2025-08-25T11:00:00Z,2025-08-25T11:00:00.000Z,8741,Península
378018.0,2025-08-25T14:00:00.000+02:00,2025-08-25T12:00:00Z,2025-08-25T12:00:00.000Z,8741,Península
369180.0,2025-08-25T15:00:00.000+02:00,2025-08-25T13:00:00Z,2025-08-25T13:00:00.000Z,8741,Península
369750.0,2025-08-25T16:00:00.000+02:00,2025-08-25T14:00:00Z,2025-08-25T14:00:00.000Z,8741,Península
374834.0,2025-08-25T17:00:00.000+02:00,2025-08-25T15:00:00Z,2025-08-25T15:00:00.000Z,8741,Península
378447.0,2025-08-25T18:00:00.000+02:00,2025-08-25T16:00:00Z,2025-08-25T16:00:00.000Z,8741,Península
382959.0,2025-08-25T19:00:00.000+02:00,2025-08-25T17:00:00Z,2025-08-25T17:00:00.000Z,8741,Península
391037.0,2025-08-25T20:00:00.000+02:00,2025-08-25T18:00:00Z,2025-08-25T18:00:00.000Z,8741,Península
401218.0,2025-08-25T21:00:00.000+02:00,2025-08-25T19:00:00Z,2025-08-25T19:00:00.000Z,8741,Península
377279.0,2025-08-25T22:00:00.000+02:00,2025-08-25T20:00:00Z,2025-08-25T20:00:00.000Z,8741,Península
348853.0,2025-08-25T23:00:00.000+02:00,2025-08-25T21:00:00Z,2025-08-25T21:00:00.000Z,8741,Península
328554.0,2025-08-26T00:00:00.000+02:00,2025-08-25T22:00:00Z,2025-08-25T22:00:00.000Z,8741,Península
309015.0,2025-08-26T01:00:00.000+02:00,2025-08-25T23:00:00Z,2025-08-25T23:00:00.000Z,8741,Península
295771.0,2025-08-26T02:00:00.000+02:00,2025-08-26T00:00:00Z,2025-08-26T00:00:00.000Z,8741,Península
288496.0,2025-08-26T03:00:00.000+02:00,2025-08-26T01:00:00Z,2025-08-26T01:00:00.000Z,8741,Península
285681.0,2025-08-26T04:00:00.000+02:00,2025-08-26T02:00:00Z,2025-08-26T02:00:00.000Z,8741,Península
287743.0,2025-08-26T05:00:00.000+02:00,2025-08-26T03:00:00Z,2025-08-26T03:00:00.000Z,8741,Península
310427.0,2025-08-26T06:00:00.000+02:00,2025-08-26T04:00:00Z,2025-08-26T04:00:00.000Z,8741,Península
337526.0,2025-08-26T07:00:00.000+02:00,2025-08-26T05:00:00Z,2025-08-26T05:00:00.000Z,8741,Península
349956.0,2025-08-26T08:00:00.000+02:00,2025-08-26T06:00:00Z,2025-08-26T06:00:00.000Z,8741,Península
361833.0,2025-08-26T09:00:00.000+02:00,2025-08-26T07:00:00Z,2025-08-26T07:00:00.000Z,8741,Península
370623.0,2025-08-26T10:00:00.000+02:00,2025-08-26T08:00:00Z,2025-08-26T08:00:00.000Z,8741,Península
374527.0,2025-08-26T11:00:00.000+02:00,2025-08-26T09:00:00Z,2025-08-26T09:00:00.000Z,8741,Península
380485.0,2025-08-26T12:00:00.000+02:00,2025-08-26T10:00:00Z,2025-08-26T10:00:00.000Z,8741,Península
389568.0,2025-08-26T13:00:00.000+02:00,2025-08-26T11:00:00Z,2025-08-26T11:00:00.000Z,8741,Península
389214.0,2025-08-26T14:00:00.000+02:00,2025-08-26T12:00:00Z,2025-08-26T12:00:00.000Z,8741,Península
383003.0,2025-08-26T15:00:00.000+02:00,2025-08-26T13:00:00Z,2025-08-26T13:00:00.000Z,8741,Península
383181.0,2025-08-26T16:00:00.000+02:00,2025-08-26T14:00:00Z,2025-08-26T14:00:00.000Z,8741,Península
390289.0,2025-08-26T17:00:00.000+02:00,2025-08-26T15:00:00Z,2025-08-26T15:00:00.000Z,8741,Península
395314.0,2025-08-26T18:00:00.000+02:00,2025-08-26T16:00:00Z,2025-08-26T16:00:00.000Z,8741,Península
396591.0,2025-08-26T19:00:00.000+02:00,2025-08-26T17:00:00Z,2025-08-26T17:00:00.000Z,8741,Península
401728.0,2025-08-26T20:00:00.000+02:00,2025-08-26T18:00:00Z,2025-08-26T18:00:00.000Z,8741,Península
412377.0,2025-08-26T21:00:00.000+02:00,2025-08-26T19:00:00Z,2025-08-26T19:00:00.000Z,8741,Península
386772.0,2025-08-26T22:00:00.000+02:00,2025-08-26T20:00:00Z,2025-08-26T20:00:00.000Z,8741,Península
354947.0,2025-08-26T23:00:00.000+02:00,2025-08-26T21:00:00Z,2025-08-26T21:00:00.000Z,8741,Península
332958.0,2025-08-27T00:00:00.000+02:00,2025-08-26T22:00:00Z,2025-08-26T22:00:00.000Z,8741,Península
316174.0,2025-08-27T01:00:00.000+02:00,2025-08-26T23:00:00Z,2025-08-26T23:00:00.000Z,8741,Península
302815.0,2025-08-27T02:00:00.000+02:00,2025-08-27T00:00:00Z,2025-08-27T00:00:00.000Z,8741,Península
295485.0,2025-08-27T03:00:00.000+02:00,2025-08-27T01:00:00Z,2025-08-27T01:00:00.000Z,8741,Península
291586.0,2025-08-27T04:00:00.000+02:00,2025-08-27T02:00:00Z,2025-08-27T02:00:00.000Z,8741,Península
295206.0,2025-08-27T05:00:00.000+02:00,2025-08-27T03:00:00Z,2025-08-27T03:00:00.000Z,8741,Península
319908.0,2025-08-27T06:00:00.000+02:00,2025-08-27T04:00:00Z,2025-08-27T04:00:00.000Z,8741,Península
346210.0,2025-08-27T07:00:00.000+02:00,2025-08-27T05:00:00Z,2025-08-27T05:00:00.000Z,8741,Península
360022.0,2025-08-27T08:00:00.000+02:00,2025-08-27T06:00:00Z,2025-08-27T06:00:00.000Z,8741,Península
371473.0,2025-08-27T09:00:00.000+02:00,2025-08-27T07:00:00Z,2025-08-27T07:00:00.000Z,8741,Península
379519.0,2025-08-27T10:00:00.000+02:00,2025-08-27T08:00:00Z,2025-08-27T08:00:00.000Z,8741,Península
384101.0,2025-08-27T11:00:00.000+02:00,2025-08-27T09:00:00Z,2025-08-27T09:00:00.000Z,8741,Península
384494.0,2025-08-27T12:00:00.000+02:00,2025-08-27T10:00:00Z,2025-08-27T10:00:00.000Z,8741,Península
390574.0,2025-08-27T13:00:00.000+02:00,2025-08-27T11:00:00Z,2025-08-27T11:00:00.000Z,8741,Península
391086.0,2025-08-27T14:00:00.000+02:00,2025-08-27T12:00:00Z,2025-08-27T12:00:00.000Z,8741,Península
381871.0,2025-08-27T15:00:00.000+02:00,2025-08-27T13:00:00Z,2025-08-27T13:00:00.000Z,8741,Península
385130.0,2025-08-27T16:00:00.000+02:00,2025-08-27T14:00:00Z,2025-08-27T14:00:00.000Z,8741,Península
390132.0,2025-08-27T17:00:00.000+02:00,2025-08-27T15:00:00Z,2025-08-27T15:00:00.000Z,8741,Península
390574.0,2025-08-27T18:00:00.000+02:00,2025-08-27T16:00:00Z,2025-08-27T16:00:00.000Z,8741,Península
392120.0,2025-08-27T19:00:00.000+02:00,2025-08-27T17:00:00Z,2025-08-27T17:00:00.000Z,8741,Península
395460.0,2025-08-27T20:00:00.000+02:00,2025-08-27T18:00:00Z,2025-08-27T18:00:00.000Z,8741,Península
402397.0,2025-08-27T21:00:00.000+02:00,2025-08-27T19:00:00Z,2025-08-27T19:00:00.000Z,8741,Península
375620.0,2025-08-27T22:00:00.000+02:00,2025-08-27T20:00:00Z,2025-08-27T20:00:00.000Z,8741,Península
346195.0,2025-08-27T23:00:00.000+02:00,2025-08-27T21:00:00Z,2025-08-27T21:00:00.000Z,8741,Península
327722.0,2025-08-28T00:00:00.000+02:00,2025-08-27T22:00:00Z,2025-08-27T22:00:00.000Z,8741,Península
311154.0,2025-08-28T01:00:00.000+02:00,2025-08-27T23:00:00Z,2025-08-27T23:00:00.000Z,8741,Península
294387.0,2025-08-28T02:00:00.000+02:00,2025-08-28T00:00:00Z,2025-08-28T00:00:00.000Z,8741,Península
287123.0,2025-08-28T03:00:00.000+02:00,2025-08-28T01:00:00Z,2025-08-28T01:00:00.000Z,8741,Península
283653.0,2025-08-28T04:00:00.000+02:00,2025-08-28T02:00:00Z,2025-08-28T02:00:00.000Z,8741,Península
286428.0,2025-08-28T05:00:00.000+02:00,2025-08-28T03:00:00Z,2025-08-28T03:00:00.000Z,8741,Península
309613.0,2025-08-28T06:00:00.000+02:00,2025-08-28T04:00:00Z,2025-08-28T04:00:00.000Z,8741,Península
334418.0,2025-08-28T07:00:00.000+02:00,2025-08-28T05:00:00Z,2025-08-28T05:00:00.000Z,8741,Península
346302.0,2025-08-28T08:00:00.000+02:00,2025-08-28T06:00:00Z,2025-08-28T06:00:00.000Z,8741,Península
357010.0,2025-08-28T09:00:00.000+02:00,2025-08-28T07:00:00Z,2025-08-28T07:00:00.000Z,8741,Península
359555.0,2025-08-28T10:00:00.000+02:00,2025-08-28T08:00:00Z,2025-08-28T08:00:00.000Z,8741,Península
354641.0,2025-08-28T11:00:00.000+02:00,2025-08-28T09:00:00Z,2025-08-28T09:00:00.000Z,8741,Península
354713.0,2025-08-28T12:00:00.000+02:00,2025-08-28T10:00:00Z,2025-08-28T10:00:00.000Z,8741,Península
354936.0,2025-08-28T13:00:00.000+02:00,2025-08-28T11:00:00Z,2025-08-28T11:00:00.000Z,8741,Península
351258.0,2025-08-28T14:00:00.000+02:00,2025-08-28T12:00:00Z,2025-08-28T12:00:00.000Z,8741,Península
338853.0,2025-08-28T15:00:00.000+02:00,2025-08-28T13:00:00Z,2025-08-28T13:00:00.000Z,8741,Península
339209.0,2025-08-28T16:00:00.000+02:00,2025-08-28T14:00:00Z,2025-08-28T14:00:00.000Z,8741,Península
347114.0,2025-08-28T17:00:00.000+02:00,2025-08-28T15:00:00Z,2025-08-28T15:00:00.000Z,8741,Península
356020.0,2025-08-28T18:00:00.000+02:00,2025-08-28T16:00:00Z,2025-08-28T16:00:00.000Z,8741,Península
365035.0,2025-08-28T19:00:00.000+02:00,2025-08-28T17:00:00Z,2025-08-28T17:00:00.000Z,8741,Península
373284.0,2025-08-28T20:00:00.000+02:00,2025-08-28T18:00:00Z,2025-08-28T18:00:00.000Z,8741,Península
380331.0,2025-08-28T21:00:00.000+02:00,2025-08-28T19:00:00Z,2025-08-28T19:00:00.000Z,8741,Península
354980.0,2025-08-28T22:00:00.000+02:00,2025-08-28T20:00:00Z,2025-08-28T20:00:00.000Z,8741,Península
327970.0,2025-08-28T23:00:00.000+02:00,2025-08-28T21:00:00Z,2025-08-28T21:00:00.000Z,8741,Península
310208.0,2025-08-29T00:00:00.000+02:00,2025-08-28T22:00:00Z,2025-08-28T22:00:00.000Z,8741,Península
294451.0,2025-08-29T01:00:00.000+02:00,2025-08-28T23:00:00Z,2025-08-28T23:00:00.000Z,8741,Península
280212.0,2025-08-29T02:00:00.000+02:00,2025-08-29T00:00:00Z,2025-08-29T00:00:00.000Z,8741,Península
273685.0,2025-08-29T03:00:00.000+02:00,2025-08-29T01:00:00Z,2025-08-29T01:00:00.000Z,8741,Península
269308.0,2025-08-29T04:00:00.000+02:00,2025-08-29T02:00:00Z,2025-08-29T02:00:00.000Z,8741,Península
274023.0,2025-08-29T05:00:00.000+02:00,2025-08-29T03:00:00Z,2025-08-29T03:00:00.000Z,8741,Península
296461.0,2025-08-29T06:00:00.000+02:00,2025-08-29T04:00:00Z,2025-08-29T04:00:00.000Z,8741,Península
319299.0,2025-08-29T07:00:00.000+02:00,2025-08-29T05:00:00Z,2025-08-29T05:00:00.000Z,8741,Península
330374.0,2025-08-29T08:00:00.000+02:00,2025-08-29T06:00:00Z,2025-08-29T06:00:00.000Z,8741,Península
337360.0,2025-08-29T09:00:00.000+02:00,2025-08-29T07:00:00Z,2025-08-29T07:00:00.000Z,8741,Península
343518.0,2025-08-29T10:00:00.000+02:00,2025-08-29T08:00:00Z,2025-08-29T08:00:00.000Z,8741,Península
339648.0,2025-08-29T11:00:00.000+02:00,2025-08-29T09:00:00Z,2025-08-29T09:00:00.000Z,8741,Península
338784.0,2025-08-29T12:00:00.000+02:00,2025-08-29T10:00:00Z,2025-08-29T10:00:00.000Z,8741,Península
340454.0,2025-08-29T13:00:00.000+02:00,2025-08-29T11:00:00Z,2025-08-29T11:00:00.000Z,8741,Península
334543.0,2025-08-29T14:00:00.000+02:00,2025-08-29T12:00:00Z,2025-08-29T12:00:00.000Z,8741,Península
323818.0,2025-08-29T15:00:00.000+02:00,2025-08-29T13:00:00Z,2025-08-29T13:00:00.000Z,8741,Península
322088.0,2025-08-29T16:00:00.000+02:00,2025-08-29T14:00:00Z,2025-08-29T14:00:00.000Z,8741,Península
332059.0,2025-08-29T17:00:00.000+02:00,2025-08-29T15:00:00Z,2025-08-29T15:00:00.000Z,8741,Península
343063.0,2025-08-29T18:00:00.000+02:00,2025-08-29T16:00:00Z,2025-08-29T16:00:00.000Z,8741,Península
353751.0,2025-08-29T19:00:00.000+02:00,2025-08-29T17:00:00Z,2025-08-29T17:00:00.000Z,8741,Península
363068.0,2025-08-29T20:00:00.000+02:00,2025-08-29T18:00:00Z,2025-08-29T18:00:00.000Z,8741,Península
370050.0,2025-08-29T21:00:00.000+02:00,2025-08-29T19:00:00Z,2025-08-29T19:00:00.000Z,8741,Península
342998.0,2025-08-29T22:00:00.000+02:00,2025-08-29T20:00:00Z,2025-08-29T20:00:00.000Z,8741,Península
317747.0,2025-08-29T23:00:00.000+02:00,2025-08-29T21:00:00Z,2025-08-29T21:00:00.000Z,8741,Península
301983.0,2025-08-30T00:00:00.000+02:00,2025-08-29T22:00:00Z,2025-08-29T22:00:00.000Z,8741,Península
288433.0,2025-08-30T01:00:00.000+02:00,2025-08-29T23:00:00Z,2025-08-29T23:00:00.000Z,8741,Península
276212.0,2025-08-30T02:00:00.000+02:00,2025-08-30T00:00:00Z,2025-08-30T00:00:00.000Z,8741,Península
268013.0,2025-08-30T03:00:00.000+02:00,2025-08-30T01:00:00Z,2025-08-30T01:00:00.000Z,8741,Península
262565.0,2025-08-30T04:00:00.000+02:00,2025-08-30T02:00:00Z,2025-08-30T02:00:00.000Z,8741,Península
259924.0,2025-08-30T05:00:00.000+02:00,2025-08-30T03:00:00Z,2025-08-30T03:00:00.000Z,8741,Península
264324.0,2025-08-30T06:00:00.000+02:00,2025-08-30T04:00:00Z,2025-08-30T04:00:00.000Z,8741,Península
272664.0,2025-08-30T07:00:00.000+02:00,2025-08-30T05:00:00Z,2025-08-30T05:00:00.000Z,8741,Península
278520.0,2025-08-30T08:00:00.000+02:00,2025-08-30T06:00:00Z,2025-08-30T06:00:00.000Z,8741,Península
288810.0,2025-08-30T09:00:00.000+02:00,2025-08-30T07:00:00Z,2025-08-30T07:00:00.000Z,8741,Península
296717.0,2025-08-30T10:00:00.000+02:00,2025-08-30T08:00:00Z,2025-08-30T08:00:00.000Z,8741,Península
296870.0,2025-08-30T11:00:00.000+02:00,2025-08-30T09:00:00Z,2025-08-30T09:00:00.000Z,8741,Península
294745.0,2025-08-30T12:00:00.000+02:00,2025-08-30T10:00:00Z,2025-08-30T10:00:00.000Z,8741,Península
301809.0,2025-08-30T13:00:00.000+02:00,2025-08-30T11:00:00Z,2025-08-30T11:00:00.000Z,8741,Península
303194.0,2025-08-30T14:00:00.000+02:00,2025-08-30T12:00:00Z,2025-08-30T12:00:00.000Z,8741,Península
296241.0,2025-08-30T15:00:00.000+02:00,2025-08-30T13:00:00Z,2025-08-30T13:00:00.000Z,8741,Península
295437.0,2025-08-30T16:00:00.000+02:00,2025-08-30T14:00:00Z,2025-08-30T14:00:00.000Z,8741,Península
305843.0,2025-08-30T17:00:00.000+02:00,2025-08-30T15:00:00Z,2025-08-30T15:00:00.000Z,8741,Península
319719.0,2025-08-30T18:00:00.000+02:00,2025-08-30T16:00:00Z,2025-08-30T16:00:00.000Z,8741,Península
329818.0,2025-08-30T19:00:00.000+02:00,2025-08-30T17:00:00Z,2025-08-30T17:00:00.000Z,8741,Península
337972.0,2025-08-30T20:00:00.000+02:00,2025-08-30T18:00:00Z,2025-08-30T18:00:00.000Z,8741,Península
349363.0,2025-08-30T21:00:00.000+02:00,2025-08-30T19:00:00Z,2025-08-30T19:00:00.000Z,8741,Península
329617.0,2025-08-30T22:00:00.000+02:00,2025-08-30T20:00:00Z,2025-08-30T20:00:00.000Z,8741,Península
307484.0,2025-08-30T23:00:00.000+02:00,2025-08-30T21:00:00Z,2025-08-30T21:00:00.000Z,8741,Península
289624.0,2025-08-31T00:00:00.000+02:00,2025-08-30T22:00:00Z,2025-08-30T22:00:00.000Z,8741,Península
273392.0,2025-08-31T01:00:00.000+02:00,2025-08-30T23:00:00Z,2025-08-30T23:00:00.000Z,8741,Península
260322.0,2025-08-31T02:00:00.000+02:00,2025-08-31T00:00:00Z,2025-08-31T00:00:00.000Z,8741,Península
252175.0,2025-08-31T03:00:00.000+02:00,2025-08-31T01:00:00Z,2025-08-31T01:00:00.000Z,8741,Península
245988.0,2025-08-31T04:00:00.000+02:00,2025-08-31T02:00:00Z,2025-08-31T02:00:00.000Z,8741,Península
242982.0,2025-08-31T05:00:00.000+02:00,2025-08-31T03:00:00Z,2025-08-31T03:00:00.000Z,8741,Península
246815.0,2025-08-31T06:00:00.000+02:00,2025-08-31T04:00:00Z,2025-08-31T04:00:00.000Z,8741,Península
248971.0,2025-08-31T07:00:00.000+02:00,2025-08-31T05:00:00Z,2025-08-31T05:00:00.000Z,8741,Península
250050.0,2025-08-31T08:00:00.000+02:00,2025-08-31T06:00:00Z,2025-08-31T06:00:00.000Z,8741,Península
258026.0,2025-08-31T09:00:00.000+02:00,2025-08-31T07:00:00Z,2025-08-31T07:00:00.000Z,8741,Península
269463.0,2025-08-31T10:00:00.000+02:00,2025-08-31T08:00:00Z,2025-08-31T08:00:00.000Z,8741,Península
275906.0,2025-08-31T11:00:00.000+02:00,2025-08-31T09:00:00Z,2025-08-31T09:00:00.000Z,8741,Península
279880.0,2025-08-31T12:00:00.000+02:00,2025-08-31T10:00:00Z,2025-08-31T10:00:00.000Z,8741,Península
284651.0,2025-08-31T13:00:00.000+02:00,2025-08-31T11:00:00Z,2025-08-31T11:00:00.000Z,8741,Península
288319.0,2025-08-31T14:00:00.000+02:00,2025-08-31T12:00:00Z,2025-08-31T12:00:00.000Z,8741,Península
281805.0,2025-08-31T15:00:00.000+02:00,2025-08-31T13:00:00Z,2025-08-31T13:00:00.000Z,8741,Península
282002.0,2025-08-31T16:00:00.000+02:00,2025-08-31T14:00:00Z,2025-08-31T14:00:00.000Z,8741,Península
289637.0,2025-08-31T17:00:00.000+02:00,2025-08-31T15:00:00Z,2025-08-31T15:00:00.000Z,8741,Península
300150.0,2025-08-31T18:00:00.000+02:00,2025-08-31T16:00:00Z,2025-08-31T16:00:00.000Z,8741,Península
311476.0,2025-08-31T19:00:00.000+02:00,2025-08-31T17:00:00Z,2025-08-31T17:00:00.000Z,8741,Península
324199.0,2025-08-31T20:00:00.000+02:00,2025-08-31T18:00:00Z,2025-08-31T18:00:00.000Z,8741,Península
338341.0,2025-08-31T21:00:00.000+02:00,2025-08-31T19:00:00Z,2025-08-31T19:00:00.000Z,8741,Península
327930.0,2025-08-31T22:00:00.000+02:00,2025-08-31T20:00:00Z,2025-08-31T20:00:00.000Z,8741,Península
305542.0,2025-08-31T23:00:00.000+02:00,2025-08-31T21:00:00Z,2025-08-31T21:00:00.000Z,8741,Península
285840.0,2025-09-01T00:00:00.000+02:00,2025-08-31T22:00:00Z,2025-08-31T22:00:00.000Z,8741,Península
270403.0,2025-09-01T01:00:00.000+02:00,2025-08-31T23:00:00Z,2025-08-31T23:00:00.000Z,8741,Península
258180.0,2025-09-01T02:00:00.000+02:00,2025-09-01T00:00:00Z,2025-09-01T00:00:00.000Z,8741,Península
249934.0,2025-09-01T03:00:00.000+02:00,2025-09-01T01:00:00Z,2025-09-01T01:00:00.000Z,8741,Península
248360.0,2025-09-01T04:00:00.000+02:00,2025-09-01T02:00:00Z,2025-09-01T02:00:00.000Z,8741,Península
253294.0,2025-09-01T05:00:00.000+02:00,2025-09-01T03:00:00Z,2025-09-01T03:00:00.000Z,8741,Península
284363.0,2025-09-01T06:00:00.000+02:00,2025-09-01T04:00:00Z,2025-09-01T04:00:00.000Z,8741,Península
318663.0,2025-09-01T07:00:00.000+02:00,2025-09-01T05:00:00Z,2025-09-01T05:00:00.000Z,8741,Península
334287.0,2025-09-01T08:00:00.000+02:00,2025-09-01T06:00:00Z,2025-09-01T06:00:00.000Z,8741,Península
346024.0,2025-09-01T09:00:00.000+02:00,2025-09-01T07:00:00Z,2025-09-01T07:00:00.000Z,8741,Península
345391.0,2025-09-01T10:00:00.000+02:00,2025-09-01T08:00:00Z,2025-09-01T08:00:00.000Z,8741,Península
335167.0,2025-09-01T11:00:00.000+02:00,2025-09-01T09:00:00Z,2025-09-01T09:00:00.000Z,8741,Península
333575.0,2025-09-01T12:00:00.000+02:00,2025-09-01T10:00:00Z,2025-09-01T10:00:00.000Z,8741,Península
335606.0,2025-09-01T13:00:00.000+02:00,2025-09-01T11:00:00Z,2025-09-01T11:00:00.000Z,8741,Península
332314.0,2025-09-01T14:00:00.000+02:00,2025-09-01T12:00:00Z,2025-09-01T12:00:00.000Z,8741,Península
324845.0,2025-09-01T15:00:00.000+02:00,2025-09-01T13:00:00Z,2025-09-01T13:00:00.000Z,8741,Península
327427.0,2025-09-01T16:00:00.000+02:00,2025-09-01T14:00:00Z,2025-09-01T14:00:00.000Z,8741,Península
335018.0,2025-09-01T17:00:00.000+02:00,2025-09-01T15:00:00Z,2025-09-01T15:00:00.000Z,8741,Península
343521.0,2025-09-01T18:00:00.000+02:00,2025-09-01T16:00:00Z,2025-09-01T16:00:00.000Z,8741,Península
353471.0,2025-09-01T19:00:00.000+02:00,2025-09-01T17:00:00Z,2025-09-01T17:00:00.000Z,8741,Península
360484.0,2025-09-01T20:00:00.000+02:00,2025-09-01T18:00:00Z,2025-09-01T18:00:00.000Z,8741,Península
371346.0,2025-09-01T21:00:00.000+02:00,2025-09-01T19:00:00Z,2025-09-01T19:00:00.000Z,8741,Península
341853.0,2025-09-01T22:00:00.000+02:00,2025-09-01T20:00:00Z,2025-09-01T20:00:00.000Z,8741,Península
311784.0,2025-09-01T23:00:00.000+02:00,2025-09-01T21:00:00Z,2025-09-01T21:00:00.000Z,8741,Península
296777.0,2025-09-02T00:00:00.000+02:00,2025-09-01T22:00:00Z,2025-09-01T22:00:00.000Z,8741,Península
284353.0,2025-09-02T01:00:00.000+02:00,2025-09-01T23:00:00Z,2025-09-01T23:00:00.000Z,8741,Península
272852.0,2025-09-02T02:00:00.000+02:00,2025-09-02T00:00:00Z,2025-09-02T00:00:00.000Z,8741,Península
267359.0,2025-09-02T03:00:00.000+02:00,2025-09-02T01:00:00Z,2025-09-02T01:00:00.000Z,8741,Península
265006.0,2025-09-02T04:00:00.000+02:00,2025-09-02T02:00:00Z,2025-09-02T02:00:00.000Z,8741,Península
270510.0,2025-09-02T05:00:00.000+02:00,2025-09-02T03:00:00Z,2025-09-02T03:00:00.000Z,8741,Península
295847.0,2025-09-02T06:00:00.000+02:00,2025-09-02T04:00:00Z,2025-09-02T04:00:00.000Z,8741,Península
326415.0,2025-09-02T07:00:00.000+02:00,2025-09-02T05:00:00Z,2025-09-02T05:00:00.000Z,8741,Península
337858.0,2025-09-02T08:00:00.000+02:00,2025-09-02T06:00:00Z,2025-09-02T06:00:00.000Z,8741,Península
342486.0,2025-09-02T09:00:00.000+02:00,2025-09-02T07:00:00Z,2025-09-02T07:00:00.000Z,8741,Península
341085.0,2025-09-02T10:00:00.000+02:00,2025-09-02T08:00:00Z,2025-09-02T08:00:00.000Z,8741,Península
336337.0,2025-09-02T11:00:00.000+02:00,2025-09-02T09:00:00Z,2025-09-02T09:00:00.000Z,8741,Península
332508.0,2025-09-02T12:00:00.000+02:00,2025-09-02T10:00:00Z,2025-09-02T10:00:00.000Z,8741,Península
338800.0,2025-09-02T13:00:00.000+02:00,2025-09-02T11:00:00Z,2025-09-02T11:00:00.000Z,8741,Península
336971.0,2025-09-02T14:00:00.000+02:00,2025-09-02T12:00:00Z,2025-09-02T12:00:00.000Z,8741,Península
327664.0,2025-09-02T15:00:00.000+02:00,2025-09-02T13:00:00Z,2025-09-02T13:00:00.000Z,8741,Península
330555.0,2025-09-02T16:00:00.000+02:00,2025-09-02T14:00:00Z,2025-09-02T14:00:00.000Z,8741,Península
342708.0,2025-09-02T17:00:00.000+02:00,2025-09-02T15:00:00Z,2025-09-02T15:00:00.000Z,8741,Península
349967.0,2025-09-02T18:00:00.000+02:00,2025-09-02T16:00:00Z,2025-09-02T16:00:00.000Z,8741,Península
360155.0,2025-09-02T19:00:00.000+02:00,2025-09-02T17:00:00Z,2025-09-02T17:00:00.000Z,8741,Península
373382.0,2025-09-02T20:00:00.000+02:00,2025-09-02T18:00:00Z,2025-09-02T18:00:00.000Z,8741,Península
384679.0,2025-09-02T21:00:00.000+02:00,2025-09-02T19:00:00Z,2025-09-02T19:00:00.000Z,8741,Península
354561.0,2025-09-02T22:00:00.000+02:00,2025-09-02T20:00:00Z,2025-09-02T20:00:00.000Z,8741,Península
324040.0,2025-09-02T23:00:00.000+02:00,2025-09-02T21:00:00Z,2025-09-02T21:00:00.000Z,8741,Península
306456.0,2025-09-03T00:00:00.000+02:00,2025-09-02T22:00:00Z,2025-09-02T22:00:00.000Z,8741,Península
291451.0,2025-09-03T01:00:00.000+02:00,2025-09-02T23:00:00Z,2025-09-02T23:00:00.000Z,8741,Península
280702.0,2025-09-03T02:00:00.000+02:00,2025-09-03T00:00:00Z,2025-09-03T00:00:00.000Z,8741,Península
273349.0,2025-09-03T03:00:00.000+02:00,2025-09-03T01:00:00Z,2025-09-03T01:00:00.000Z,8741,Península
270598.0,2025-09-03T04:00:00.000+02:00,2025-09-03T02:00:00Z,2025-09-03T02:00:00.000Z,8741,Península
274092.0,2025-09-03T05:00:00.000+02:00,2025-09-03T03:00:00Z,2025-09-03T03:00:00.000Z,8741,Península
299795.0,2025-09-03T06:00:00.000+02:00,2025-09-03T04:00:00Z,2025-09-03T04:00:00.000Z,8741,Península
330072.0,2025-09-03T07:00:00.000+02:00,2025-09-03T05:00:00Z,2025-09-03T05:00:00.000Z,8741,Península
343505.0,2025-09-03T08:00:00.000+02:00,2025-09-03T06:00:00Z,2025-09-03T06:00:00.000Z,8741,Península
346778.0,2025-09-03T09:00:00.000+02:00,2025-09-03T07:00:00Z,2025-09-03T07:00:00.000Z,8741,Península
345048.0,2025-09-03T10:00:00.000+02:00,2025-09-03T08:00:00Z,2025-09-03T08:00:00.000Z,8741,Península
348744.0,2025-09-03T11:00:00.000+02:00,2025-09-03T09:00:00Z,2025-09-03T09:00:00.000Z,8741,Península
350826.0,2025-09-03T12:00:00.000+02:00,2025-09-03T10:00:00Z,2025-09-03T10:00:00.000Z,8741,Península
354891.0,2025-09-03T13:00:00.000+02:00,2025-09-03T11:00:00Z,2025-09-03T11:00:00.000Z,8741,Península
353110.0,2025-09-03T14:00:00.000+02:00,2025-09-03T12:00:00Z,2025-09-03T12:00:00.000Z,8741,Península
346839.0,2025-09-03T15:00:00.000+02:00,2025-09-03T13:00:00Z,2025-09-03T13:00:00.000Z,8741,Península
349418.0,2025-09-03T16:00:00.000+02:00,2025-09-03T14:00:00Z,2025-09-03T14:00:00.000Z,8741,Península
359099.0,2025-09-03T17:00:00.000+02:00,2025-09-03T15:00:00Z,2025-09-03T15:00:00.000Z,8741,Península
369335.0,2025-09-03T18:00:00.000+02:00,2025-09-03T16:00:00Z,2025-09-03T16:00:00.000Z,8741,Península
378540.0,2025-09-03T19:00:00.000+02:00,2025-09-03T17:00:00Z,2025-09-03T17:00:00.000Z,8741,Península
387231.0,2025-09-03T20:00:00.000+02:00,2025-09-03T18:00:00Z,2025-09-03T18:00:00.000Z,8741,Península
393813.0,2025-09-03T21:00:00.000+02:00,2025-09-03T19:00:00Z,2025-09-03T19:00:00.000Z,8741,Península
362566.0,2025-09-03T22:00:00.000+02:00,2025-09-03T20:00:00Z,2025-09-03T20:00:00.000Z,8741,Península
333213.0,2025-09-03T23:00:00.000+02:00,2025-09-03T21:00:00Z,2025-09-03T21:00:00.000Z,8741,Península
315803.0,2025-09-04T00:00:00.000+02:00,2025-09-03T22:00:00Z,2025-09-03T22:00:00.000Z,8741,Península
298231.0,2025-09-04T01:00:00.000+02:00,2025-09-03T23:00:00Z,2025-09-03T23:00:00.000Z,8741,Península
287360.0,2025-09-04T02:00:00.000+02:00,2025-09-04T00:00:00Z,2025-09-04T00:00:00.000Z,8741,Península
279411.0,2025-09-04T03:00:00.000+02:00,2025-09-04T01:00:00Z,2025-09-04T01:00:00.000Z,8741,Península
276394.0,2025-09-04T04:00:00.000+02:00,2025-09-04T02:00:00Z,2025-09-04T02:00:00.000Z,8741,Península
282203.0,2025-09-04T05:00:00.000+02:00,2025-09-04T03:00:00Z,2025-09-04T03:00:00.000Z,8741,Península
308254.0,2025-09-04T06:00:00.000+02:00,2025-09-04T04:00:00Z,2025-09-04T04:00:00.000Z,8741,Península
339061.0,2025-09-04T07:00:00.000+02:00,2025-09-04T05:00:00Z,2025-09-04T05:00:00.000Z,8741,Península
351435.0,2025-09-04T08:00:00.000+02:00,2025-09-04T06:00:00Z,2025-09-04T06:00:00.000Z,8741,Península
357325.0,2025-09-04T09:00:00.000+02:00,2025-09-04T07:00:00Z,2025-09-04T07:00:00.000Z,8741,Península
359703.0,2025-09-04T10:00:00.000+02:00,2025-09-04T08:00:00Z,2025-09-04T08:00:00.000Z,8741,Península
356285.0,2025-09-04T11:00:00.000+02:00,2025-09-04T09:00:00Z,2025-09-04T09:00:00.000Z,8741,Península
357423.0,2025-09-04T12:00:00.000+02:00,2025-09-04T10:00:00Z,2025-09-04T10:00:00.000Z,8741,Península
361849.0,2025-09-04T13:00:00.000+02:00,2025-09-04T11:00:00Z,2025-09-04T11:00:00.000Z,8741,Península
360376.0,2025-09-04T14:00:00.000+02:00,2025-09-04T12:00:00Z,2025-09-04T12:00:00.000Z,8741,Península
351806.0,2025-09-04T15:00:00.000+02:00,2025-09-04T13:00:00Z,2025-09-04T13:00:00.000Z,8741,Península
352366.0,2025-09-04T16:00:00.000+02:00,2025-09-04T14:00:00Z,2025-09-04T14:00:00.000Z,8741,Península
361102.0,2025-09-04T17:00:00.000+02:00,2025-09-04T15:00:00Z,2025-09-04T15:00:00.000Z,8741,Península
370630.0,2025-09-04T18:00:00.000+02:00,2025-09-04T16:00:00Z,2025-09-04T16:00:00.000Z,8741,Península
380496.0,2025-09-04T19:00:00.000+02:00,2025-09-04T17:00:00Z,2025-09-04T17:00:00.000Z,8741,Península
394549.0,2025-09-04T20:00:00.000+02:00,2025-09-04T18:00:00Z,2025-09-04T18:00:00.000Z,8741,Península
399658.0,2025-09-04T21:00:00.000+02:00,2025-09-04T19:00:00Z,2025-09-04T19:00:00.000Z,8741,Península
368016.0,2025-09-04T22:00:00.000+02:00,2025-09-04T20:00:00Z,2025-09-04T20:00:00.000Z,8741,Península
337573.0,2025-09-04T23:00:00.000+02:00,2025-09-04T21:00:00Z,2025-09-04T21:00:00.000Z,8741,Península
317555.0,2025-09-05T00:00:00.000+02:00,2025-09-04T22:00:00Z,2025-09-04T22:00:00.000Z,8741,Península
301453.0,2025-09-05T01:00:00.000+02:00,2025-09-04T23:00:00Z,2025-09-04T23:00:00.000Z,8741,Península
287146.0,2025-09-05T02:00:00.000+02:00,2025-09-05T00:00:00Z,2025-09-05T00:00:00.000Z,8741,Península
280481.0,2025-09-05T03:00:00.000+02:00,2025-09-05T01:00:00Z,2025-09-05T01:00:00.000Z,8741,Península
277144.0,2025-09-05T04:00:00.000+02:00,2025-09-05T02:00:00Z,2025-09-05T02:00:00.000Z,8741,Península
281333.0,2025-09-05T05:00:00.000+02:00,2025-09-05T03:00:00Z,2025-09-05T03:00:00.000Z,8741,Península
307809.0,2025-09-05T06:00:00.000+02:00,2025-09-05T04:00:00Z,2025-09-05T04:00:00.000Z,8741,Península
336489.0,2025-09-05T07:00:00.000+02:00,2025-09-05T05:00:00Z,2025-09-05T05:00:00.000Z,8741,Península
350095.0,2025-09-05T08:00:00.000+02:00,2025-09-05T06:00:00Z,2025-09-05T06:00:00.000Z,8741,Península
356174.0,2025-09-05T09:00:00.000+02:00,2025-09-05T07:00:00Z,2025-09-05T07:00:00.000Z,8741,Península
359021.0,2025-09-05T10:00:00.000+02:00,2025-09-05T08:00:00Z,2025-09-05T08:00:00.000Z,8741,Península
359328.0,2025-09-05T11:00:00.000+02:00,2025-09-05T09:00:00Z,2025-09-05T09:00:00.000Z,8741,Península
363602.0,2025-09-05T12:00:00.000+02:00,2025-09-05T10:00:00Z,2025-09-05T10:00:00.000Z,8741,Península
366167.0,2025-09-05T13:00:00.000+02:00,2025-09-05T11:00:00Z,2025-09-05T11:00:00.000Z,8741,Península
360506.0,2025-09-05T14:00:00.000+02:00,2025-09-05T12:00:00Z,2025-09-05T12:00:00.000Z,8741,Península
350024.0,2025-09-05T15:00:00.000+02:00,2025-09-05T13:00:00Z,2025-09-05T13:00:00.000Z,8741,Península
348579.0,2025-09-05T16:00:00.000+02:00,2025-09-05T14:00:00Z,2025-09-05T14:00:00.000Z,8741,Península
357359.0,2025-09-05T17:00:00.000+02:00,2025-09-05T15:00:00Z,2025-09-05T15:00:00.000Z,8741,Península
365157.0,2025-09-05T18:00:00.000+02:00,2025-09-05T16:00:00Z,2025-09-05T16:00:00.000Z,8741,Península
371162.0,2025-09-05T19:00:00.000+02:00,2025-09-05T17:00:00Z,2025-09-05T17:00:00.000Z,8741,Península
378310.0,2025-09-05T20:00:00.000+02:00,2025-09-05T18:00:00Z,2025-09-05T18:00:00.000Z,8741,Península
380304.0,2025-09-05T21:00:00.000+02:00,2025-09-05T19:00:00Z,2025-09-05T19:00:00.000Z,8741,Península
349941.0,2025-09-05T22:00:00.000+02:00,2025-09-05T20:00:00Z,2025-09-05T20:00:00.000Z,8741,Península
325278.0,2025-09-05T23:00:00.000+02:00,2025-09-05T21:00:00Z,2025-09-05T21:00:00.000Z,8741,Península
310888.0,2025-09-06T00:00:00.000+02:00,2025-09-05T22:00:00Z,2025-09-05T22:00:00.000Z,8741,Península
295064.0,2025-09-06T01:00:00.000+02:00,2025-09-05T23:00:00Z,2025-09-05T23:00:00.000Z,8741,Península
281059.0,2025-09-06T02:00:00.000+02:00,2025-09-06T00:00:00Z,2025-09-06T00:00:00.000Z,8741,Península
271963.0,2025-09-06T03:00:00.000+02:00,2025-09-06T01:00:00Z,2025-09-06T01:00:00.000Z,8741,Península
268913.0,2025-09-06T04:00:00.000+02:00,2025-09-06T02:00:00Z,2025-09-06T02:00:00.000Z,8741,Península
266982.0,2025-09-06T05:00:00.000+02:00,2025-09-06T03:00:00Z,2025-09-06T03:00:00.000Z,8741,Península
273107.0,2025-09-06T06:00:00.000+02:00,2025-09-06T04:00:00Z,2025-09-06T04:00:00.000Z,8741,Península
284003.0,2025-09-06T07:00:00.000+02:00,2025-09-06T05:00:00Z,2025-09-06T05:00:00.000Z,8741,Península
289864.0,2025-09-06T08:00:00.000+02:00,2025-09-06T06:00:00Z,2025-09-06T06:00:00.000Z,8741,Península
298643.0,2025-09-06T09:00:00.000+02:00,2025-09-06T07:00:00Z,2025-09-06T07:00:00.000Z,8741,Península
309277.0,2025-09-06T10:00:00.000+02:00,2025-09-06T08:00:00Z,2025-09-06T08:00:00.000Z,8741,Península
307457.0,2025-09-06T11:00:00.000+02:00,2025-09-06T09:00:00Z,2025-09-06T09:00:00.000Z,8741,Península
309529.0,2025-09-06T12:00:00.000+02:00,2025-09-06T10:00:00Z,2025-09-06T10:00:00.000Z,8741,Península
313616.0,2025-09-06T13:00:00.000+02:00,2025-09-06T11:00:00Z,2025-09-06T11:00:00.000Z,8741,Península
312644.0,2025-09-06T14:00:00.000+02:00,2025-09-06T12:00:00Z,2025-09-06T12:00:00.000Z,8741,Península
306168.0,2025-09-06T15:00:00.000+02:00,2025-09-06T13:00:00Z,2025-09-06T13:00:00.000Z,8741,Península
304461.0,2025-09-06T16:00:00.000+02:00,2025-09-06T14:00:00Z,2025-09-06T14:00:00.000Z,8741,Península
307083.0,2025-09-06T17:00:00.000+02:00,2025-09-06T15:00:00Z,2025-09-06T15:00:00.000Z,8741,Península
317961.0,2025-09-06T18:00:00.000+02:00,2025-09-06T16:00:00Z,2025-09-06T16:00:00.000Z,8741,Península
328885.0,2025-09-06T19:00:00.000+02:00,2025-09-06T17:00:00Z,2025-09-06T17:00:00.000Z,8741,Península
343107.0,2025-09-06T20:00:00.000+02:00,2025-09-06T18:00:00Z,2025-09-06T18:00:00.000Z,8741,Península
349527.0,2025-09-06T21:00:00.000+02:00,2025-09-06T19:00:00Z,2025-09-06T19:00:00.000Z,8741,Península
328192.0,2025-09-06T22:00:00.000+02:00,2025-09-06T20:00:00Z,2025-09-06T20:00:00.000Z,8741,Península
308255.0,2025-09-06T23:00:00.000+02:00,2025-09-06T21:00:00Z,2025-09-06T21:00:00.000Z,8741,Península
291208.0,2025-09-07T00:00:00.000+02:00,2025-09-06T22:00:00Z,2025-09-06T22:00:00.000Z,8741,Península
277302.0,2025-09-07T01:00:00.000+02:00,2025-09-06T23:00:00Z,2025-09-06T23:00:00.000Z,8741,Península
264471.0,2025-09-07T02:00:00.000+02:00,2025-09-07T00:00:00Z,2025-09-07T00:00:00.000Z,8741,Península
257969.0,2025-09-07T03:00:00.000+02:00,2025-09-07T01:00:00Z,2025-09-07T01:00:00.000Z,8741,Península
252068.0,2025-09-07T04:00:00.000+02:00,2025-09-07T02:00:00Z,2025-09-07T02:00:00.000Z,8741,Península
252254.0,2025-09-07T05:00:00.000+02:00,2025-09-07T03:00:00Z,2025-09-07T03:00:00.000Z,8741,Península
256942.0,2025-09-07T06:00:00.000+02:00,2025-09-07T04:00:00Z,2025-09-07T04:00:00.000Z,8741,Península
262449.0,2025-09-07T07:00:00.000+02:00,2025-09-07T05:00:00Z,2025-09-07T05:00:00.000Z,8741,Península
263351.0,2025-09-07T08:00:00.000+02:00,2025-09-07T06:00:00Z,2025-09-07T06:00:00.000Z,8741,Península
274512.0,2025-09-07T09:00:00.000+02:00,2025-09-07T07:00:00Z,2025-09-07T07:00:00.000Z,8741,Península
285744.0,2025-09-07T10:00:00.000+02:00,2025-09-07T08:00:00Z,2025-09-07T08:00:00.000Z,8741,Península
291887.0,2025-09-07T11:00:00.000+02:00,2025-09-07T09:00:00Z,2025-09-07T09:00:00.000Z,8741,Península
297370.0,2025-09-07T12:00:00.000+02:00,2025-09-07T10:00:00Z,2025-09-07T10:00:00.000Z,8741,Península
304331.0,2025-09-07T13:00:00.000+02:00,2025-09-07T11:00:00Z,2025-09-07T11:00:00.000Z,8741,Península
308753.0,2025-09-07T14:00:00.000+02:00,2025-09-07T12:00:00Z,2025-09-07T12:00:00.000Z,8741,Península
302033.0,2025-09-07T15:00:00.000+02:00,2025-09-07T13:00:00Z,2025-09-07T13:00:00.000Z,8741,Península
299241.0,2025-09-07T16:00:00.000+02:00,2025-09-07T14:00:00Z,2025-09-07T14:00:00.000Z,8741,Península
306149.0,2025-09-07T17:00:00.000+02:00,2025-09-07T15:00:00Z,2025-09-07T15:00:00.000Z,8741,Península
314326.0,2025-09-07T18:00:00.000+02:00,2025-09-07T16:00:00Z,2025-09-07T16:00:00.000Z,8741,Península
325270.0,2025-09-07T19:00:00.000+02:00,2025-09-07T17:00:00Z,2025-09-07T17:00:00.000Z,8741,Península
344423.0,2025-09-07T20:00:00.000+02:00,2025-09-07T18:00:00Z,2025-09-07T18:00:00.000Z,8741,Península
357268.0,2025-09-07T21:00:00.000+02:00,2025-09-07T19:00:00Z,2025-09-07T19:00:00.000Z,8741,Península
340956.0,2025-09-07T22:00:00.000+02:00,2025-09-07T20:00:00Z,2025-09-07T20:00:00.000Z,8741,Península
318328.0,2025-09-07T23:00:00.000+02:00,2025-09-07T21:00:00Z,2025-09-07T21:00:00.000Z,8741,Península
300468.0,2025-09-08T00:00:00.000+02:00,2025-09-07T22:00:00Z,2025-09-07T22:00:00.000Z,8741,Península
284784.0,2025-09-08T01:00:00.000+02:00,2025-09-07T23:00:00Z,2025-09-07T23:00:00.000Z,8741,Península
274260.0,2025-09-08T02:00:00.000+02:00,2025-09-08T00:00:00Z,2025-09-08T00:00:00.000Z,8741,Península
267310.0,2025-09-08T03:00:00.000+02:00,2025-09-08T01:00:00Z,2025-09-08T01:00:00.000Z,8741,Península
265910.0,2025-09-08T04:00:00.000+02:00,2025-09-08T02:00:00Z,2025-09-08T02:00:00.000Z,8741,Península
271033.0,2025-09-08T05:00:00.000+02:00,2025-09-08T03:00:00Z,2025-09-08T03:00:00.000Z,8741,Península
300351.0,2025-09-08T06:00:00.000+02:00,2025-09-08T04:00:00Z,2025-09-08T04:00:00.000Z,8741,Península
335158.0,2025-09-08T07:00:00.000+02:00,2025-09-08T05:00:00Z,2025-09-08T05:00:00.000Z,8741,Península
352205.0,2025-09-08T08:00:00.000+02:00,2025-09-08T06:00:00Z,2025-09-08T06:00:00.000Z,8741,Península
361074.0,2025-09-08T09:00:00.000+02:00,2025-09-08T07:00:00Z,2025-09-08T07:00:00.000Z,8741,Península
367625.0,2025-09-08T10:00:00.000+02:00,2025-09-08T08:00:00Z,2025-09-08T08:00:00.000Z,8741,Península
370745.0,2025-09-08T11:00:00.000+02:00,2025-09-08T09:00:00Z,2025-09-08T09:00:00.000Z,8741,Península
375022.0,2025-09-08T12:00:00.000+02:00,2025-09-08T10:00:00Z,2025-09-08T10:00:00.000Z,8741,Península
378758.0,2025-09-08T13:00:00.000+02:00,2025-09-08T11:00:00Z,2025-09-08T11:00:00.000Z,8741,Península
374648.0,2025-09-08T14:00:00.000+02:00,2025-09-08T12:00:00Z,2025-09-08T12:00:00.000Z,8741,Península
367104.0,2025-09-08T15:00:00.000+02:00,2025-09-08T13:00:00Z,2025-09-08T13:00:00.000Z,8741,Península
367342.0,2025-09-08T16:00:00.000+02:00,2025-09-08T14:00:00Z,2025-09-08T14:00:00.000Z,8741,Península
367414.0,2025-09-08T17:00:00.000+02:00,2025-09-08T15:00:00Z,2025-09-08T15:00:00.000Z,8741,Península
368386.0,2025-09-08T18:00:00.000+02:00,2025-09-08T16:00:00Z,2025-09-08T16:00:00.000Z,8741,Península
368761.0,2025-09-08T19:00:00.000+02:00,2025-09-08T17:00:00Z,2025-09-08T17:00:00.000Z,8741,Península
380255.0,2025-09-08T20:00:00.000+02:00,2025-09-08T18:00:00Z,2025-09-08T18:00:00.000Z,8741,Península
382338.0,2025-09-08T21:00:00.000+02:00,2025-09-08T19:00:00Z,2025-09-08T19:00:00.000Z,8741,Península
349463.0,2025-09-08T22:00:00.000+02:00,2025-09-08T20:00:00Z,2025-09-08T20:00:00.000Z,8741,Península
321796.0,2025-09-08T23:00:00.000+02:00,2025-09-08T21:00:00Z,2025-09-08T21:00:00.000Z,8741,Península
305327.0,2025-09-09T00:00:00.000+02:00,2025-09-08T22:00:00Z,2025-09-08T22:00:00.000Z,8741,Península
291256.0,2025-09-09T01:00:00.000+02:00,2025-09-08T23:00:00Z,2025-09-08T23:00:00.000Z,8741,Península
280513.0,2025-09-09T02:00:00.000+02:00,2025-09-09T00:00:00Z,2025-09-09T00:00:00.000Z,8741,Península
274887.0,2025-09-09T03:00:00.000+02:00,2025-09-09T01:00:00Z,2025-09-09T01:00:00.000Z,8741,Península
273207.0,2025-09-09T04:00:00.000+02:00,2025-09-09T02:00:00Z,2025-09-09T02:00:00.000Z,8741,Península
278374.0,2025-09-09T05:00:00.000+02:00,2025-09-09T03:00:00Z,2025-09-09T03:00:00.000Z,8741,Península
305713.0,2025-09-09T06:00:00.000+02:00,2025-09-09T04:00:00Z,2025-09-09T04:00:00.000Z,8741,Península
339430.0,2025-09-09T07:00:00.000+02:00,2025-09-09T05:00:00Z,2025-09-09T05:00:00.000Z,8741,Península
357342.0,2025-09-09T08:00:00.000+02:00,2025-09-09T06:00:00Z,2025-09-09T06:00:00.000Z,8741,Península
361316.0,2025-09-09T09:00:00.000+02:00,2025-09-09T07:00:00Z,2025-09-09T07:00:00.000Z,8741,Península
366155.0,2025-09-09T10:00:00.000+02:00,2025-09-09T08:00:00Z,2025-09-09T08:00:00.000Z,8741,Península
362796.0,2025-09-09T11:00:00.000+02:00,2025-09-09T09:00:00Z,2025-09-09T09:00:00.000Z,8741,Península
359350.0,2025-09-09T12:00:00.000+02:00,2025-09-09T10:00:00Z,2025-09-09T10:00:00.000Z,8741,Península
361211.0,2025-09-09T13:00:00.000+02:00,2025-09-09T11:00:00Z,2025-09-09T11:00:00.000Z,8741,Península
353939.0,2025-09-09T14:00:00.000+02:00,2025-09-09T12:00:00Z,2025-09-09T12:00:00.000Z,8741,Península
347617.0,2025-09-09T15:00:00.000+02:00,2025-09-09T13:00:00Z,2025-09-09T13:00:00.000Z,8741,Península
346407.0,2025-09-09T16:00:00.000+02:00,2025-09-09T14:00:00Z,2025-09-09T14:00:00.000Z,8741,Península
351365.0,2025-09-09T17:00:00.000+02:00,2025-09-09T15:00:00Z,2025-09-09T15:00:00.000Z,8741,Península
357191.0,2025-09-09T18:00:00.000+02:00,2025-09-09T16:00:00Z,2025-09-09T16:00:00.000Z,8741,Península
363404.0,2025-09-09T19:00:00.000+02:00,2025-09-09T17:00:00Z,2025-09-09T17:00:00.000Z,8741,Península
379526.0,2025-09-09T20:00:00.000+02:00,2025-09-09T18:00:00Z,2025-09-09T18:00:00.000Z,8741,Península
383566.0,2025-09-09T21:00:00.000+02:00,2025-09-09T19:00:00Z,2025-09-09T19:00:00.000Z,8741,Península
348554.0,2025-09-09T22:00:00.000+02:00,2025-09-09T20:00:00Z,2025-09-09T20:00:00.000Z,8741,Península
318041.0,2025-09-09T23:00:00.000+02:00,2025-09-09T21:00:00Z,2025-09-09T21:00:00.000Z,8741,Península
300493.0,2025-09-10T00:00:00.000+02:00,2025-09-09T22:00:00Z,2025-09-09T22:00:00.000Z,8741,Península
287127.0,2025-09-10T01:00:00.000+02:00,2025-09-09T23:00:00Z,2025-09-09T23:00:00.000Z,8741,Península
274372.0,2025-09-10T02:00:00.000+02:00,2025-09-10T00:00:00Z,2025-09-10T00:00:00.000Z,8741,Península
268336.0,2025-09-10T03:00:00.000+02:00,2025-09-10T01:00:00Z,2025-09-10T01:00:00.000Z,8741,Península
268152.0,2025-09-10T04:00:00.000+02:00,2025-09-10T02:00:00Z,2025-09-10T02:00:00.000Z,8741,Península
274213.0,2025-09-10T05:00:00.000+02:00,2025-09-10T03:00:00Z,2025-09-10T03:00:00.000Z,8741,Península
303369.0,2025-09-10T06:00:00.000+02:00,2025-09-10T04:00:00Z,2025-09-10T04:00:00.000Z,8741,Península
339928.0,2025-09-10T07:00:00.000+02:00,2025-09-10T05:00:00Z,2025-09-10T05:00:00.000Z,8741,Península
353189.0,2025-09-10T08:00:00.000+02:00,2025-09-10T06:00:00Z,2025-09-10T06:00:00.000Z,8741,Península
355996.0,2025-09-10T09:00:00.000+02:00,2025-09-10T07:00:00Z,2025-09-10T07:00:00.000Z,8741,Península
351075.0,2025-09-10T10:00:00.000+02:00,2025-09-10T08:00:00Z,2025-09-10T08:00:00.000Z,8741,Península
347789.0,2025-09-10T11:00:00.000+02:00,2025-09-10T09:00:00Z,2025-09-10T09:00:00.000Z,8741,Península
350533.0,2025-09-10T12:00:00.000+02:00,2025-09-10T10:00:00Z,2025-09-10T10:00:00.000Z,8741,Península
354234.0,2025-09-10T13:00:00.000+02:00,2025-09-10T11:00:00Z,2025-09-10T11:00:00.000Z,8741,Península
345442.0,2025-09-10T14:00:00.000+02:00,2025-09-10T12:00:00Z,2025-09-10T12:00:00.000Z,8741,Península
337378.0,2025-09-10T15:00:00.000+02:00,2025-09-10T13:00:00Z,2025-09-10T13:00:00.000Z,8741,Península
337004.0,2025-09-10T16:00:00.000+02:00,2025-09-10T14:00:00Z,2025-09-10T14:00:00.000Z,8741,Península
346211.0,2025-09-10T17:00:00.000+02:00,2025-09-10T15:00:00Z,2025-09-10T15:00:00.000Z,8741,Península
354490.0,2025-09-10T18:00:00.000+02:00,2025-09-10T16:00:00Z,2025-09-10T16:00:00.000Z,8741,Península
365589.0,2025-09-10T19:00:00.000+02:00,2025-09-10T17:00:00Z,2025-09-10T17:00:00.000Z,8741,Península
382922.0,2025-09-10T20:00:00.000+02:00,2025-09-10T18:00:00Z,2025-09-10T18:00:00.000Z,8741,Península
386414.0,2025-09-10T21:00:00.000+02:00,2025-09-10T19:00:00Z,2025-09-10T19:00:00.000Z,8741,Península
351102.0,2025-09-10T22:00:00.000+02:00,2025-09-10T20:00:00Z,2025-09-10T20:00:00.000Z,8741,Península
320941.0,2025-09-10T23:00:00.000+02:00,2025-09-10T21:00:00Z,2025-09-10T21:00:00.000Z,8741,Península
304270.0,2025-09-11T00:00:00.000+02:00,2025-09-10T22:00:00Z,2025-09-10T22:00:00.000Z,8741,Península
290607.0,2025-09-11T01:00:00.000+02:00,2025-09-10T23:00:00Z,2025-09-10T23:00:00.000Z,8741,Península
278953.0,2025-09-11T02:00:00.000+02:00,2025-09-11T00:00:00Z,2025-09-11T00:00:00.000Z,8741,Península
273224.0,2025-09-11T03:00:00.000+02:00,2025-09-11T01:00:00Z,2025-09-11T01:00:00.000Z,8741,Península
269934.0,2025-09-11T04:00:00.000+02:00,2025-09-11T02:00:00Z,2025-09-11T02:00:00.000Z,8741,Península
272498.0,2025-09-11T05:00:00.000+02:00,2025-09-11T03:00:00Z,2025-09-11T03:00:00.000Z,8741,Península
295612.0,2025-09-11T06:00:00.000+02:00,2025-09-11T04:00:00Z,2025-09-11T04:00:00.000Z,8741,Península
325689.0,2025-09-11T07:00:00.000+02:00,2025-09-11T05:00:00Z,2025-09-11T05:00:00.000Z,8741,Península
338354.0,2025-09-11T08:00:00.000+02:00,2025-09-11T06:00:00Z,2025-09-11T06:00:00.000Z,8741,Península
340474.0,2025-09-11T09:00:00.000+02:00,2025-09-11T07:00:00Z,2025-09-11T07:00:00.000Z,8741,Península
339893.0,2025-09-11T10:00:00.000+02:00,2025-09-11T08:00:00Z,2025-09-11T08:00:00.000Z,8741,Península
335641.0,2025-09-11T11:00:00.000+02:00,2025-09-11T09:00:00Z,2025-09-11T09:00:00.000Z,8741,Península
335826.0,2025-09-11T12:00:00.000+02:00,2025-09-11T10:00:00Z,2025-09-11T10:00:00.000Z,8741,Península
338788.0,2025-09-11T13:00:00.000+02:00,2025-09-11T11:00:00Z,2025-09-11T11:00:00.000Z,8741,Península
337548.0,2025-09-11T14:00:00.000+02:00,2025-09-11T12:00:00Z,2025-09-11T12:00:00.000Z,8741,Península
329346.0,2025-09-11T15:00:00.000+02:00,2025-09-11T13:00:00Z,2025-09-11T13:00:00.000Z,8741,Península
331761.0,2025-09-11T16:00:00.000+02:00,2025-09-11T14:00:00Z,2025-09-11T14:00:00.000Z,8741,Península
340913.0,2025-09-11T17:00:00.000+02:00,2025-09-11T15:00:00Z,2025-09-11T15:00:00.000Z,8741,Península
351097.0,2025-09-11T18:00:00.000+02:00,2025-09-11T16:00:00Z,2025-09-11T16:00:00.000Z,8741,Península
361473.0,2025-09-11T19:00:00.000+02:00,2025-09-11T17:00:00Z,2025-09-11T17:00:00.000Z,8741,Península
377817.0,2025-09-11T20:00:00.000+02:00,2025-09-11T18:00:00Z,2025-09-11T18:00:00.000Z,8741,Península
382678.0,2025-09-11T21:00:00.000+02:00,2025-09-11T19:00:00Z,2025-09-11T19:00:00.000Z,8741,Península
351683.0,2025-09-11T22:00:00.000+02:00,2025-09-11T20:00:00Z,2025-09-11T20:00:00.000Z,8741,Península
322798.0,2025-09-11T23:00:00.000+02:00,2025-09-11T21:00:00Z,2025-09-11T21:00:00.000Z,8741,Península
304277.0,2025-09-12T00:00:00.000+02:00,2025-09-11T22:00:00Z,2025-09-11T22:00:00.000Z,8741,Península
290045.0,2025-09-12T01:00:00.000+02:00,2025-09-11T23:00:00Z,2025-09-11T23:00:00.000Z,8741,Península
278281.0,2025-09-12T02:00:00.000+02:00,2025-09-12T00:00:00Z,2025-09-12T00:00:00.000Z,8741,Península
271969.0,2025-09-12T03:00:00.000+02:00,2025-09-12T01:00:00Z,2025-09-12T01:00:00.000Z,8741,Península
269055.0,2025-09-12T04:00:00.000+02:00,2025-09-12T02:00:00Z,2025-09-12T02:00:00.000Z,8741,Península
273617.0,2025-09-12T05:00:00.000+02:00,2025-09-12T03:00:00Z,2025-09-12T03:00:00.000Z,8741,Península
300689.0,2025-09-12T06:00:00.000+02:00,2025-09-12T04:00:00Z,2025-09-12T04:00:00.000Z,8741,Península
337098.0,2025-09-12T07:00:00.000+02:00,2025-09-12T05:00:00Z,2025-09-12T05:00:00.000Z,8741,Península
351946.0,2025-09-12T08:00:00.000+02:00,2025-09-12T06:00:00Z,2025-09-12T06:00:00.000Z,8741,Península
356877.0,2025-09-12T09:00:00.000+02:00,2025-09-12T07:00:00Z,2025-09-12T07:00:00.000Z,8741,Península
356806.0,2025-09-12T10:00:00.000+02:00,2025-09-12T08:00:00Z,2025-09-12T08:00:00.000Z,8741,Península
354592.0,2025-09-12T11:00:00.000+02:00,2025-09-12T09:00:00Z,2025-09-12T09:00:00.000Z,8741,Península
355912.0,2025-09-12T12:00:00.000+02:00,2025-09-12T10:00:00Z,2025-09-12T10:00:00.000Z,8741,Península
359237.0,2025-09-12T13:00:00.000+02:00,2025-09-12T11:00:00Z,2025-09-12T11:00:00.000Z,8741,Península
355108.0,2025-09-12T14:00:00.000+02:00,2025-09-12T12:00:00Z,2025-09-12T12:00:00.000Z,8741,Península
347457.0,2025-09-12T15:00:00.000+02:00,2025-09-12T13:00:00Z,2025-09-12T13:00:00.000Z,8741,Península
346432.0,2025-09-12T16:00:00.000+02:00,2025-09-12T14:00:00Z,2025-09-12T14:00:00.000Z,8741,Península
354005.0,2025-09-12T17:00:00.000+02:00,2025-09-12T15:00:00Z,2025-09-12T15:00:00.000Z,8741,Península
360853.0,2025-09-12T18:00:00.000+02:00,2025-09-12T16:00:00Z,2025-09-12T16:00:00.000Z,8741,Península
365469.0,2025-09-12T19:00:00.000+02:00,2025-09-12T17:00:00Z,2025-09-12T17:00:00.000Z,8741,Península
377936.0,2025-09-12T20:00:00.000+02:00,2025-09-12T18:00:00Z,2025-09-12T18:00:00.000Z,8741,Península
378226.0,2025-09-12T21:00:00.000+02:00,2025-09-12T19:00:00Z,2025-09-12T19:00:00.000Z,8741,Península
345548.0,2025-09-12T22:00:00.000+02:00,2025-09-12T20:00:00Z,2025-09-12T20:00:00.000Z,8741,Península
320302.0,2025-09-12T23:00:00.000+02:00,2025-09-12T21:00:00Z,2025-09-12T21:00:00.000Z,8741,Península
305463.0,2025-09-13T00:00:00.000+02:00,2025-09-12T22:00:00Z,2025-09-12T22:00:00.000Z,8741,Península
288532.0,2025-09-13T01:00:00.000+02:00,2025-09-12T23:00:00Z,2025-09-12T23:00:00.000Z,8741,Península
275134.0,2025-09-13T02:00:00.000+02:00,2025-09-13T00:00:00Z,2025-09-13T00:00:00.000Z,8741,Península
268600.0,2025-09-13T03:00:00.000+02:00,2025-09-13T01:00:00Z,2025-09-13T01:00:00.000Z,8741,Península
263884.0,2025-09-13T04:00:00.000+02:00,2025-09-13T02:00:00Z,2025-09-13T02:00:00.000Z,8741,Península
261755.0,2025-09-13T05:00:00.000+02:00,2025-09-13T03:00:00Z,2025-09-13T03:00:00.000Z,8741,Península
267562.0,2025-09-13T06:00:00.000+02:00,2025-09-13T04:00:00Z,2025-09-13T04:00:00.000Z,8741,Península
278190.0,2025-09-13T07:00:00.000+02:00,2025-09-13T05:00:00Z,2025-09-13T05:00:00.000Z,8741,Península
285682.0,2025-09-13T08:00:00.000+02:00,2025-09-13T06:00:00Z,2025-09-13T06:00:00.000Z,8741,Península
298681.0,2025-09-13T09:00:00.000+02:00,2025-09-13T07:00:00Z,2025-09-13T07:00:00.000Z,8741,Península
305906.0,2025-09-13T10:00:00.000+02:00,2025-09-13T08:00:00Z,2025-09-13T08:00:00.000Z,8741,Península
306593.0,2025-09-13T11:00:00.000+02:00,2025-09-13T09:00:00Z,2025-09-13T09:00:00.000Z,8741,Península
308850.0,2025-09-13T12:00:00.000+02:00,2025-09-13T10:00:00Z,2025-09-13T10:00:00.000Z,8741,Península
313865.0,2025-09-13T13:00:00.000+02:00,2025-09-13T11:00:00Z,2025-09-13T11:00:00.000Z,8741,Península
312958.0,2025-09-13T14:00:00.000+02:00,2025-09-13T12:00:00Z,2025-09-13T12:00:00.000Z,8741,Península
301658.0,2025-09-13T15:00:00.000+02:00,2025-09-13T13:00:00Z,2025-09-13T13:00:00.000Z,8741,Península
301000.0,2025-09-13T16:00:00.000+02:00,2025-09-13T14:00:00Z,2025-09-13T14:00:00.000Z,8741,Península
309869.0,2025-09-13T17:00:00.000+02:00,2025-09-13T15:00:00Z,2025-09-13T15:00:00.000Z,8741,Península
315965.0,2025-09-13T18:00:00.000+02:00,2025-09-13T16:00:00Z,2025-09-13T16:00:00.000Z,8741,Península
325083.0,2025-09-13T19:00:00.000+02:00,2025-09-13T17:00:00Z,2025-09-13T17:00:00.000Z,8741,Península
340815.0,2025-09-13T20:00:00.000+02:00,2025-09-13T18:00:00Z,2025-09-13T18:00:00.000Z,8741,Península
346691.0,2025-09-13T21:00:00.000+02:00,2025-09-13T19:00:00Z,2025-09-13T19:00:00.000Z,8741,Península
322606.0,2025-09-13T22:00:00.000+02:00,2025-09-13T20:00:00Z,2025-09-13T20:00:00.000Z,8741,Península
299662.0,2025-09-13T23:00:00.000+02:00,2025-09-13T21:00:00Z,2025-09-13T21:00:00.000Z,8741,Península
283800.0,2025-09-14T00:00:00.000+02:00,2025-09-13T22:00:00Z,2025-09-13T22:00:00.000Z,8741,Península
268387.0,2025-09-14T01:00:00.000+02:00,2025-09-13T23:00:00Z,2025-09-13T23:00:00.000Z,8741,Península
256582.0,2025-09-14T02:00:00.000+02:00,2025-09-14T00:00:00Z,2025-09-14T00:00:00.000Z,8741,Península
248551.0,2025-09-14T03:00:00.000+02:00,2025-09-14T01:00:00Z,2025-09-14T01:00:00.000Z,8741,Península
243802.0,2025-09-14T04:00:00.000+02:00,2025-09-14T02:00:00Z,2025-09-14T02:00:00.000Z,8741,Península
244267.0,2025-09-14T05:00:00.000+02:00,2025-09-14T03:00:00Z,2025-09-14T03:00:00.000Z,8741,Península
247639.0,2025-09-14T06:00:00.000+02:00,2025-09-14T04:00:00Z,2025-09-14T04:00:00.000Z,8741,Península
251364.0,2025-09-14T07:00:00.000+02:00,2025-09-14T05:00:00Z,2025-09-14T05:00:00.000Z,8741,Península
253213.0,2025-09-14T08:00:00.000+02:00,2025-09-14T06:00:00Z,2025-09-14T06:00:00.000Z,8741,Península
262578.0,2025-09-14T09:00:00.000+02:00,2025-09-14T07:00:00Z,2025-09-14T07:00:00.000Z,8741,Península
272597.0,2025-09-14T10:00:00.000+02:00,2025-09-14T08:00:00Z,2025-09-14T08:00:00.000Z,8741,Península
275214.0,2025-09-14T11:00:00.000+02:00,2025-09-14T09:00:00Z,2025-09-14T09:00:00.000Z,8741,Península
279946.0,2025-09-14T12:00:00.000+02:00,2025-09-14T10:00:00Z,2025-09-14T10:00:00.000Z,8741,Península
286948.0,2025-09-14T13:00:00.000+02:00,2025-09-14T11:00:00Z,2025-09-14T11:00:00.000Z,8741,Península
289860.0,2025-09-14T14:00:00.000+02:00,2025-09-14T12:00:00Z,2025-09-14T12:00:00.000Z,8741,Península
280553.0,2025-09-14T15:00:00.000+02:00,2025-09-14T13:00:00Z,2025-09-14T13:00:00.000Z,8741,Península
280188.0,2025-09-14T16:00:00.000+02:00,2025-09-14T14:00:00Z,2025-09-14T14:00:00.000Z,8741,Península
290880.0,2025-09-14T17:00:00.000+02:00,2025-09-14T15:00:00Z,2025-09-14T15:00:00.000Z,8741,Península
304620.0,2025-09-14T18:00:00.000+02:00,2025-09-14T16:00:00Z,2025-09-14T16:00:00.000Z,8741,Península
319096.0,2025-09-14T19:00:00.000+02:00,2025-09-14T17:00:00Z,2025-09-14T17:00:00.000Z,8741,Península
339296.0,2025-09-14T20:00:00.000+02:00,2025-09-14T18:00:00Z,2025-09-14T18:00:00.000Z,8741,Península
351143.0,2025-09-14T21:00:00.000+02:00,2025-09-14T19:00:00Z,2025-09-14T19:00:00.000Z,8741,Península
333697.0,2025-09-14T22:00:00.000+02:00,2025-09-14T20:00:00Z,2025-09-14T20:00:00.000Z,8741,Península
308470.0,2025-09-14T23:00:00.000+02:00,2025-09-14T21:00:00Z,2025-09-14T21:00:00.000Z,8741,Península
288082.0,2025-09-15T00:00:00.000+02:00,2025-09-14T22:00:00Z,2025-09-14T22:00:00.000Z,8741,Península
270513.0,2025-09-15T01:00:00.000+02:00,2025-09-14T23:00:00Z,2025-09-14T23:00:00.000Z,8741,Península
261028.0,2025-09-15T02:00:00.000+02:00,2025-09-15T00:00:00Z,2025-09-15T00:00:00.000Z,8741,Península
257008.0,2025-09-15T03:00:00.000+02:00,2025-09-15T01:00:00Z,2025-09-15T01:00:00.000Z,8741,Península
257558.0,2025-09-15T04:00:00.000+02:00,2025-09-15T02:00:00Z,2025-09-15T02:00:00.000Z,8741,Península
264081.0,2025-09-15T05:00:00.000+02:00,2025-09-15T03:00:00Z,2025-09-15T03:00:00.000Z,8741,Península
296566.0,2025-09-15T06:00:00.000+02:00,2025-09-15T04:00:00Z,2025-09-15T04:00:00.000Z,8741,Península
338416.0,2025-09-15T07:00:00.000+02:00,2025-09-15T05:00:00Z,2025-09-15T05:00:00.000Z,8741,Península
357198.0,2025-09-15T08:00:00.000+02:00,2025-09-15T06:00:00Z,2025-09-15T06:00:00.000Z,8741,Península
364439.0,2025-09-15T09:00:00.000+02:00,2025-09-15T07:00:00Z,2025-09-15T07:00:00.000Z,8741,Península
369783.0,2025-09-15T10:00:00.000+02:00,2025-09-15T08:00:00Z,2025-09-15T08:00:00.000Z,8741,Península
370403.0,2025-09-15T11:00:00.000+02:00,2025-09-15T09:00:00Z,2025-09-15T09:00:00.000Z,8741,Península
373154.0,2025-09-15T12:00:00.000+02:00,2025-09-15T10:00:00Z,2025-09-15T10:00:00.000Z,8741,Península
376338.0,2025-09-15T13:00:00.000+02:00,2025-09-15T11:00:00Z,2025-09-15T11:00:00.000Z,8741,Península
376073.0,2025-09-15T14:00:00.000+02:00,2025-09-15T12:00:00Z,2025-09-15T12:00:00.000Z,8741,Península
372196.0,2025-09-15T15:00:00.000+02:00,2025-09-15T13:00:00Z,2025-09-15T13:00:00.000Z,8741,Península
371814.0,2025-09-15T16:00:00.000+02:00,2025-09-15T14:00:00Z,2025-09-15T14:00:00.000Z,8741,Península
382729.0,2025-09-15T17:00:00.000+02:00,2025-09-15T15:00:00Z,2025-09-15T15:00:00.000Z,8741,Península
390128.0,2025-09-15T18:00:00.000+02:00,2025-09-15T16:00:00Z,2025-09-15T16:00:00.000Z,8741,Península
393896.0,2025-09-15T19:00:00.000+02:00,2025-09-15T17:00:00Z,2025-09-15T17:00:00.000Z,8741,Península
409172.0,2025-09-15T20:00:00.000+02:00,2025-09-15T18:00:00Z,2025-09-15T18:00:00.000Z,8741,Península
403434.0,2025-09-15T21:00:00.000+02:00,2025-09-15T19:00:00Z,2025-09-15T19:00:00.000Z,8741,Península
366073.0,2025-09-15T22:00:00.000+02:00,2025-09-15T20:00:00Z,2025-09-15T20:00:00.000Z,8741,Península
334029.0,2025-09-15T23:00:00.000+02:00,2025-09-15T21:00:00Z,2025-09-15T21:00:00.000Z,8741,Península
313785.0,2025-09-16T00:00:00.000+02:00,2025-09-15T22:00:00Z,2025-09-15T22:00:00.000Z,8741,Península
299625.0,2025-09-16T01:00:00.000+02:00,2025-09-15T23:00:00Z,2025-09-15T23:00:00.000Z,8741,Península
286002.0,2025-09-16T02:00:00.000+02:00,2025-09-16T00:00:00Z,2025-09-16T00:00:00.000Z,8741,Península
279882.0,2025-09-16T03:00:00.000+02:00,2025-09-16T01:00:00Z,2025-09-16T01:00:00.000Z,8741,Península
279088.0,2025-09-16T04:00:00.000+02:00,2025-09-16T02:00:00Z,2025-09-16T02:00:00.000Z,8741,Península
283941.0,2025-09-16T05:00:00.000+02:00,2025-09-16T03:00:00Z,2025-09-16T03:00:00.000Z,8741,Península
312155.0,2025-09-16T06:00:00.000+02:00,2025-09-16T04:00:00Z,2025-09-16T04:00:00.000Z,8741,Península
351987.0,2025-09-16T07:00:00.000+02:00,2025-09-16T05:00:00Z,2025-09-16T05:00:00.000Z,8741,Península
367247.0,2025-09-16T08:00:00.000+02:00,2025-09-16T06:00:00Z,2025-09-16T06:00:00.000Z,8741,Península
372733.0,2025-09-16T09:00:00.000+02:00,2025-09-16T07:00:00Z,2025-09-16T07:00:00.000Z,8741,Península
375711.0,2025-09-16T10:00:00.000+02:00,2025-09-16T08:00:00Z,2025-09-16T08:00:00.000Z,8741,Península
378969.0,2025-09-16T11:00:00.000+02:00,2025-09-16T09:00:00Z,2025-09-16T09:00:00.000Z,8741,Península
383371.0,2025-09-16T12:00:00.000+02:00,2025-09-16T10:00:00Z,2025-09-16T10:00:00.000Z,8741,Península
386997.0,2025-09-16T13:00:00.000+02:00,2025-09-16T11:00:00Z,2025-09-16T11:00:00.000Z,8741,Península
384197.0,2025-09-16T14:00:00.000+02:00,2025-09-16T12:00:00Z,2025-09-16T12:00:00.000Z,8741,Península
382634.0,2025-09-16T15:00:00.000+02:00,2025-09-16T13:00:00Z,2025-09-16T13:00:00.000Z,8741,Península
382883.0,2025-09-16T16:00:00.000+02:00,2025-09-16T14:00:00Z,2025-09-16T14:00:00.000Z,8741,Península
390116.0,2025-09-16T17:00:00.000+02:00,2025-09-16T15:00:00Z,2025-09-16T15:00:00.000Z,8741,Península
394148.0,2025-09-16T18:00:00.000+02:00,2025-09-16T16:00:00Z,2025-09-16T16:00:00.000Z,8741,Península
399937.0,2025-09-16T19:00:00.000+02:00,2025-09-16T17:00:00Z,2025-09-16T17:00:00.000Z,8741,Península
414660.0,2025-09-16T20:00:00.000+02:00,2025-09-16T18:00:00Z,2025-09-16T18:00:00.000Z,8741,Península
412088.0,2025-09-16T21:00:00.000+02:00,2025-09-16T19:00:00Z,2025-09-16T19:00:00.000Z,8741,Península
375070.0,2025-09-16T22:00:00.000+02:00,2025-09-16T20:00:00Z,2025-09-16T20:00:00.000Z,8741,Península
341702.0,2025-09-16T23:00:00.000+02:00,2025-09-16T21:00:00Z,2025-09-16T21:00:00.000Z,8741,Península
321881.0,2025-09-17T00:00:00.000+02:00,2025-09-16T22:00:00Z,2025-09-16T22:00:00.000Z,8741,Península
304734.0,2025-09-17T01:00:00.000+02:00,2025-09-16T23:00:00Z,2025-09-16T23:00:00.000Z,8741,Península
292714.0,2025-09-17T02:00:00.000+02:00,2025-09-17T00:00:00Z,2025-09-17T00:00:00.000Z,8741,Península
286448.0,2025-09-17T03:00:00.000+02:00,2025-09-17T01:00:00Z,2025-09-17T01:00:00.000Z,8741,Península
282643.0,2025-09-17T04:00:00.000+02:00,2025-09-17T02:00:00Z,2025-09-17T02:00:00.000Z,8741,Península
289785.0,2025-09-17T05:00:00.000+02:00,2025-09-17T03:00:00Z,2025-09-17T03:00:00.000Z,8741,Península
318789.0,2025-09-17T06:00:00.000+02:00,2025-09-17T04:00:00Z,2025-09-17T04:00:00.000Z,8741,Península
359906.0,2025-09-17T07:00:00.000+02:00,2025-09-17T05:00:00Z,2025-09-17T05:00:00.000Z,8741,Península
374154.0,2025-09-17T08:00:00.000+02:00,2025-09-17T06:00:00Z,2025-09-17T06:00:00.000Z,8741,Península
377322.0,2025-09-17T09:00:00.000+02:00,2025-09-17T07:00:00Z,2025-09-17T07:00:00.000Z,8741,Península
377856.0,2025-09-17T10:00:00.000+02:00,2025-09-17T08:00:00Z,2025-09-17T08:00:00.000Z,8741,Península
379754.0,2025-09-17T11:00:00.000+02:00,2025-09-17T09:00:00Z,2025-09-17T09:00:00.000Z,8741,Península
383336.0,2025-09-17T12:00:00.000+02:00,2025-09-17T10:00:00Z,2025-09-17T10:00:00.000Z,8741,Península
390265.0,2025-09-17T13:00:00.000+02:00,2025-09-17T11:00:00Z,2025-09-17T11:00:00.000Z,8741,Península
389389.0,2025-09-17T14:00:00.000+02:00,2025-09-17T12:00:00Z,2025-09-17T12:00:00.000Z,8741,Península
386910.0,2025-09-17T15:00:00.000+02:00,2025-09-17T13:00:00Z,2025-09-17T13:00:00.000Z,8741,Península
390950.0,2025-09-17T16:00:00.000+02:00,2025-09-17T14:00:00Z,2025-09-17T14:00:00.000Z,8741,Península
398345.0,2025-09-17T17:00:00.000+02:00,2025-09-17T15:00:00Z,2025-09-17T15:00:00.000Z,8741,Península
406783.0,2025-09-17T18:00:00.000+02:00,2025-09-17T16:00:00Z,2025-09-17T16:00:00.000Z,8741,Península
409932.0,2025-09-17T19:00:00.000+02:00,2025-09-17T17:00:00Z,2025-09-17T17:00:00.000Z,8741,Península
424156.0,2025-09-17T20:00:00.000+02:00,2025-09-17T18:00:00Z,2025-09-17T18:00:00.000Z,8741,Península
418654.0,2025-09-17T21:00:00.000+02:00,2025-09-17T19:00:00Z,2025-09-17T19:00:00.000Z,8741,Península
379061.0,2025-09-17T22:00:00.000+02:00,2025-09-17T20:00:00Z,2025-09-17T20:00:00.000Z,8741,Península
344917.0,2025-09-17T23:00:00.000+02:00,2025-09-17T21:00:00Z,2025-09-17T21:00:00.000Z,8741,Península
322616.0,2025-09-18T00:00:00.000+02:00,2025-09-17T22:00:00Z,2025-09-17T22:00:00.000Z,8741,Península
306456.0,2025-09-18T01:00:00.000+02:00,2025-09-17T23:00:00Z,2025-09-17T23:00:00.000Z,8741,Península
294071.0,2025-09-18T02:00:00.000+02:00,2025-09-18T00:00:00Z,2025-09-18T00:00:00.000Z,8741,Península
287505.0,2025-09-18T03:00:00.000+02:00,2025-09-18T01:00:00Z,2025-09-18T01:00:00.000Z,8741,Península
285165.0,2025-09-18T04:00:00.000+02:00,2025-09-18T02:00:00Z,2025-09-18T02:00:00.000Z,8741,Península
288673.0,2025-09-18T05:00:00.000+02:00,2025-09-18T03:00:00Z,2025-09-18T03:00:00.000Z,8741,Península
317398.0,2025-09-18T06:00:00.000+02:00,2025-09-18T04:00:00Z,2025-09-18T04:00:00.000Z,8741,Península
358313.0,2025-09-18T07:00:00.000+02:00,2025-09-18T05:00:00Z,2025-09-18T05:00:00.000Z,8741,Península
369999.0,2025-09-18T08:00:00.000+02:00,2025-09-18T06:00:00Z,2025-09-18T06:00:00.000Z,8741,Península
373464.0,2025-09-18T09:00:00.000+02:00,2025-09-18T07:00:00Z,2025-09-18T07:00:00.000Z,8741,Península
377052.0,2025-09-18T10:00:00.000+02:00,2025-09-18T08:00:00Z,2025-09-18T08:00:00.000Z,8741,Península
376054.0,2025-09-18T11:00:00.000+02:00,2025-09-18T09:00:00Z,2025-09-18T09:00:00.000Z,8741,Península
381737.0,2025-09-18T12:00:00.000+02:00,2025-09-18T10:00:00Z,2025-09-18T10:00:00.000Z,8741,Península
387298.0,2025-09-18T13:00:00.000+02:00,2025-09-18T11:00:00Z,2025-09-18T11:00:00.000Z,8741,Península
387604.0,2025-09-18T14:00:00.000+02:00,2025-09-18T12:00:00Z,2025-09-18T12:00:00.000Z,8741,Península
390834.0,2025-09-18T15:00:00.000+02:00,2025-09-18T13:00:00Z,2025-09-18T13:00:00.000Z,8741,Península
394746.0,2025-09-18T16:00:00.000+02:00,2025-09-18T14:00:00Z,2025-09-18T14:00:00.000Z,8741,Península
403377.0,2025-09-18T17:00:00.000+02:00,2025-09-18T15:00:00Z,2025-09-18T15:00:00.000Z,8741,Península
406753.0,2025-09-18T18:00:00.000+02:00,2025-09-18T16:00:00Z,2025-09-18T16:00:00.000Z,8741,Península
411138.0,2025-09-18T19:00:00.000+02:00,2025-09-18T17:00:00Z,2025-09-18T17:00:00.000Z,8741,Península
425591.0,2025-09-18T20:00:00.000+02:00,2025-09-18T18:00:00Z,2025-09-18T18:00:00.000Z,8741,Península
420332.0,2025-09-18T21:00:00.000+02:00,2025-09-18T19:00:00Z,2025-09-18T19:00:00.000Z,8741,Península
384735.0,2025-09-18T22:00:00.000+02:00,2025-09-18T20:00:00Z,2025-09-18T20:00:00.000Z,8741,Península
350615.0,2025-09-18T23:00:00.000+02:00,2025-09-18T21:00:00Z,2025-09-18T21:00:00.000Z,8741,Península
328098.0,2025-09-19T00:00:00.000+02:00,2025-09-18T22:00:00Z,2025-09-18T22:00:00.000Z,8741,Península
310500.0,2025-09-19T01:00:00.000+02:00,2025-09-18T23:00:00Z,2025-09-18T23:00:00.000Z,8741,Península
299308.0,2025-09-19T02:00:00.000+02:00,2025-09-19T00:00:00Z,2025-09-19T00:00:00.000Z,8741,Península
292984.0,2025-09-19T03:00:00.000+02:00,2025-09-19T01:00:00Z,2025-09-19T01:00:00.000Z,8741,Península
289797.0,2025-09-19T04:00:00.000+02:00,2025-09-19T02:00:00Z,2025-09-19T02:00:00.000Z,8741,Península
291768.0,2025-09-19T05:00:00.000+02:00,2025-09-19T03:00:00Z,2025-09-19T03:00:00.000Z,8741,Península
317622.0,2025-09-19T06:00:00.000+02:00,2025-09-19T04:00:00Z,2025-09-19T04:00:00.000Z,8741,Península
356686.0,2025-09-19T07:00:00.000+02:00,2025-09-19T05:00:00Z,2025-09-19T05:00:00.000Z,8741,Península
372249.0,2025-09-19T08:00:00.000+02:00,2025-09-19T06:00:00Z,2025-09-19T06:00:00.000Z,8741,Península
378537.0,2025-09-19T09:00:00.000+02:00,2025-09-19T07:00:00Z,2025-09-19T07:00:00.000Z,8741,Península
381241.0,2025-09-19T10:00:00.000+02:00,2025-09-19T08:00:00Z,2025-09-19T08:00:00.000Z,8741,Península
380194.0,2025-09-19T11:00:00.000+02:00,2025-09-19T09:00:00Z,2025-09-19T09:00:00.000Z,8741,Península
382806.0,2025-09-19T12:00:00.000+02:00,2025-09-19T10:00:00Z,2025-09-19T10:00:00.000Z,8741,Península
385196.0,2025-09-19T13:00:00.000+02:00,2025-09-19T11:00:00Z,2025-09-19T11:00:00.000Z,8741,Península
382606.0,2025-09-19T14:00:00.000+02:00,2025-09-19T12:00:00Z,2025-09-19T12:00:00.000Z,8741,Península
378752.0,2025-09-19T15:00:00.000+02:00,2025-09-19T13:00:00Z,2025-09-19T13:00:00.000Z,8741,Península
383732.0,2025-09-19T16:00:00.000+02:00,2025-09-19T14:00:00Z,2025-09-19T14:00:00.000Z,8741,Península
389911.0,2025-09-19T17:00:00.000+02:00,2025-09-19T15:00:00Z,2025-09-19T15:00:00.000Z,8741,Península
393387.0,2025-09-19T18:00:00.000+02:00,2025-09-19T16:00:00Z,2025-09-19T16:00:00.000Z,8741,Península
395896.0,2025-09-19T19:00:00.000+02:00,2025-09-19T17:00:00Z,2025-09-19T17:00:00.000Z,8741,Península
402669.0,2025-09-19T20:00:00.000+02:00,2025-09-19T18:00:00Z,2025-09-19T18:00:00.000Z,8741,Península
393555.0,2025-09-19T21:00:00.000+02:00,2025-09-19T19:00:00Z,2025-09-19T19:00:00.000Z,8741,Península
362116.0,2025-09-19T22:00:00.000+02:00,2025-09-19T20:00:00Z,2025-09-19T20:00:00.000Z,8741,Península
336882.0,2025-09-19T23:00:00.000+02:00,2025-09-19T21:00:00Z,2025-09-19T21:00:00.000Z,8741,Península
320122.0,2025-09-20T00:00:00.000+02:00,2025-09-19T22:00:00Z,2025-09-19T22:00:00.000Z,8741,Península
302082.0,2025-09-20T01:00:00.000+02:00,2025-09-19T23:00:00Z,2025-09-19T23:00:00.000Z,8741,Península
286946.0,2025-09-20T02:00:00.000+02:00,2025-09-20T00:00:00Z,2025-09-20T00:00:00.000Z,8741,Península
279048.0,2025-09-20T03:00:00.000+02:00,2025-09-20T01:00:00Z,2025-09-20T01:00:00.000Z,8741,Península
273861.0,2025-09-20T04:00:00.000+02:00,2025-09-20T02:00:00Z,2025-09-20T02:00:00.000Z,8741,Península
269365.0,2025-09-20T05:00:00.000+02:00,2025-09-20T03:00:00Z,2025-09-20T03:00:00.000Z,8741,Península
276829.0,2025-09-20T06:00:00.000+02:00,2025-09-20T04:00:00Z,2025-09-20T04:00:00.000Z,8741,Península
288496.0,2025-09-20T07:00:00.000+02:00,2025-09-20T05:00:00Z,2025-09-20T05:00:00.000Z,8741,Península
295035.0,2025-09-20T08:00:00.000+02:00,2025-09-20T06:00:00Z,2025-09-20T06:00:00.000Z,8741,Península
308632.0,2025-09-20T09:00:00.000+02:00,2025-09-20T07:00:00Z,2025-09-20T07:00:00.000Z,8741,Península
322396.0,2025-09-20T10:00:00.000+02:00,2025-09-20T08:00:00Z,2025-09-20T08:00:00.000Z,8741,Península
324070.0,2025-09-20T11:00:00.000+02:00,2025-09-20T09:00:00Z,2025-09-20T09:00:00.000Z,8741,Península
322566.0,2025-09-20T12:00:00.000+02:00,2025-09-20T10:00:00Z,2025-09-20T10:00:00.000Z,8741,Península
327516.0,2025-09-20T13:00:00.000+02:00,2025-09-20T11:00:00Z,2025-09-20T11:00:00.000Z,8741,Península
324253.0,2025-09-20T14:00:00.000+02:00,2025-09-20T12:00:00Z,2025-09-20T12:00:00.000Z,8741,Península
316919.0,2025-09-20T15:00:00.000+02:00,2025-09-20T13:00:00Z,2025-09-20T13:00:00.000Z,8741,Península
316044.0,2025-09-20T16:00:00.000+02:00,2025-09-20T14:00:00Z,2025-09-20T14:00:00.000Z,8741,Península
322309.0,2025-09-20T17:00:00.000+02:00,2025-09-20T15:00:00Z,2025-09-20T15:00:00.000Z,8741,Península
332600.0,2025-09-20T18:00:00.000+02:00,2025-09-20T16:00:00Z,2025-09-20T16:00:00.000Z,8741,Península
339813.0,2025-09-20T19:00:00.000+02:00,2025-09-20T17:00:00Z,2025-09-20T17:00:00.000Z,8741,Península
354179.0,2025-09-20T20:00:00.000+02:00,2025-09-20T18:00:00Z,2025-09-20T18:00:00.000Z,8741,Península
354674.0,2025-09-20T21:00:00.000+02:00,2025-09-20T19:00:00Z,2025-09-20T19:00:00.000Z,8741,Península
328820.0,2025-09-20T22:00:00.000+02:00,2025-09-20T20:00:00Z,2025-09-20T20:00:00.000Z,8741,Península
309611.0,2025-09-20T23:00:00.000+02:00,2025-09-20T21:00:00Z,2025-09-20T21:00:00.000Z,8741,Península
292378.0,2025-09-21T00:00:00.000+02:00,2025-09-20T22:00:00Z,2025-09-20T22:00:00.000Z,8741,Península
277758.0,2025-09-21T01:00:00.000+02:00,2025-09-20T23:00:00Z,2025-09-20T23:00:00.000Z,8741,Península
264498.0,2025-09-21T02:00:00.000+02:00,2025-09-21T00:00:00Z,2025-09-21T00:00:00.000Z,8741,Península
257074.0,2025-09-21T03:00:00.000+02:00,2025-09-21T01:00:00Z,2025-09-21T01:00:00.000Z,8741,Península
250401.0,2025-09-21T04:00:00.000+02:00,2025-09-21T02:00:00Z,2025-09-21T02:00:00.000Z,8741,Península
247923.0,2025-09-21T05:00:00.000+02:00,2025-09-21T03:00:00Z,2025-09-21T03:00:00.000Z,8741,Península
250433.0,2025-09-21T06:00:00.000+02:00,2025-09-21T04:00:00Z,2025-09-21T04:00:00.000Z,8741,Península
256650.0,2025-09-21T07:00:00.000+02:00,2025-09-21T05:00:00Z,2025-09-21T05:00:00.000Z,8741,Península
259811.0,2025-09-21T08:00:00.000+02:00,2025-09-21T06:00:00Z,2025-09-21T06:00:00.000Z,8741,Península
271952.0,2025-09-21T09:00:00.000+02:00,2025-09-21T07:00:00Z,2025-09-21T07:00:00.000Z,8741,Península
282147.0,2025-09-21T10:00:00.000+02:00,2025-09-21T08:00:00Z,2025-09-21T08:00:00.000Z,8741,Península
284817.0,2025-09-21T11:00:00.000+02:00,2025-09-21T09:00:00Z,2025-09-21T09:00:00.000Z,8741,Península
287645.0,2025-09-21T12:00:00.000+02:00,2025-09-21T10:00:00Z,2025-09-21T10:00:00.000Z,8741,Península
292816.0,2025-09-21T13:00:00.000+02:00,2025-09-21T11:00:00Z,2025-09-21T11:00:00.000Z,8741,Península
296459.0,2025-09-21T14:00:00.000+02:00,2025-09-21T12:00:00Z,2025-09-21T12:00:00.000Z,8741,Península
285163.0,2025-09-21T15:00:00.000+02:00,2025-09-21T13:00:00Z,2025-09-21T13:00:00.000Z,8741,Península
279371.0,2025-09-21T16:00:00.000+02:00,2025-09-21T14:00:00Z,2025-09-21T14:00:00.000Z,8741,Península
280338.0,2025-09-21T17:00:00.000+02:00,2025-09-21T15:00:00Z,2025-09-21T15:00:00.000Z,8741,Península
288122.0,2025-09-21T18:00:00.000+02:00,2025-09-21T16:00:00Z,2025-09-21T16:00:00.000Z,8741,Península
296964.0,2025-09-21T19:00:00.000+02:00,2025-09-21T17:00:00Z,2025-09-21T17:00:00.000Z,8741,Península
318981.0,2025-09-21T20:00:00.000+02:00,2025-09-21T18:00:00Z,2025-09-21T18:00:00.000Z,8741,Península
326421.0,2025-09-21T21:00:00.000+02:00,2025-09-21T19:00:00Z,2025-09-21T19:00:00.000Z,8741,Península
307102.0,2025-09-21T22:00:00.000+02:00,2025-09-21T20:00:00Z,2025-09-21T20:00:00.000Z,8741,Península
284683.0,2025-09-21T23:00:00.000+02:00,2025-09-21T21:00:00Z,2025-09-21T21:00:00.000Z,8741,Península
266507.0,2025-09-22T00:00:00.000+02:00,2025-09-21T22:00:00Z,2025-09-21T22:00:00.000Z,8741,Península
254314.0,2025-09-22T01:00:00.000+02:00,2025-09-21T23:00:00Z,2025-09-21T23:00:00.000Z,8741,Península
243441.0,2025-09-22T02:00:00.000+02:00,2025-09-22T00:00:00Z,2025-09-22T00:00:00.000Z,8741,Península
238424.0,2025-09-22T03:00:00.000+02:00,2025-09-22T01:00:00Z,2025-09-22T01:00:00.000Z,8741,Península
238817.0,2025-09-22T04:00:00.000+02:00,2025-09-22T02:00:00Z,2025-09-22T02:00:00.000Z,8741,Península
245868.0,2025-09-22T05:00:00.000+02:00,2025-09-22T03:00:00Z,2025-09-22T03:00:00.000Z,8741,Península
278900.0,2025-09-22T06:00:00.000+02:00,2025-09-22T04:00:00Z,2025-09-22T04:00:00.000Z,8741,Península
321141.0,2025-09-22T07:00:00.000+02:00,2025-09-22T05:00:00Z,2025-09-22T05:00:00.000Z,8741,Península
335925.0,2025-09-22T08:00:00.000+02:00,2025-09-22T06:00:00Z,2025-09-22T06:00:00.000Z,8741,Península
334363.0,2025-09-22T09:00:00.000+02:00,2025-09-22T07:00:00Z,2025-09-22T07:00:00.000Z,8741,Península
326356.0,2025-09-22T10:00:00.000+02:00,2025-09-22T08:00:00Z,2025-09-22T08:00:00.000Z,8741,Península
320916.0,2025-09-22T11:00:00.000+02:00,2025-09-22T09:00:00Z,2025-09-22T09:00:00.000Z,8741,Península
316957.0,2025-09-22T12:00:00.000+02:00,2025-09-22T10:00:00Z,2025-09-22T10:00:00.000Z,8741,Península
319621.0,2025-09-22T13:00:00.000+02:00,2025-09-22T11:00:00Z,2025-09-22T11:00:00.000Z,8741,Península
316008.0,2025-09-22T14:00:00.000+02:00,2025-09-22T12:00:00Z,2025-09-22T12:00:00.000Z,8741,Península
312365.0,2025-09-22T15:00:00.000+02:00,2025-09-22T13:00:00Z,2025-09-22T13:00:00.000Z,8741,Península
314811.0,2025-09-22T16:00:00.000+02:00,2025-09-22T14:00:00Z,2025-09-22T14:00:00.000Z,8741,Península
325246.0,2025-09-22T17:00:00.000+02:00,2025-09-22T15:00:00Z,2025-09-22T15:00:00.000Z,8741,Península
334205.0,2025-09-22T18:00:00.000+02:00,2025-09-22T16:00:00Z,2025-09-22T16:00:00.000Z,8741,Península
343275.0,2025-09-22T19:00:00.000+02:00,2025-09-22T17:00:00Z,2025-09-22T17:00:00.000Z,8741,Península
366581.0,2025-09-22T20:00:00.000+02:00,2025-09-22T18:00:00Z,2025-09-22T18:00:00.000Z,8741,Península
365585.0,2025-09-22T21:00:00.000+02:00,2025-09-22T19:00:00Z,2025-09-22T19:00:00.000Z,8741,Península
328734.0,2025-09-22T22:00:00.000+02:00,2025-09-22T20:00:00Z,2025-09-22T20:00:00.000Z,8741,Península
299634.0,2025-09-22T23:00:00.000+02:00,2025-09-22T21:00:00Z,2025-09-22T21:00:00.000Z,8741,Península
284288.0,2025-09-23T00:00:00.000+02:00,2025-09-22T22:00:00Z,2025-09-22T22:00:00.000Z,8741,Península
271964.0,2025-09-23T01:00:00.000+02:00,2025-09-22T23:00:00Z,2025-09-22T23:00:00.000Z,8741,Península
260880.0,2025-09-23T02:00:00.000+02:00,2025-09-23T00:00:00Z,2025-09-23T00:00:00.000Z,8741,Península
256288.0,2025-09-23T03:00:00.000+02:00,2025-09-23T01:00:00Z,2025-09-23T01:00:00.000Z,8741,Península
254670.0,2025-09-23T04:00:00.000+02:00,2025-09-23T02:00:00Z,2025-09-23T02:00:00.000Z,8741,Península
260567.0,2025-09-23T05:00:00.000+02:00,2025-09-23T03:00:00Z,2025-09-23T03:00:00.000Z,8741,Península
288876.0,2025-09-23T06:00:00.000+02:00,2025-09-23T04:00:00Z,2025-09-23T04:00:00.000Z,8741,Península
328754.0,2025-09-23T07:00:00.000+02:00,2025-09-23T05:00:00Z,2025-09-23T05:00:00.000Z,8741,Península
342967.0,2025-09-23T08:00:00.000+02:00,2025-09-23T06:00:00Z,2025-09-23T06:00:00.000Z,8741,Península
340861.0,2025-09-23T09:00:00.000+02:00,2025-09-23T07:00:00Z,2025-09-23T07:00:00.000Z,8741,Península
329419.0,2025-09-23T10:00:00.000+02:00,2025-09-23T08:00:00Z,2025-09-23T08:00:00.000Z,8741,Península
318783.0,2025-09-23T11:00:00.000+02:00,2025-09-23T09:00:00Z,2025-09-23T09:00:00.000Z,8741,Península
319000.0,2025-09-23T12:00:00.000+02:00,2025-09-23T10:00:00Z,2025-09-23T10:00:00.000Z,8741,Península
317415.0,2025-09-23T13:00:00.000+02:00,2025-09-23T11:00:00Z,2025-09-23T11:00:00.000Z,8741,Península
311300.0,2025-09-23T14:00:00.000+02:00,2025-09-23T12:00:00Z,2025-09-23T12:00:00.000Z,8741,Península
306880.0,2025-09-23T15:00:00.000+02:00,2025-09-23T13:00:00Z,2025-09-23T13:00:00.000Z,8741,Península
312924.0,2025-09-23T16:00:00.000+02:00,2025-09-23T14:00:00Z,2025-09-23T14:00:00.000Z,8741,Península
321646.0,2025-09-23T17:00:00.000+02:00,2025-09-23T15:00:00Z,2025-09-23T15:00:00.000Z,8741,Península
330517.0,2025-09-23T18:00:00.000+02:00,2025-09-23T16:00:00Z,2025-09-23T16:00:00.000Z,8741,Península
344599.0,2025-09-23T19:00:00.000+02:00,2025-09-23T17:00:00Z,2025-09-23T17:00:00.000Z,8741,Península
371385.0,2025-09-23T20:00:00.000+02:00,2025-09-23T18:00:00Z,2025-09-23T18:00:00.000Z,8741,Península
367909.0,2025-09-23T21:00:00.000+02:00,2025-09-23T19:00:00Z,2025-09-23T19:00:00.000Z,8741,Península
331312.0,2025-09-23T22:00:00.000+02:00,2025-09-23T20:00:00Z,2025-09-23T20:00:00.000Z,8741,Península
297588.0,2025-09-23T23:00:00.000+02:00,2025-09-23T21:00:00Z,2025-09-23T21:00:00.000Z,8741,Península
281663.0,2025-09-24T00:00:00.000+02:00,2025-09-23T22:00:00Z,2025-09-23T22:00:00.000Z,8741,Península
269541.0,2025-09-24T01:00:00.000+02:00,2025-09-23T23:00:00Z,2025-09-23T23:00:00.000Z,8741,Península
260401.0,2025-09-24T02:00:00.000+02:00,2025-09-24T00:00:00Z,2025-09-24T00:00:00.000Z,8741,Península
256436.0,2025-09-24T03:00:00.000+02:00,2025-09-24T01:00:00Z,2025-09-24T01:00:00.000Z,8741,Península
253845.0,2025-09-24T04:00:00.000+02:00,2025-09-24T02:00:00Z,2025-09-24T02:00:00.000Z,8741,Península
259382.0,2025-09-24T05:00:00.000+02:00,2025-09-24T03:00:00Z,2025-09-24T03:00:00.000Z,8741,Península
286046.0,2025-09-24T06:00:00.000+02:00,2025-09-24T04:00:00Z,2025-09-24T04:00:00.000Z,8741,Península
325058.0,2025-09-24T07:00:00.000+02:00,2025-09-24T05:00:00Z,2025-09-24T05:00:00.000Z,8741,Península
338965.0,2025-09-24T08:00:00.000+02:00,2025-09-24T06:00:00Z,2025-09-24T06:00:00.000Z,8741,Península
336579.0,2025-09-24T09:00:00.000+02:00,2025-09-24T07:00:00Z,2025-09-24T07:00:00.000Z,8741,Península
327875.0,2025-09-24T10:00:00.000+02:00,2025-09-24T08:00:00Z,2025-09-24T08:00:00.000Z,8741,Península
321019.0,2025-09-24T11:00:00.000+02:00,2025-09-24T09:00:00Z,2025-09-24T09:00:00.000Z,8741,Península
319615.0,2025-09-24T12:00:00.000+02:00,2025-09-24T10:00:00Z,2025-09-24T10:00:00.000Z,8741,Península
321159.0,2025-09-24T13:00:00.000+02:00,2025-09-24T11:00:00Z,2025-09-24T11:00:00.000Z,8741,Península
315962.0,2025-09-24T14:00:00.000+02:00,2025-09-24T12:00:00Z,2025-09-24T12:00:00.000Z,8741,Península
309570.0,2025-09-24T15:00:00.000+02:00,2025-09-24T13:00:00Z,2025-09-24T13:00:00.000Z,8741,Península
311946.0,2025-09-24T16:00:00.000+02:00,2025-09-24T14:00:00Z,2025-09-24T14:00:00.000Z,8741,Península
322391.0,2025-09-24T17:00:00.000+02:00,2025-09-24T15:00:00Z,2025-09-24T15:00:00.000Z,8741,Península
330213.0,2025-09-24T18:00:00.000+02:00,2025-09-24T16:00:00Z,2025-09-24T16:00:00.000Z,8741,Península
342160.0,2025-09-24T19:00:00.000+02:00,2025-09-24T17:00:00Z,2025-09-24T17:00:00.000Z,8741,Península
366420.0,2025-09-24T20:00:00.000+02:00,2025-09-24T18:00:00Z,2025-09-24T18:00:00.000Z,8741,Península
363735.0,2025-09-24T21:00:00.000+02:00,2025-09-24T19:00:00Z,2025-09-24T19:00:00.000Z,8741,Península
327889.0,2025-09-24T22:00:00.000+02:00,2025-09-24T20:00:00Z,2025-09-24T20:00:00.000Z,8741,Península
297883.0,2025-09-24T23:00:00.000+02:00,2025-09-24T21:00:00Z,2025-09-24T21:00:00.000Z,8741,Península
281515.0,2025-09-25T00:00:00.000+02:00,2025-09-24T22:00:00Z,2025-09-24T22:00:00.000Z,8741,Península
270057.0,2025-09-25T01:00:00.000+02:00,2025-09-24T23:00:00Z,2025-09-24T23:00:00.000Z,8741,Península
261427.0,2025-09-25T02:00:00.000+02:00,2025-09-25T00:00:00Z,2025-09-25T00:00:00.000Z,8741,Península
256191.0,2025-09-25T03:00:00.000+02:00,2025-09-25T01:00:00Z,2025-09-25T01:00:00.000Z,8741,Península
256211.0,2025-09-25T04:00:00.000+02:00,2025-09-25T02:00:00Z,2025-09-25T02:00:00.000Z,8741,Península
261256.0,2025-09-25T05:00:00.000+02:00,2025-09-25T03:00:00Z,2025-09-25T03:00:00.000Z,8741,Península
290890.0,2025-09-25T06:00:00.000+02:00,2025-09-25T04:00:00Z,2025-09-25T04:00:00.000Z,8741,Península
333754.0,2025-09-25T07:00:00.000+02:00,2025-09-25T05:00:00Z,2025-09-25T05:00:00.000Z,8741,Península
348177.0,2025-09-25T08:00:00.000+02:00,2025-09-25T06:00:00Z,2025-09-25T06:00:00.000Z,8741,Península
348078.0,2025-09-25T09:00:00.000+02:00,2025-09-25T07:00:00Z,2025-09-25T07:00:00.000Z,8741,Península
342617.0,2025-09-25T10:00:00.000+02:00,2025-09-25T08:00:00Z,2025-09-25T08:00:00.000Z,8741,Península
333570.0,2025-09-25T11:00:00.000+02:00,2025-09-25T09:00:00Z,2025-09-25T09:00:00.000Z,8741,Península
329546.0,2025-09-25T12:00:00.000+02:00,2025-09-25T10:00:00Z,2025-09-25T10:00:00.000Z,8741,Península
332368.0,2025-09-25T13:00:00.000+02:00,2025-09-25T11:00:00Z,2025-09-25T11:00:00.000Z,8741,Península
327553.0,2025-09-25T14:00:00.000+02:00,2025-09-25T12:00:00Z,2025-09-25T12:00:00.000Z,8741,Península
321010.0,2025-09-25T15:00:00.000+02:00,2025-09-25T13:00:00Z,2025-09-25T13:00:00.000Z,8741,Península
323835.0,2025-09-25T16:00:00.000+02:00,2025-09-25T14:00:00Z,2025-09-25T14:00:00.000Z,8741,Península
334153.0,2025-09-25T17:00:00.000+02:00,2025-09-25T15:00:00Z,2025-09-25T15:00:00.000Z,8741,Península
342720.0,2025-09-25T18:00:00.000+02:00,2025-09-25T16:00:00Z,2025-09-25T16:00:00.000Z,8741,Península
355570.0,2025-09-25T19:00:00.000+02:00,2025-09-25T17:00:00Z,2025-09-25T17:00:00.000Z,8741,Península
378572.0,2025-09-25T20:00:00.000+02:00,2025-09-25T18:00:00Z,2025-09-25T18:00:00.000Z,8741,Península
374061.0,2025-09-25T21:00:00.000+02:00,2025-09-25T19:00:00Z,2025-09-25T19:00:00.000Z,8741,Península
337068.0,2025-09-25T22:00:00.000+02:00,2025-09-25T20:00:00Z,2025-09-25T20:00:00.000Z,8741,Península
305893.0,2025-09-25T23:00:00.000+02:00,2025-09-25T21:00:00Z,2025-09-25T21:00:00.000Z,8741,Península
290885.0,2025-09-26T00:00:00.000+02:00,2025-09-25T22:00:00Z,2025-09-25T22:00:00.000Z,8741,Península
278320.0,2025-09-26T01:00:00.000+02:00,2025-09-25T23:00:00Z,2025-09-25T23:00:00.000Z,8741,Península
271261.0,2025-09-26T02:00:00.000+02:00,2025-09-26T00:00:00Z,2025-09-26T00:00:00.000Z,8741,Península
265055.0,2025-09-26T03:00:00.000+02:00,2025-09-26T01:00:00Z,2025-09-26T01:00:00.000Z,8741,Península
262547.0,2025-09-26T04:00:00.000+02:00,2025-09-26T02:00:00Z,2025-09-26T02:00:00.000Z,8741,Península
267320.0,2025-09-26T05:00:00.000+02:00,2025-09-26T03:00:00Z,2025-09-26T03:00:00.000Z,8741,Península
296210.0,2025-09-26T06:00:00.000+02:00,2025-09-26T04:00:00Z,2025-09-26T04:00:00.000Z,8741,Península
336906.0,2025-09-26T07:00:00.000+02:00,2025-09-26T05:00:00Z,2025-09-26T05:00:00.000Z,8741,Península
352296.0,2025-09-26T08:00:00.000+02:00,2025-09-26T06:00:00Z,2025-09-26T06:00:00.000Z,8741,Península
350011.0,2025-09-26T09:00:00.000+02:00,2025-09-26T07:00:00Z,2025-09-26T07:00:00.000Z,8741,Península
343818.0,2025-09-26T10:00:00.000+02:00,2025-09-26T08:00:00Z,2025-09-26T08:00:00.000Z,8741,Península
334780.0,2025-09-26T11:00:00.000+02:00,2025-09-26T09:00:00Z,2025-09-26T09:00:00.000Z,8741,Península
333364.0,2025-09-26T12:00:00.000+02:00,2025-09-26T10:00:00Z,2025-09-26T10:00:00.000Z,8741,Península
329687.0,2025-09-26T13:00:00.000+02:00,2025-09-26T11:00:00Z,2025-09-26T11:00:00.000Z,8741,Península
319991.0,2025-09-26T14:00:00.000+02:00,2025-09-26T12:00:00Z,2025-09-26T12:00:00.000Z,8741,Península
313750.0,2025-09-26T15:00:00.000+02:00,2025-09-26T13:00:00Z,2025-09-26T13:00:00.000Z,8741,Península
315777.0,2025-09-26T16:00:00.000+02:00,2025-09-26T14:00:00Z,2025-09-26T14:00:00.000Z,8741,Península
326698.0,2025-09-26T17:00:00.000+02:00,2025-09-26T15:00:00Z,2025-09-26T15:00:00.000Z,8741,Península
336487.0,2025-09-26T18:00:00.000+02:00,2025-09-26T16:00:00Z,2025-09-26T16:00:00.000Z,8741,Península
345204.0,2025-09-26T19:00:00.000+02:00,2025-09-26T17:00:00Z,2025-09-26T17:00:00.000Z,8741,Península
363896.0,2025-09-26T20:00:00.000+02:00,2025-09-26T18:00:00Z,2025-09-26T18:00:00.000Z,8741,Península
360501.0,2025-09-26T21:00:00.000+02:00,2025-09-26T19:00:00Z,2025-09-26T19:00:00.000Z,8741,Península
327273.0,2025-09-26T22:00:00.000+02:00,2025-09-26T20:00:00Z,2025-09-26T20:00:00.000Z,8741,Península
301167.0,2025-09-26T23:00:00.000+02:00,2025-09-26T21:00:00Z,2025-09-26T21:00:00.000Z,8741,Península
287244.0,2025-09-27T00:00:00.000+02:00,2025-09-26T22:00:00Z,2025-09-26T22:00:00.000Z,8741,Península
273197.0,2025-09-27T01:00:00.000+02:00,2025-09-26T23:00:00Z,2025-09-26T23:00:00.000Z,8741,Península
260952.0,2025-09-27T02:00:00.000+02:00,2025-09-27T00:00:00Z,2025-09-27T00:00:00.000Z,8741,Península
253370.0,2025-09-27T03:00:00.000+02:00,2025-09-27T01:00:00Z,2025-09-27T01:00:00.000Z,8741,Península
250004.0,2025-09-27T04:00:00.000+02:00,2025-09-27T02:00:00Z,2025-09-27T02:00:00.000Z,8741,Península
248175.0,2025-09-27T05:00:00.000+02:00,2025-09-27T03:00:00Z,2025-09-27T03:00:00.000Z,8741,Península
254717.0,2025-09-27T06:00:00.000+02:00,2025-09-27T04:00:00Z,2025-09-27T04:00:00.000Z,8741,Península
269582.0,2025-09-27T07:00:00.000+02:00,2025-09-27T05:00:00Z,2025-09-27T05:00:00.000Z,8741,Península
278819.0,2025-09-27T08:00:00.000+02:00,2025-09-27T06:00:00Z,2025-09-27T06:00:00.000Z,8741,Península
288996.0,2025-09-27T09:00:00.000+02:00,2025-09-27T07:00:00Z,2025-09-27T07:00:00.000Z,8741,Península
292303.0,2025-09-27T10:00:00.000+02:00,2025-09-27T08:00:00Z,2025-09-27T08:00:00.000Z,8741,Península
288737.0,2025-09-27T11:00:00.000+02:00,2025-09-27T09:00:00Z,2025-09-27T09:00:00.000Z,8741,Península
286234.0,2025-09-27T12:00:00.000+02:00,2025-09-27T10:00:00Z,2025-09-27T10:00:00.000Z,8741,Península
288383.0,2025-09-27T13:00:00.000+02:00,2025-09-27T11:00:00Z,2025-09-27T11:00:00.000Z,8741,Península
287404.0,2025-09-27T14:00:00.000+02:00,2025-09-27T12:00:00Z,2025-09-27T12:00:00.000Z,8741,Península
278584.0,2025-09-27T15:00:00.000+02:00,2025-09-27T13:00:00Z,2025-09-27T13:00:00.000Z,8741,Península
276085.0,2025-09-27T16:00:00.000+02:00,2025-09-27T14:00:00Z,2025-09-27T14:00:00.000Z,8741,Península
282872.0,2025-09-27T17:00:00.000+02:00,2025-09-27T15:00:00Z,2025-09-27T15:00:00.000Z,8741,Península
292155.0,2025-09-27T18:00:00.000+02:00,2025-09-27T16:00:00Z,2025-09-27T16:00:00.000Z,8741,Península
304577.0,2025-09-27T19:00:00.000+02:00,2025-09-27T17:00:00Z,2025-09-27T17:00:00.000Z,8741,Península
323563.0,2025-09-27T20:00:00.000+02:00,2025-09-27T18:00:00Z,2025-09-27T18:00:00.000Z,8741,Península
323704.0,2025-09-27T21:00:00.000+02:00,2025-09-27T19:00:00Z,2025-09-27T19:00:00.000Z,8741,Península
300193.0,2025-09-27T22:00:00.000+02:00,2025-09-27T20:00:00Z,2025-09-27T20:00:00.000Z,8741,Península
279338.0,2025-09-27T23:00:00.000+02:00,2025-09-27T21:00:00Z,2025-09-27T21:00:00.000Z,8741,Península
264540.0,2025-09-28T00:00:00.000+02:00,2025-09-27T22:00:00Z,2025-09-27T22:00:00.000Z,8741,Península
250218.0,2025-09-28T01:00:00.000+02:00,2025-09-27T23:00:00Z,2025-09-27T23:00:00.000Z,8741,Península
239814.0,2025-09-28T02:00:00.000+02:00,2025-09-28T00:00:00Z,2025-09-28T00:00:00.000Z,8741,Península
231974.0,2025-09-28T03:00:00.000+02:00,2025-09-28T01:00:00Z,2025-09-28T01:00:00.000Z,8741,Península
228282.0,2025-09-28T04:00:00.000+02:00,2025-09-28T02:00:00Z,2025-09-28T02:00:00.000Z,8741,Península
228494.0,2025-09-28T05:00:00.000+02:00,2025-09-28T03:00:00Z,2025-09-28T03:00:00.000Z,8741,Península
231651.0,2025-09-28T06:00:00.000+02:00,2025-09-28T04:00:00Z,2025-09-28T04:00:00.000Z,8741,Península
239592.0,2025-09-28T07:00:00.000+02:00,2025-09-28T05:00:00Z,2025-09-28T05:00:00.000Z,8741,Península
244321.0,2025-09-28T08:00:00.000+02:00,2025-09-28T06:00:00Z,2025-09-28T06:00:00.000Z,8741,Península
258772.0,2025-09-28T09:00:00.000+02:00,2025-09-28T07:00:00Z,2025-09-28T07:00:00.000Z,8741,Península
270525.0,2025-09-28T10:00:00.000+02:00,2025-09-28T08:00:00Z,2025-09-28T08:00:00.000Z,8741,Península
271169.0,2025-09-28T11:00:00.000+02:00,2025-09-28T09:00:00Z,2025-09-28T09:00:00.000Z,8741,Península
272537.0,2025-09-28T12:00:00.000+02:00,2025-09-28T10:00:00Z,2025-09-28T10:00:00.000Z,8741,Península
277997.0,2025-09-28T13:00:00.000+02:00,2025-09-28T11:00:00Z,2025-09-28T11:00:00.000Z,8741,Península
275134.0,2025-09-28T14:00:00.000+02:00,2025-09-28T12:00:00Z,2025-09-28T12:00:00.000Z,8741,Península
263872.0,2025-09-28T15:00:00.000+02:00,2025-09-28T13:00:00Z,2025-09-28T13:00:00.000Z,8741,Península
258045.0,2025-09-28T16:00:00.000+02:00,2025-09-28T14:00:00Z,2025-09-28T14:00:00.000Z,8741,Península
260636.0,2025-09-28T17:00:00.000+02:00,2025-09-28T15:00:00Z,2025-09-28T15:00:00.000Z,8741,Península
271366.0,2025-09-28T18:00:00.000+02:00,2025-09-28T16:00:00Z,2025-09-28T16:00:00.000Z,8741,Península
288727.0,2025-09-28T19:00:00.000+02:00,2025-09-28T17:00:00Z,2025-09-28T17:00:00.000Z,8741,Península
314257.0,2025-09-28T20:00:00.000+02:00,2025-09-28T18:00:00Z,2025-09-28T18:00:00.000Z,8741,Península
317572.0,2025-09-28T21:00:00.000+02:00,2025-09-28T19:00:00Z,2025-09-28T19:00:00.000Z,8741,Península
297588.0,2025-09-28T22:00:00.000+02:00,2025-09-28T20:00:00Z,2025-09-28T20:00:00.000Z,8741,Península
274070.0,2025-09-28T23:00:00.000+02:00,2025-09-28T21:00:00Z,2025-09-28T21:00:00.000Z,8741,Península
256997.0,2025-09-29T00:00:00.000+02:00,2025-09-28T22:00:00Z,2025-09-28T22:00:00.000Z,8741,Península
244956.0,2025-09-29T01:00:00.000+02:00,2025-09-28T23:00:00Z,2025-09-28T23:00:00.000Z,8741,Península
238641.0,2025-09-29T02:00:00.000+02:00,2025-09-29T00:00:00Z,2025-09-29T00:00:00.000Z,8741,Península
234005.0,2025-09-29T03:00:00.000+02:00,2025-09-29T01:00:00Z,2025-09-29T01:00:00.000Z,8741,Península
233002.0,2025-09-29T04:00:00.000+02:00,2025-09-29T02:00:00Z,2025-09-29T02:00:00.000Z,8741,Península
239610.0,2025-09-29T05:00:00.000+02:00,2025-09-29T03:00:00Z,2025-09-29T03:00:00.000Z,8741,Península
272527.0,2025-09-29T06:00:00.000+02:00,2025-09-29T04:00:00Z,2025-09-29T04:00:00.000Z,8741,Península
318161.0,2025-09-29T07:00:00.000+02:00,2025-09-29T05:00:00Z,2025-09-29T05:00:00.000Z,8741,Península
338097.0,2025-09-29T08:00:00.000+02:00,2025-09-29T06:00:00Z,2025-09-29T06:00:00.000Z,8741,Península
341637.0,2025-09-29T09:00:00.000+02:00,2025-09-29T07:00:00Z,2025-09-29T07:00:00.000Z,8741,Península
341488.0,2025-09-29T10:00:00.000+02:00,2025-09-29T08:00:00Z,2025-09-29T08:00:00.000Z,8741,Península
335508.0,2025-09-29T11:00:00.000+02:00,2025-09-29T09:00:00Z,2025-09-29T09:00:00.000Z,8741,Península
334787.0,2025-09-29T12:00:00.000+02:00,2025-09-29T10:00:00Z,2025-09-29T10:00:00.000Z,8741,Península
335123.0,2025-09-29T13:00:00.000+02:00,2025-09-29T11:00:00Z,2025-09-29T11:00:00.000Z,8741,Península
328866.0,2025-09-29T14:00:00.000+02:00,2025-09-29T12:00:00Z,2025-09-29T12:00:00.000Z,8741,Península
319048.0,2025-09-29T15:00:00.000+02:00,2025-09-29T13:00:00Z,2025-09-29T13:00:00.000Z,8741,Península
318268.0,2025-09-29T16:00:00.000+02:00,2025-09-29T14:00:00Z,2025-09-29T14:00:00.000Z,8741,Península
322522.0,2025-09-29T17:00:00.000+02:00,2025-09-29T15:00:00Z,2025-09-29T15:00:00.000Z,8741,Península
331711.0,2025-09-29T18:00:00.000+02:00,2025-09-29T16:00:00Z,2025-09-29T16:00:00.000Z,8741,Península
344155.0,2025-09-29T19:00:00.000+02:00,2025-09-29T17:00:00Z,2025-09-29T17:00:00.000Z,8741,Península
368889.0,2025-09-29T20:00:00.000+02:00,2025-09-29T18:00:00Z,2025-09-29T18:00:00.000Z,8741,Península
362497.0,2025-09-29T21:00:00.000+02:00,2025-09-29T19:00:00Z,2025-09-29T19:00:00.000Z,8741,Península
325580.0,2025-09-29T22:00:00.000+02:00,2025-09-29T20:00:00Z,2025-09-29T20:00:00.000Z,8741,Península
296397.0,2025-09-29T23:00:00.000+02:00,2025-09-29T21:00:00Z,2025-09-29T21:00:00.000Z,8741,Península
277182.0,2025-09-30T00:00:00.000+02:00,2025-09-29T22:00:00Z,2025-09-29T22:00:00.000Z,8741,Península
264263.0,2025-09-30T01:00:00.000+02:00,2025-09-29T23:00:00Z,2025-09-29T23:00:00.000Z,8741,Península
256573.0,2025-09-30T02:00:00.000+02:00,2025-09-30T00:00:00Z,2025-09-30T00:00:00.000Z,8741,Península
253172.0,2025-09-30T03:00:00.000+02:00,2025-09-30T01:00:00Z,2025-09-30T01:00:00.000Z,8741,Península
250320.0,2025-09-30T04:00:00.000+02:00,2025-09-30T02:00:00Z,2025-09-30T02:00:00.000Z,8741,Península
257329.0,2025-09-30T05:00:00.000+02:00,2025-09-30T03:00:00Z,2025-09-30T03:00:00.000Z,8741,Península
286036.0,2025-09-30T06:00:00.000+02:00,2025-09-30T04:00:00Z,2025-09-30T04:00:00.000Z,8741,Península
327664.0,2025-09-30T07:00:00.000+02:00,2025-09-30T05:00:00Z,2025-09-30T05:00:00.000Z,8741,Península
347167.0,2025-09-30T08:00:00.000+02:00,2025-09-30T06:00:00Z,2025-09-30T06:00:00.000Z,8741,Península
346235.0,2025-09-30T09:00:00.000+02:00,2025-09-30T07:00:00Z,2025-09-30T07:00:00.000Z,8741,Península
343167.0,2025-09-30T10:00:00.000+02:00,2025-09-30T08:00:00Z,2025-09-30T08:00:00.000Z,8741,Península
338193.0,2025-09-30T11:00:00.000+02:00,2025-09-30T09:00:00Z,2025-09-30T09:00:00.000Z,8741,Península
334409.0,2025-09-30T12:00:00.000+02:00,2025-09-30T10:00:00Z,2025-09-30T10:00:00.000Z,8741,Península
334108.0,2025-09-30T13:00:00.000+02:00,2025-09-30T11:00:00Z,2025-09-30T11:00:00.000Z,8741,Península
328950.0,2025-09-30T14:00:00.000+02:00,2025-09-30T12:00:00Z,2025-09-30T12:00:00.000Z,8741,Península
324468.0,2025-09-30T15:00:00.000+02:00,2025-09-30T13:00:00Z,2025-09-30T13:00:00.000Z,8741,Península
322438.0,2025-09-30T16:00:00.000+02:00,2025-09-30T14:00:00Z,2025-09-30T14:00:00.000Z,8741,Península
331831.0,2025-09-30T17:00:00.000+02:00,2025-09-30T15:00:00Z,2025-09-30T15:00:00.000Z,8741,Península
339873.0,2025-09-30T18:00:00.000+02:00,2025-09-30T16:00:00Z,2025-09-30T16:00:00.000Z,8741,Península
352030.0,2025-09-30T19:00:00.000+02:00,2025-09-30T17:00:00Z,2025-09-30T17:00:00.000Z,8741,Península
376140.0,2025-09-30T20:00:00.000+02:00,2025-09-30T18:00:00Z,2025-09-30T18:00:00.000Z,8741,Península
369233.0,2025-09-30T21:00:00.000+02:00,2025-09-30T19:00:00Z,2025-09-30T19:00:00.000Z,8741,Península
331583.0,2025-09-30T22:00:00.000+02:00,2025-09-30T20:00:00Z,2025-09-30T20:00:00.000Z,8741,Península
299629.0,2025-09-30T23:00:00.000+02:00,2025-09-30T21:00:00Z,2025-09-30T21:00:00.000Z,8741,Península
280090.0,2025-10-01T00:00:00.000+02:00,2025-09-30T22:00:00Z,2025-09-30T22:00:00.000Z,8741,Península
267232.0,2025-10-01T01:00:00.000+02:00,2025-09-30T23:00:00Z,2025-09-30T23:00:00.000Z,8741,Península
258405.0,2025-10-01T02:00:00.000+02:00,2025-10-01T00:00:00Z,2025-10-01T00:00:00.000Z,8741,Península
254291.0,2025-10-01T03:00:00.000+02:00,2025-10-01T01:00:00Z,2025-10-01T01:00:00.000Z,8741,Península
253597.0,2025-10-01T04:00:00.000+02:00,2025-10-01T02:00:00Z,2025-10-01T02:00:00.000Z,8741,Península
261296.0,2025-10-01T05:00:00.000+02:00,2025-10-01T03:00:00Z,2025-10-01T03:00:00.000Z,8741,Península
290076.0,2025-10-01T06:00:00.000+02:00,2025-10-01T04:00:00Z,2025-10-01T04:00:00.000Z,8741,Península
331468.0,2025-10-01T07:00:00.000+02:00,2025-10-01T05:00:00Z,2025-10-01T05:00:00.000Z,8741,Península
348203.0,2025-10-01T08:00:00.000+02:00,2025-10-01T06:00:00Z,2025-10-01T06:00:00.000Z,8741,Península
343240.0,2025-10-01T09:00:00.000+02:00,2025-10-01T07:00:00Z,2025-10-01T07:00:00.000Z,8741,Península
339397.0,2025-10-01T10:00:00.000+02:00,2025-10-01T08:00:00Z,2025-10-01T08:00:00.000Z,8741,Península
330481.0,2025-10-01T11:00:00.000+02:00,2025-10-01T09:00:00Z,2025-10-01T09:00:00.000Z,8741,Península
327423.0,2025-10-01T12:00:00.000+02:00,2025-10-01T10:00:00Z,2025-10-01T10:00:00.000Z,8741,Península
335132.0,2025-10-01T13:00:00.000+02:00,2025-10-01T11:00:00Z,2025-10-01T11:00:00.000Z,8741,Península
331996.0,2025-10-01T14:00:00.000+02:00,2025-10-01T12:00:00Z,2025-10-01T12:00:00.000Z,8741,Península
327510.0,2025-10-01T15:00:00.000+02:00,2025-10-01T13:00:00Z,2025-10-01T13:00:00.000Z,8741,Península
327851.0,2025-10-01T16:00:00.000+02:00,2025-10-01T14:00:00Z,2025-10-01T14:00:00.000Z,8741,Península
333822.0,2025-10-01T17:00:00.000+02:00,2025-10-01T15:00:00Z,2025-10-01T15:00:00.000Z,8741,Península
342027.0,2025-10-01T18:00:00.000+02:00,2025-10-01T16:00:00Z,2025-10-01T16:00:00.000Z,8741,Península
348332.0,2025-10-01T19:00:00.000+02:00,2025-10-01T17:00:00Z,2025-10-01T17:00:00.000Z,8741,Península
369737.0,2025-10-01T20:00:00.000+02:00,2025-10-01T18:00:00Z,2025-10-01T18:00:00.000Z,8741,Península
363223.0,2025-10-01T21:00:00.000+02:00,2025-10-01T19:00:00Z,2025-10-01T19:00:00.000Z,8741,Península
328730.0,2025-10-01T22:00:00.000+02:00,2025-10-01T20:00:00Z,2025-10-01T20:00:00.000Z,8741,Península
297581.0,2025-10-01T23:00:00.000+02:00,2025-10-01T21:00:00Z,2025-10-01T21:00:00.000Z,8741,Península
280431.0,2025-10-02T00:00:00.000+02:00,2025-10-01T22:00:00Z,2025-10-01T22:00:00.000Z,8741,Península
267418.0,2025-10-02T01:00:00.000+02:00,2025-10-01T23:00:00Z,2025-10-01T23:00:00.000Z,8741,Península
256581.0,2025-10-02T02:00:00.000+02:00,2025-10-02T00:00:00Z,2025-10-02T00:00:00.000Z,8741,Península
251926.0,2025-10-02T03:00:00.000+02:00,2025-10-02T01:00:00Z,2025-10-02T01:00:00.000Z,8741,Península
251547.0,2025-10-02T04:00:00.000+02:00,2025-10-02T02:00:00Z,2025-10-02T02:00:00.000Z,8741,Península
258920.0,2025-10-02T05:00:00.000+02:00,2025-10-02T03:00:00Z,2025-10-02T03:00:00.000Z,8741,Península
289047.0,2025-10-02T06:00:00.000+02:00,2025-10-02T04:00:00Z,2025-10-02T04:00:00.000Z,8741,Península
328070.0,2025-10-02T07:00:00.000+02:00,2025-10-02T05:00:00Z,2025-10-02T05:00:00.000Z,8741,Península
344796.0,2025-10-02T08:00:00.000+02:00,2025-10-02T06:00:00Z,2025-10-02T06:00:00.000Z,8741,Península
344605.0,2025-10-02T09:00:00.000+02:00,2025-10-02T07:00:00Z,2025-10-02T07:00:00.000Z,8741,Península
344917.0,2025-10-02T10:00:00.000+02:00,2025-10-02T08:00:00Z,2025-10-02T08:00:00.000Z,8741,Península
345613.0,2025-10-02T11:00:00.000+02:00,2025-10-02T09:00:00Z,2025-10-02T09:00:00.000Z,8741,Península
344073.0,2025-10-02T12:00:00.000+02:00,2025-10-02T10:00:00Z,2025-10-02T10:00:00.000Z,8741,Península
344338.0,2025-10-02T13:00:00.000+02:00,2025-10-02T11:00:00Z,2025-10-02T11:00:00.000Z,8741,Península
337234.0,2025-10-02T14:00:00.000+02:00,2025-10-02T12:00:00Z,2025-10-02T12:00:00.000Z,8741,Península
329335.0,2025-10-02T15:00:00.000+02:00,2025-10-02T13:00:00Z,2025-10-02T13:00:00.000Z,8741,Península
332937.0,2025-10-02T16:00:00.000+02:00,2025-10-02T14:00:00Z,2025-10-02T14:00:00.000Z,8741,Península
343536.0,2025-10-02T17:00:00.000+02:00,2025-10-02T15:00:00Z,2025-10-02T15:00:00.000Z,8741,Península
346310.0,2025-10-02T18:00:00.000+02:00,2025-10-02T16:00:00Z,2025-10-02T16:00:00.000Z,8741,Península
357153.0,2025-10-02T19:00:00.000+02:00,2025-10-02T17:00:00Z,2025-10-02T17:00:00.000Z,8741,Península
377720.0,2025-10-02T20:00:00.000+02:00,2025-10-02T18:00:00Z,2025-10-02T18:00:00.000Z,8741,Península
368849.0,2025-10-02T21:00:00.000+02:00,2025-10-02T19:00:00Z,2025-10-02T19:00:00.000Z,8741,Península
332316.0,2025-10-02T22:00:00.000+02:00,2025-10-02T20:00:00Z,2025-10-02T20:00:00.000Z,8741,Península
306124.0,2025-10-02T23:00:00.000+02:00,2025-10-02T21:00:00Z,2025-10-02T21:00:00.000Z,8741,Península
287835.0,2025-10-03T00:00:00.000+02:00,2025-10-02T22:00:00Z,2025-10-02T22:00:00.000Z,8741,Península
274370.0,2025-10-03T01:00:00.000+02:00,2025-10-02T23:00:00Z,2025-10-02T23:00:00.000Z,8741,Península
266927.0,2025-10-03T02:00:00.000+02:00,2025-10-03T00:00:00Z,2025-10-03T00:00:00.000Z,8741,Península
262145.0,2025-10-03T03:00:00.000+02:00,2025-10-03T01:00:00Z,2025-10-03T01:00:00.000Z,8741,Península
261454.0,2025-10-03T04:00:00.000+02:00,2025-10-03T02:00:00Z,2025-10-03T02:00:00.000Z,8741,Península
265740.0,2025-10-03T05:00:00.000+02:00,2025-10-03T03:00:00Z,2025-10-03T03:00:00.000Z,8741,Península
288653.0,2025-10-03T06:00:00.000+02:00,2025-10-03T04:00:00Z,2025-10-03T04:00:00.000Z,8741,Península
328507.0,2025-10-03T07:00:00.000+02:00,2025-10-03T05:00:00Z,2025-10-03T05:00:00.000Z,8741,Península
347416.0,2025-10-03T08:00:00.000+02:00,2025-10-03T06:00:00Z,2025-10-03T06:00:00.000Z,8741,Península
351667.0,2025-10-03T09:00:00.000+02:00,2025-10-03T07:00:00Z,2025-10-03T07:00:00.000Z,8741,Península
349989.0,2025-10-03T10:00:00.000+02:00,2025-10-03T08:00:00Z,2025-10-03T08:00:00.000Z,8741,Península
349260.0,2025-10-03T11:00:00.000+02:00,2025-10-03T09:00:00Z,2025-10-03T09:00:00.000Z,8741,Península
348942.0,2025-10-03T12:00:00.000+02:00,2025-10-03T10:00:00Z,2025-10-03T10:00:00.000Z,8741,Península
349801.0,2025-10-03T13:00:00.000+02:00,2025-10-03T11:00:00Z,2025-10-03T11:00:00.000Z,8741,Península
343342.0,2025-10-03T14:00:00.000+02:00,2025-10-03T12:00:00Z,2025-10-03T12:00:00.000Z,8741,Península
337753.0,2025-10-03T15:00:00.000+02:00,2025-10-03T13:00:00Z,2025-10-03T13:00:00.000Z,8741,Península
336870.0,2025-10-03T16:00:00.000+02:00,2025-10-03T14:00:00Z,2025-10-03T14:00:00.000Z,8741,Península
342550.0,2025-10-03T17:00:00.000+02:00,2025-10-03T15:00:00Z,2025-10-03T15:00:00.000Z,8741,Península
345093.0,2025-10-03T18:00:00.000+02:00,2025-10-03T16:00:00Z,2025-10-03T16:00:00.000Z,8741,Península
348961.0,2025-10-03T19:00:00.000+02:00,2025-10-03T17:00:00Z,2025-10-03T17:00:00.000Z,8741,Península
367800.0,2025-10-03T20:00:00.000+02:00,2025-10-03T18:00:00Z,2025-10-03T18:00:00.000Z,8741,Península
358418.0,2025-10-03T21:00:00.000+02:00,2025-10-03T19:00:00Z,2025-10-03T19:00:00.000Z,8741,Península
326108.0,2025-10-03T22:00:00.000+02:00,2025-10-03T20:00:00Z,2025-10-03T20:00:00.000Z,8741,Península
299868.0,2025-10-03T23:00:00.000+02:00,2025-10-03T21:00:00Z,2025-10-03T21:00:00.000Z,8741,Península
287891.0,2025-10-04T00:00:00.000+02:00,2025-10-03T22:00:00Z,2025-10-03T22:00:00.000Z,8741,Península
273348.0,2025-10-04T01:00:00.000+02:00,2025-10-03T23:00:00Z,2025-10-03T23:00:00.000Z,8741,Península
261952.0,2025-10-04T02:00:00.000+02:00,2025-10-04T00:00:00Z,2025-10-04T00:00:00.000Z,8741,Península
254996.0,2025-10-04T03:00:00.000+02:00,2025-10-04T01:00:00Z,2025-10-04T01:00:00.000Z,8741,Península
248039.0,2025-10-04T04:00:00.000+02:00,2025-10-04T02:00:00Z,2025-10-04T02:00:00.000Z,8741,Península
245977.0,2025-10-04T05:00:00.000+02:00,2025-10-04T03:00:00Z,2025-10-04T03:00:00.000Z,8741,Península
252720.0,2025-10-04T06:00:00.000+02:00,2025-10-04T04:00:00Z,2025-10-04T04:00:00.000Z,8741,Península
267188.0,2025-10-04T07:00:00.000+02:00,2025-10-04T05:00:00Z,2025-10-04T05:00:00.000Z,8741,Península
279389.0,2025-10-04T08:00:00.000+02:00,2025-10-04T06:00:00Z,2025-10-04T06:00:00.000Z,8741,Península
291777.0,2025-10-04T09:00:00.000+02:00,2025-10-04T07:00:00Z,2025-10-04T07:00:00.000Z,8741,Península
303615.0,2025-10-04T10:00:00.000+02:00,2025-10-04T08:00:00Z,2025-10-04T08:00:00.000Z,8741,Península
303136.0,2025-10-04T11:00:00.000+02:00,2025-10-04T09:00:00Z,2025-10-04T09:00:00.000Z,8741,Península
297069.0,2025-10-04T12:00:00.000+02:00,2025-10-04T10:00:00Z,2025-10-04T10:00:00.000Z,8741,Península
300081.0,2025-10-04T13:00:00.000+02:00,2025-10-04T11:00:00Z,2025-10-04T11:00:00.000Z,8741,Península
298296.0,2025-10-04T14:00:00.000+02:00,2025-10-04T12:00:00Z,2025-10-04T12:00:00.000Z,8741,Península
289144.0,2025-10-04T15:00:00.000+02:00,2025-10-04T13:00:00Z,2025-10-04T13:00:00.000Z,8741,Península
276219.0,2025-10-04T16:00:00.000+02:00,2025-10-04T14:00:00Z,2025-10-04T14:00:00.000Z,8741,Península
284783.0,2025-10-04T17:00:00.000+02:00,2025-10-04T15:00:00Z,2025-10-04T15:00:00.000Z,8741,Península
297289.0,2025-10-04T18:00:00.000+02:00,2025-10-04T16:00:00Z,2025-10-04T16:00:00.000Z,8741,Península
308227.0,2025-10-04T19:00:00.000+02:00,2025-10-04T17:00:00Z,2025-10-04T17:00:00.000Z,8741,Península
326750.0,2025-10-04T20:00:00.000+02:00,2025-10-04T18:00:00Z,2025-10-04T18:00:00.000Z,8741,Península
323606.0,2025-10-04T21:00:00.000+02:00,2025-10-04T19:00:00Z,2025-10-04T19:00:00.000Z,8741,Península
299955.0,2025-10-04T22:00:00.000+02:00,2025-10-04T20:00:00Z,2025-10-04T20:00:00.000Z,8741,Península
277502.0,2025-10-04T23:00:00.000+02:00,2025-10-04T21:00:00Z,2025-10-04T21:00:00.000Z,8741,Península
257114.0,2025-10-05T00:00:00.000+02:00,2025-10-04T22:00:00Z,2025-10-04T22:00:00.000Z,8741,Península
245096.0,2025-10-05T01:00:00.000+02:00,2025-10-04T23:00:00Z,2025-10-04T23:00:00.000Z,8741,Península
234732.0,2025-10-05T02:00:00.000+02:00,2025-10-05T00:00:00Z,2025-10-05T00:00:00.000Z,8741,Península
226524.0,2025-10-05T03:00:00.000+02:00,2025-10-05T01:00:00Z,2025-10-05T01:00:00.000Z,8741,Península
223518.0,2025-10-05T04:00:00.000+02:00,2025-10-05T02:00:00Z,2025-10-05T02:00:00.000Z,8741,Península
223062.0,2025-10-05T05:00:00.000+02:00,2025-10-05T03:00:00Z,2025-10-05T03:00:00.000Z,8741,Península
226290.0,2025-10-05T06:00:00.000+02:00,2025-10-05T04:00:00Z,2025-10-05T04:00:00.000Z,8741,Península
235114.0,2025-10-05T07:00:00.000+02:00,2025-10-05T05:00:00Z,2025-10-05T05:00:00.000Z,8741,Península
241848.0,2025-10-05T08:00:00.000+02:00,2025-10-05T06:00:00Z,2025-10-05T06:00:00.000Z,8741,Península
256166.0,2025-10-05T09:00:00.000+02:00,2025-10-05T07:00:00Z,2025-10-05T07:00:00.000Z,8741,Península
264071.0,2025-10-05T10:00:00.000+02:00,2025-10-05T08:00:00Z,2025-10-05T08:00:00.000Z,8741,Península
259215.0,2025-10-05T11:00:00.000+02:00,2025-10-05T09:00:00Z,2025-10-05T09:00:00.000Z,8741,Península
257971.0,2025-10-05T12:00:00.000+02:00,2025-10-05T10:00:00Z,2025-10-05T10:00:00.000Z,8741,Península
261822.0,2025-10-05T13:00:00.000+02:00,2025-10-05T11:00:00Z,2025-10-05T11:00:00.000Z,8741,Península
258313.0,2025-10-05T14:00:00.000+02:00,2025-10-05T12:00:00Z,2025-10-05T12:00:00.000Z,8741,Península
247966.0,2025-10-05T15:00:00.000+02:00,2025-10-05T13:00:00Z,2025-10-05T13:00:00.000Z,8741,Península
244839.0,2025-10-05T16:00:00.000+02:00,2025-10-05T14:00:00Z,2025-10-05T14:00:00.000Z,8741,Península
255694.0,2025-10-05T17:00:00.000+02:00,2025-10-05T15:00:00Z,2025-10-05T15:00:00.000Z,8741,Península
269691.0,2025-10-05T18:00:00.000+02:00,2025-10-05T16:00:00Z,2025-10-05T16:00:00.000Z,8741,Península
288595.0,2025-10-05T19:00:00.000+02:00,2025-10-05T17:00:00Z,2025-10-05T17:00:00.000Z,8741,Península
316775.0,2025-10-05T20:00:00.000+02:00,2025-10-05T18:00:00Z,2025-10-05T18:00:00.000Z,8741,Península
319026.0,2025-10-05T21:00:00.000+02:00,2025-10-05T19:00:00Z,2025-10-05T19:00:00.000Z,8741,Península
296749.0,2025-10-05T22:00:00.000+02:00,2025-10-05T20:00:00Z,2025-10-05T20:00:00.000Z,8741,Península
275356.0,2025-10-05T23:00:00.000+02:00,2025-10-05T21:00:00Z,2025-10-05T21:00:00.000Z,8741,Península
257683.0,2025-10-06T00:00:00.000+02:00,2025-10-05T22:00:00Z,2025-10-05T22:00:00.000Z,8741,Península
245472.0,2025-10-06T01:00:00.000+02:00,2025-10-05T23:00:00Z,2025-10-05T23:00:00.000Z,8741,Península
238012.0,2025-10-06T02:00:00.000+02:00,2025-10-06T00:00:00Z,2025-10-06T00:00:00.000Z,8741,Península
233559.0,2025-10-06T03:00:00.000+02:00,2025-10-06T01:00:00Z,2025-10-06T01:00:00.000Z,8741,Península
234375.0,2025-10-06T04:00:00.000+02:00,2025-10-06T02:00:00Z,2025-10-06T02:00:00.000Z,8741,Península
243551.0,2025-10-06T05:00:00.000+02:00,2025-10-06T03:00:00Z,2025-10-06T03:00:00.000Z,8741,Península
279692.0,2025-10-06T06:00:00.000+02:00,2025-10-06T04:00:00Z,2025-10-06T04:00:00.000Z,8741,Península
326564.0,2025-10-06T07:00:00.000+02:00,2025-10-06T05:00:00Z,2025-10-06T05:00:00.000Z,8741,Península
344244.0,2025-10-06T08:00:00.000+02:00,2025-10-06T06:00:00Z,2025-10-06T06:00:00.000Z,8741,Península
343171.0,2025-10-06T09:00:00.000+02:00,2025-10-06T07:00:00Z,2025-10-06T07:00:00.000Z,8741,Península
341245.0,2025-10-06T10:00:00.000+02:00,2025-10-06T08:00:00Z,2025-10-06T08:00:00.000Z,8741,Península
338431.0,2025-10-06T11:00:00.000+02:00,2025-10-06T09:00:00Z,2025-10-06T09:00:00.000Z,8741,Península
334911.0,2025-10-06T12:00:00.000+02:00,2025-10-06T10:00:00Z,2025-10-06T10:00:00.000Z,8741,Península
330982.0,2025-10-06T13:00:00.000+02:00,2025-10-06T11:00:00Z,2025-10-06T11:00:00.000Z,8741,Península
327513.0,2025-10-06T14:00:00.000+02:00,2025-10-06T12:00:00Z,2025-10-06T12:00:00.000Z,8741,Península
320007.0,2025-10-06T15:00:00.000+02:00,2025-10-06T13:00:00Z,2025-10-06T13:00:00.000Z,8741,Península
321706.0,2025-10-06T16:00:00.000+02:00,2025-10-06T14:00:00Z,2025-10-06T14:00:00.000Z,8741,Península
332354.0,2025-10-06T17:00:00.000+02:00,2025-10-06T15:00:00Z,2025-10-06T15:00:00.000Z,8741,Península
343442.0,2025-10-06T18:00:00.000+02:00,2025-10-06T16:00:00Z,2025-10-06T16:00:00.000Z,8741,Península
358806.0,2025-10-06T19:00:00.000+02:00,2025-10-06T17:00:00Z,2025-10-06T17:00:00.000Z,8741,Península
382174.0,2025-10-06T20:00:00.000+02:00,2025-10-06T18:00:00Z,2025-10-06T18:00:00.000Z,8741,Península
372125.0,2025-10-06T21:00:00.000+02:00,2025-10-06T19:00:00Z,2025-10-06T19:00:00.000Z,8741,Península
334508.0,2025-10-06T22:00:00.000+02:00,2025-10-06T20:00:00Z,2025-10-06T20:00:00.000Z,8741,Península
303672.0,2025-10-06T23:00:00.000+02:00,2025-10-06T21:00:00Z,2025-10-06T21:00:00.000Z,8741,Península
285754.0,2025-10-07T00:00:00.000+02:00,2025-10-06T22:00:00Z,2025-10-06T22:00:00.000Z,8741,Península
272399.0,2025-10-07T01:00:00.000+02:00,2025-10-06T23:00:00Z,2025-10-06T23:00:00.000Z,8741,Península
263263.0,2025-10-07T02:00:00.000+02:00,2025-10-07T00:00:00Z,2025-10-07T00:00:00.000Z,8741,Península
258743.0,2025-10-07T03:00:00.000+02:00,2025-10-07T01:00:00Z,2025-10-07T01:00:00.000Z,8741,Península
254186.0,2025-10-07T04:00:00.000+02:00,2025-10-07T02:00:00Z,2025-10-07T02:00:00.000Z,8741,Península
259506.0,2025-10-07T05:00:00.000+02:00,2025-10-07T03:00:00Z,2025-10-07T03:00:00.000Z,8741,Península
289474.0,2025-10-07T06:00:00.000+02:00,2025-10-07T04:00:00Z,2025-10-07T04:00:00.000Z,8741,Península
330083.0,2025-10-07T07:00:00.000+02:00,2025-10-07T05:00:00Z,2025-10-07T05:00:00.000Z,8741,Península
349588.0,2025-10-07T08:00:00.000+02:00,2025-10-07T06:00:00Z,2025-10-07T06:00:00.000Z,8741,Península
347625.0,2025-10-07T09:00:00.000+02:00,2025-10-07T07:00:00Z,2025-10-07T07:00:00.000Z,8741,Península
342763.0,2025-10-07T10:00:00.000+02:00,2025-10-07T08:00:00Z,2025-10-07T08:00:00.000Z,8741,Península
332103.0,2025-10-07T11:00:00.000+02:00,2025-10-07T09:00:00Z,2025-10-07T09:00:00.000Z,8741,Península
329262.0,2025-10-07T12:00:00.000+02:00,2025-10-07T10:00:00Z,2025-10-07T10:00:00.000Z,8741,Península
328966.0,2025-10-07T13:00:00.000+02:00,2025-10-07T11:00:00Z,2025-10-07T11:00:00.000Z,8741,Península
324745.0,2025-10-07T14:00:00.000+02:00,2025-10-07T12:00:00Z,2025-10-07T12:00:00.000Z,8741,Península
321185.0,2025-10-07T15:00:00.000+02:00,2025-10-07T13:00:00Z,2025-10-07T13:00:00.000Z,8741,Península
325402.0,2025-10-07T16:00:00.000+02:00,2025-10-07T14:00:00Z,2025-10-07T14:00:00.000Z,8741,Península
338241.0,2025-10-07T17:00:00.000+02:00,2025-10-07T15:00:00Z,2025-10-07T15:00:00.000Z,8741,Península
350803.0,2025-10-07T18:00:00.000+02:00,2025-10-07T16:00:00Z,2025-10-07T16:00:00.000Z,8741,Península
361550.0,2025-10-07T19:00:00.000+02:00,2025-10-07T17:00:00Z,2025-10-07T17:00:00.000Z,8741,Península
383633.0,2025-10-07T20:00:00.000+02:00,2025-10-07T18:00:00Z,2025-10-07T18:00:00.000Z,8741,Península
372971.0,2025-10-07T21:00:00.000+02:00,2025-10-07T19:00:00Z,2025-10-07T19:00:00.000Z,8741,Península
335408.0,2025-10-07T22:00:00.000+02:00,2025-10-07T20:00:00Z,2025-10-07T20:00:00.000Z,8741,Península
302413.0,2025-10-07T23:00:00.000+02:00,2025-10-07T21:00:00Z,2025-10-07T21:00:00.000Z,8741,Península
286283.0,2025-10-08T00:00:00.000+02:00,2025-10-07T22:00:00Z,2025-10-07T22:00:00.000Z,8741,Península
271729.0,2025-10-08T01:00:00.000+02:00,2025-10-07T23:00:00Z,2025-10-07T23:00:00.000Z,8741,Península
262705.0,2025-10-08T02:00:00.000+02:00,2025-10-08T00:00:00Z,2025-10-08T00:00:00.000Z,8741,Península
257369.0,2025-10-08T03:00:00.000+02:00,2025-10-08T01:00:00Z,2025-10-08T01:00:00.000Z,8741,Península
257450.0,2025-10-08T04:00:00.000+02:00,2025-10-08T02:00:00Z,2025-10-08T02:00:00.000Z,8741,Península
262101.0,2025-10-08T05:00:00.000+02:00,2025-10-08T03:00:00Z,2025-10-08T03:00:00.000Z,8741,Península
291823.0,2025-10-08T06:00:00.000+02:00,2025-10-08T04:00:00Z,2025-10-08T04:00:00.000Z,8741,Península
334468.0,2025-10-08T07:00:00.000+02:00,2025-10-08T05:00:00Z,2025-10-08T05:00:00.000Z,8741,Península
354053.0,2025-10-08T08:00:00.000+02:00,2025-10-08T06:00:00Z,2025-10-08T06:00:00.000Z,8741,Península
352531.0,2025-10-08T09:00:00.000+02:00,2025-10-08T07:00:00Z,2025-10-08T07:00:00.000Z,8741,Península
344325.0,2025-10-08T10:00:00.000+02:00,2025-10-08T08:00:00Z,2025-10-08T08:00:00.000Z,8741,Península
341147.0,2025-10-08T11:00:00.000+02:00,2025-10-08T09:00:00Z,2025-10-08T09:00:00.000Z,8741,Península
340282.0,2025-10-08T12:00:00.000+02:00,2025-10-08T10:00:00Z,2025-10-08T10:00:00.000Z,8741,Península
340941.0,2025-10-08T13:00:00.000+02:00,2025-10-08T11:00:00Z,2025-10-08T11:00:00.000Z,8741,Península
337124.0,2025-10-08T14:00:00.000+02:00,2025-10-08T12:00:00Z,2025-10-08T12:00:00.000Z,8741,Península
334672.0,2025-10-08T15:00:00.000+02:00,2025-10-08T13:00:00Z,2025-10-08T13:00:00.000Z,8741,Península
333564.0,2025-10-08T16:00:00.000+02:00,2025-10-08T14:00:00Z,2025-10-08T14:00:00.000Z,8741,Península
342404.0,2025-10-08T17:00:00.000+02:00,2025-10-08T15:00:00Z,2025-10-08T15:00:00.000Z,8741,Península
346095.0,2025-10-08T18:00:00.000+02:00,2025-10-08T16:00:00Z,2025-10-08T16:00:00.000Z,8741,Península
358470.0,2025-10-08T19:00:00.000+02:00,2025-10-08T17:00:00Z,2025-10-08T17:00:00.000Z,8741,Península
378706.0,2025-10-08T20:00:00.000+02:00,2025-10-08T18:00:00Z,2025-10-08T18:00:00.000Z,8741,Península
366858.0,2025-10-08T21:00:00.000+02:00,2025-10-08T19:00:00Z,2025-10-08T19:00:00.000Z,8741,Península
328231.0,2025-10-08T22:00:00.000+02:00,2025-10-08T20:00:00Z,2025-10-08T20:00:00.000Z,8741,Península
299295.0,2025-10-08T23:00:00.000+02:00,2025-10-08T21:00:00Z,2025-10-08T21:00:00.000Z,8741,Península
281164.0,2025-10-09T00:00:00.000+02:00,2025-10-08T22:00:00Z,2025-10-08T22:00:00.000Z,8741,Península
267123.0,2025-10-09T01:00:00.000+02:00,2025-10-08T23:00:00Z,2025-10-08T23:00:00.000Z,8741,Península
257417.0,2025-10-09T02:00:00.000+02:00,2025-10-09T00:00:00Z,2025-10-09T00:00:00.000Z,8741,Península
252328.0,2025-10-09T03:00:00.000+02:00,2025-10-09T01:00:00Z,2025-10-09T01:00:00.000Z,8741,Península
250856.0,2025-10-09T04:00:00.000+02:00,2025-10-09T02:00:00Z,2025-10-09T02:00:00.000Z,8741,Península
256478.0,2025-10-09T05:00:00.000+02:00,2025-10-09T03:00:00Z,2025-10-09T03:00:00.000Z,8741,Península
283144.0,2025-10-09T06:00:00.000+02:00,2025-10-09T04:00:00Z,2025-10-09T04:00:00.000Z,8741,Península
321503.0,2025-10-09T07:00:00.000+02:00,2025-10-09T05:00:00Z,2025-10-09T05:00:00.000Z,8741,Península
340653.0,2025-10-09T08:00:00.000+02:00,2025-10-09T06:00:00Z,2025-10-09T06:00:00.000Z,8741,Península
341515.0,2025-10-09T09:00:00.000+02:00,2025-10-09T07:00:00Z,2025-10-09T07:00:00.000Z,8741,Península
340707.0,2025-10-09T10:00:00.000+02:00,2025-10-09T08:00:00Z,2025-10-09T08:00:00.000Z,8741,Península
336167.0,2025-10-09T11:00:00.000+02:00,2025-10-09T09:00:00Z,2025-10-09T09:00:00.000Z,8741,Península
333487.0,2025-10-09T12:00:00.000+02:00,2025-10-09T10:00:00Z,2025-10-09T10:00:00.000Z,8741,Península
333383.0,2025-10-09T13:00:00.000+02:00,2025-10-09T11:00:00Z,2025-10-09T11:00:00.000Z,8741,Península
329615.0,2025-10-09T14:00:00.000+02:00,2025-10-09T12:00:00Z,2025-10-09T12:00:00.000Z,8741,Península
320921.0,2025-10-09T15:00:00.000+02:00,2025-10-09T13:00:00Z,2025-10-09T13:00:00.000Z,8741,Península
322223.0,2025-10-09T16:00:00.000+02:00,2025-10-09T14:00:00Z,2025-10-09T14:00:00.000Z,8741,Península
328120.0,2025-10-09T17:00:00.000+02:00,2025-10-09T15:00:00Z,2025-10-09T15:00:00.000Z,8741,Península
333442.0,2025-10-09T18:00:00.000+02:00,2025-10-09T16:00:00Z,2025-10-09T16:00:00.000Z,8741,Península
347050.0,2025-10-09T19:00:00.000+02:00,2025-10-09T17:00:00Z,2025-10-09T17:00:00.000Z,8741,Península
368623.0,2025-10-09T20:00:00.000+02:00,2025-10-09T18:00:00Z,2025-10-09T18:00:00.000Z,8741,Península
356339.0,2025-10-09T21:00:00.000+02:00,2025-10-09T19:00:00Z,2025-10-09T19:00:00.000Z,8741,Península
323433.0,2025-10-09T22:00:00.000+02:00,2025-10-09T20:00:00Z,2025-10-09T20:00:00.000Z,8741,Península
295457.0,2025-10-09T23:00:00.000+02:00,2025-10-09T21:00:00Z,2025-10-09T21:00:00.000Z,8741,Península
276732.0,2025-10-10T00:00:00.000+02:00,2025-10-09T22:00:00Z,2025-10-09T22:00:00.000Z,8741,Península
263689.0,2025-10-10T01:00:00.000+02:00,2025-10-09T23:00:00Z,2025-10-09T23:00:00.000Z,8741,Península
253252.0,2025-10-10T02:00:00.000+02:00,2025-10-10T00:00:00Z,2025-10-10T00:00:00.000Z,8741,Península
247742.0,2025-10-10T03:00:00.000+02:00,2025-10-10T01:00:00Z,2025-10-10T01:00:00.000Z,8741,Península
246102.0,2025-10-10T04:00:00.000+02:00,2025-10-10T02:00:00Z,2025-10-10T02:00:00.000Z,8741,Península
252344.0,2025-10-10T05:00:00.000+02:00,2025-10-10T03:00:00Z,2025-10-10T03:00:00.000Z,8741,Península
279059.0,2025-10-10T06:00:00.000+02:00,2025-10-10T04:00:00Z,2025-10-10T04:00:00.000Z,8741,Península
318549.0,2025-10-10T07:00:00.000+02:00,2025-10-10T05:00:00Z,2025-10-10T05:00:00.000Z,8741,Península
339434.0,2025-10-10T08:00:00.000+02:00,2025-10-10T06:00:00Z,2025-10-10T06:00:00.000Z,8741,Península
341697.0,2025-10-10T09:00:00.000+02:00,2025-10-10T07:00:00Z,2025-10-10T07:00:00.000Z,8741,Península
336440.0,2025-10-10T10:00:00.000+02:00,2025-10-10T08:00:00Z,2025-10-10T08:00:00.000Z,8741,Península
330366.0,2025-10-10T11:00:00.000+02:00,2025-10-10T09:00:00Z,2025-10-10T09:00:00.000Z,8741,Península
329735.0,2025-10-10T12:00:00.000+02:00,2025-10-10T10:00:00Z,2025-10-10T10:00:00.000Z,8741,Península
331943.0,2025-10-10T13:00:00.000+02:00,2025-10-10T11:00:00Z,2025-10-10T11:00:00.000Z,8741,Península
325554.0,2025-10-10T14:00:00.000+02:00,2025-10-10T12:00:00Z,2025-10-10T12:00:00.000Z,8741,Península
316004.0,2025-10-10T15:00:00.000+02:00,2025-10-10T13:00:00Z,2025-10-10T13:00:00.000Z,8741,Península
314587.0,2025-10-10T16:00:00.000+02:00,2025-10-10T14:00:00Z,2025-10-10T14:00:00.000Z,8741,Península
320790.0,2025-10-10T17:00:00.000+02:00,2025-10-10T15:00:00Z,2025-10-10T15:00:00.000Z,8741,Península
329466.0,2025-10-10T18:00:00.000+02:00,2025-10-10T16:00:00Z,2025-10-10T16:00:00.000Z,8741,Península
339688.0,2025-10-10T19:00:00.000+02:00,2025-10-10T17:00:00Z,2025-10-10T17:00:00.000Z,8741,Península
355130.0,2025-10-10T20:00:00.000+02:00,2025-10-10T18:00:00Z,2025-10-10T18:00:00.000Z,8741,Península
346126.0,2025-10-10T21:00:00.000+02:00,2025-10-10T19:00:00Z,2025-10-10T19:00:00.000Z,8741,Península
315146.0,2025-10-10T22:00:00.000+02:00,2025-10-10T20:00:00Z,2025-10-10T20:00:00.000Z,8741,Península
289964.0,2025-10-10T23:00:00.000+02:00,2025-10-10T21:00:00Z,2025-10-10T21:00:00.000Z,8741,Península
274423.0,2025-10-11T00:00:00.000+02:00,2025-10-10T22:00:00Z,2025-10-10T22:00:00.000Z,8741,Península
261095.0,2025-10-11T01:00:00.000+02:00,2025-10-10T23:00:00Z,2025-10-10T23:00:00.000Z,8741,Península
248021.0,2025-10-11T02:00:00.000+02:00,2025-10-11T00:00:00Z,2025-10-11T00:00:00.000Z,8741,Península
242252.0,2025-10-11T03:00:00.000+02:00,2025-10-11T01:00:00Z,2025-10-11T01:00:00.000Z,8741,Península
237306.0,2025-10-11T04:00:00.000+02:00,2025-10-11T02:00:00Z,2025-10-11T02:00:00.000Z,8741,Península
236407.0,2025-10-11T05:00:00.000+02:00,2025-10-11T03:00:00Z,2025-10-11T03:00:00.000Z,8741,Península
244432.0,2025-10-11T06:00:00.000+02:00,2025-10-11T04:00:00Z,2025-10-11T04:00:00.000Z,8741,Península
259577.0,2025-10-11T07:00:00.000+02:00,2025-10-11T05:00:00Z,2025-10-11T05:00:00.000Z,8741,Península
272020.0,2025-10-11T08:00:00.000+02:00,2025-10-11T06:00:00Z,2025-10-11T06:00:00.000Z,8741,Península
283338.0,2025-10-11T09:00:00.000+02:00,2025-10-11T07:00:00Z,2025-10-11T07:00:00.000Z,8741,Península
293311.0,2025-10-11T10:00:00.000+02:00,2025-10-11T08:00:00Z,2025-10-11T08:00:00.000Z,8741,Península
291990.0,2025-10-11T11:00:00.000+02:00,2025-10-11T09:00:00Z,2025-10-11T09:00:00.000Z,8741,Península
286812.0,2025-10-11T12:00:00.000+02:00,2025-10-11T10:00:00Z,2025-10-11T10:00:00.000Z,8741,Península
288019.0,2025-10-11T13:00:00.000+02:00,2025-10-11T11:00:00Z,2025-10-11T11:00:00.000Z,8741,Península
285218.0,2025-10-11T14:00:00.000+02:00,2025-10-11T12:00:00Z,2025-10-11T12:00:00.000Z,8741,Península
272630.0,2025-10-11T15:00:00.000+02:00,2025-10-11T13:00:00Z,2025-10-11T13:00:00.000Z,8741,Península
267449.0,2025-10-11T16:00:00.000+02:00,2025-10-11T14:00:00Z,2025-10-11T14:00:00.000Z,8741,Península
275074.0,2025-10-11T17:00:00.000+02:00,2025-10-11T15:00:00Z,2025-10-11T15:00:00.000Z,8741,Península
283496.0,2025-10-11T18:00:00.000+02:00,2025-10-11T16:00:00Z,2025-10-11T16:00:00.000Z,8741,Península
294271.0,2025-10-11T19:00:00.000+02:00,2025-10-11T17:00:00Z,2025-10-11T17:00:00.000Z,8741,Península
315586.0,2025-10-11T20:00:00.000+02:00,2025-10-11T18:00:00Z,2025-10-11T18:00:00.000Z,8741,Península
311789.0,2025-10-11T21:00:00.000+02:00,2025-10-11T19:00:00Z,2025-10-11T19:00:00.000Z,8741,Península
287761.0,2025-10-11T22:00:00.000+02:00,2025-10-11T20:00:00Z,2025-10-11T20:00:00.000Z,8741,Península
267113.0,2025-10-11T23:00:00.000+02:00,2025-10-11T21:00:00Z,2025-10-11T21:00:00.000Z,8741,Península
250596.0,2025-10-12T00:00:00.000+02:00,2025-10-11T22:00:00Z,2025-10-11T22:00:00.000Z,8741,Península
237258.0,2025-10-12T01:00:00.000+02:00,2025-10-11T23:00:00Z,2025-10-11T23:00:00.000Z,8741,Península
226733.0,2025-10-12T02:00:00.000+02:00,2025-10-12T00:00:00Z,2025-10-12T00:00:00.000Z,8741,Península
220168.0,2025-10-12T03:00:00.000+02:00,2025-10-12T01:00:00Z,2025-10-12T01:00:00.000Z,8741,Península
216558.0,2025-10-12T04:00:00.000+02:00,2025-10-12T02:00:00Z,2025-10-12T02:00:00.000Z,8741,Península
217669.0,2025-10-12T05:00:00.000+02:00,2025-10-12T03:00:00Z,2025-10-12T03:00:00.000Z,8741,Península
221808.0,2025-10-12T06:00:00.000+02:00,2025-10-12T04:00:00Z,2025-10-12T04:00:00.000Z,8741,Península
230924.0,2025-10-12T07:00:00.000+02:00,2025-10-12T05:00:00Z,2025-10-12T05:00:00.000Z,8741,Península
238272.0,2025-10-12T08:00:00.000+02:00,2025-10-12T06:00:00Z,2025-10-12T06:00:00.000Z,8741,Península
249435.0,2025-10-12T09:00:00.000+02:00,2025-10-12T07:00:00Z,2025-10-12T07:00:00.000Z,8741,Península
263354.0,2025-10-12T10:00:00.000+02:00,2025-10-12T08:00:00Z,2025-10-12T08:00:00.000Z,8741,Península
264939.0,2025-10-12T11:00:00.000+02:00,2025-10-12T09:00:00Z,2025-10-12T09:00:00.000Z,8741,Península
263538.0,2025-10-12T12:00:00.000+02:00,2025-10-12T10:00:00Z,2025-10-12T10:00:00.000Z,8741,Península
267309.0,2025-10-12T13:00:00.000+02:00,2025-10-12T11:00:00Z,2025-10-12T11:00:00.000Z,8741,Península
265820.0,2025-10-12T14:00:00.000+02:00,2025-10-12T12:00:00Z,2025-10-12T12:00:00.000Z,8741,Península
251302.0,2025-10-12T15:00:00.000+02:00,2025-10-12T13:00:00Z,2025-10-12T13:00:00.000Z,8741,Península
249914.0,2025-10-12T16:00:00.000+02:00,2025-10-12T14:00:00Z,2025-10-12T14:00:00.000Z,8741,Península
256782.0,2025-10-12T17:00:00.000+02:00,2025-10-12T15:00:00Z,2025-10-12T15:00:00.000Z,8741,Península
269056.0,2025-10-12T18:00:00.000+02:00,2025-10-12T16:00:00Z,2025-10-12T16:00:00.000Z,8741,Península
285941.0,2025-10-12T19:00:00.000+02:00,2025-10-12T17:00:00Z,2025-10-12T17:00:00.000Z,8741,Península
310139.0,2025-10-12T20:00:00.000+02:00,2025-10-12T18:00:00Z,2025-10-12T18:00:00.000Z,8741,Península
309165.0,2025-10-12T21:00:00.000+02:00,2025-10-12T19:00:00Z,2025-10-12T19:00:00.000Z,8741,Península
289315.0,2025-10-12T22:00:00.000+02:00,2025-10-12T20:00:00Z,2025-10-12T20:00:00.000Z,8741,Península
267715.0,2025-10-12T23:00:00.000+02:00,2025-10-12T21:00:00Z,2025-10-12T21:00:00.000Z,8741,Península
254475.0,2025-10-13T00:00:00.000+02:00,2025-10-12T22:00:00Z,2025-10-12T22:00:00.000Z,8741,Península
241572.0,2025-10-13T01:00:00.000+02:00,2025-10-12T23:00:00Z,2025-10-12T23:00:00.000Z,8741,Península
235836.0,2025-10-13T02:00:00.000+02:00,2025-10-13T00:00:00Z,2025-10-13T00:00:00.000Z,8741,Península
231867.0,2025-10-13T03:00:00.000+02:00,2025-10-13T01:00:00Z,2025-10-13T01:00:00.000Z,8741,Península
232517.0,2025-10-13T04:00:00.000+02:00,2025-10-13T02:00:00Z,2025-10-13T02:00:00.000Z,8741,Península
238516.0,2025-10-13T05:00:00.000+02:00,2025-10-13T03:00:00Z,2025-10-13T03:00:00.000Z,8741,Península
266133.0,2025-10-13T06:00:00.000+02:00,2025-10-13T04:00:00Z,2025-10-13T04:00:00.000Z,8741,Península
300382.0,2025-10-13T07:00:00.000+02:00,2025-10-13T05:00:00Z,2025-10-13T05:00:00.000Z,8741,Península
318592.0,2025-10-13T08:00:00.000+02:00,2025-10-13T06:00:00Z,2025-10-13T06:00:00.000Z,8741,Península
326027.0,2025-10-13T09:00:00.000+02:00,2025-10-13T07:00:00Z,2025-10-13T07:00:00.000Z,8741,Península
328939.0,2025-10-13T10:00:00.000+02:00,2025-10-13T08:00:00Z,2025-10-13T08:00:00.000Z,8741,Península
329305.0,2025-10-13T11:00:00.000+02:00,2025-10-13T09:00:00Z,2025-10-13T09:00:00.000Z,8741,Península
326095.0,2025-10-13T12:00:00.000+02:00,2025-10-13T10:00:00Z,2025-10-13T10:00:00.000Z,8741,Península
326689.0,2025-10-13T13:00:00.000+02:00,2025-10-13T11:00:00Z,2025-10-13T11:00:00.000Z,8741,Península
322608.0,2025-10-13T14:00:00.000+02:00,2025-10-13T12:00:00Z,2025-10-13T12:00:00.000Z,8741,Península
312994.0,2025-10-13T15:00:00.000+02:00,2025-10-13T13:00:00Z,2025-10-13T13:00:00.000Z,8741,Península
312826.0,2025-10-13T16:00:00.000+02:00,2025-10-13T14:00:00Z,2025-10-13T14:00:00.000Z,8741,Península
320519.0,2025-10-13T17:00:00.000+02:00,2025-10-13T15:00:00Z,2025-10-13T15:00:00.000Z,8741,Península
328408.0,2025-10-13T18:00:00.000+02:00,2025-10-13T16:00:00Z,2025-10-13T16:00:00.000Z,8741,Península
346776.0,2025-10-13T19:00:00.000+02:00,2025-10-13T17:00:00Z,2025-10-13T17:00:00.000Z,8741,Península
369084.0,2025-10-13T20:00:00.000+02:00,2025-10-13T18:00:00Z,2025-10-13T18:00:00.000Z,8741,Península
355597.0,2025-10-13T21:00:00.000+02:00,2025-10-13T19:00:00Z,2025-10-13T19:00:00.000Z,8741,Península
323610.0,2025-10-13T22:00:00.000+02:00,2025-10-13T20:00:00Z,2025-10-13T20:00:00.000Z,8741,Península
295927.0,2025-10-13T23:00:00.000+02:00,2025-10-13T21:00:00Z,2025-10-13T21:00:00.000Z,8741,Península
278778.0,2025-10-14T00:00:00.000+02:00,2025-10-13T22:00:00Z,2025-10-13T22:00:00.000Z,8741,Península
267144.0,2025-10-14T01:00:00.000+02:00,2025-10-13T23:00:00Z,2025-10-13T23:00:00.000Z,8741,Península
258398.0,2025-10-14T02:00:00.000+02:00,2025-10-14T00:00:00Z,2025-10-14T00:00:00.000Z,8741,Península
254337.0,2025-10-14T03:00:00.000+02:00,2025-10-14T01:00:00Z,2025-10-14T01:00:00.000Z,8741,Península
253373.0,2025-10-14T04:00:00.000+02:00,2025-10-14T02:00:00Z,2025-10-14T02:00:00.000Z,8741,Península
259860.0,2025-10-14T05:00:00.000+02:00,2025-10-14T03:00:00Z,2025-10-14T03:00:00.000Z,8741,Península
293091.0,2025-10-14T06:00:00.000+02:00,2025-10-14T04:00:00Z,2025-10-14T04:00:00.000Z,8741,Península
335404.0,2025-10-14T07:00:00.000+02:00,2025-10-14T05:00:00Z,2025-10-14T05:00:00.000Z,8741,Península
357689.0,2025-10-14T08:00:00.000+02:00,2025-10-14T06:00:00Z,2025-10-14T06:00:00.000Z,8741,Península
354553.0,2025-10-14T09:00:00.000+02:00,2025-10-14T07:00:00Z,2025-10-14T07:00:00.000Z,8741,Península
348896.0,2025-10-14T10:00:00.000+02:00,2025-10-14T08:00:00Z,2025-10-14T08:00:00.000Z,8741,Península
338913.0,2025-10-14T11:00:00.000+02:00,2025-10-14T09:00:00Z,2025-10-14T09:00:00.000Z,8741,Península
332927.0,2025-10-14T12:00:00.000+02:00,2025-10-14T10:00:00Z,2025-10-14T10:00:00.000Z,8741,Península
333597.0,2025-10-14T13:00:00.000+02:00,2025-10-14T11:00:00Z,2025-10-14T11:00:00.000Z,8741,Península
330919.0,2025-10-14T14:00:00.000+02:00,2025-10-14T12:00:00Z,2025-10-14T12:00:00.000Z,8741,Península
326709.0,2025-10-14T15:00:00.000+02:00,2025-10-14T13:00:00Z,2025-10-14T13:00:00.000Z,8741,Península
331276.0,2025-10-14T16:00:00.000+02:00,2025-10-14T14:00:00Z,2025-10-14T14:00:00.000Z,8741,Península
340210.0,2025-10-14T17:00:00.000+02:00,2025-10-14T15:00:00Z,2025-10-14T15:00:00.000Z,8741,Península
349114.0,2025-10-14T18:00:00.000+02:00,2025-10-14T16:00:00Z,2025-10-14T16:00:00.000Z,8741,Península
365061.0,2025-10-14T19:00:00.000+02:00,2025-10-14T17:00:00Z,2025-10-14T17:00:00.000Z,8741,Península
385922.0,2025-10-14T20:00:00.000+02:00,2025-10-14T18:00:00Z,2025-10-14T18:00:00.000Z,8741,Península
372841.0,2025-10-14T21:00:00.000+02:00,2025-10-14T19:00:00Z,2025-10-14T19:00:00.000Z,8741,Península
332804.0,2025-10-14T22:00:00.000+02:00,2025-10-14T20:00:00Z,2025-10-14T20:00:00.000Z,8741,Península
301491.0,2025-10-14T23:00:00.000+02:00,2025-10-14T21:00:00Z,2025-10-14T21:00:00.000Z,8741,Península
285049.0,2025-10-15T00:00:00.000+02:00,2025-10-14T22:00:00Z,2025-10-14T22:00:00.000Z,8741,Península
268836.0,2025-10-15T01:00:00.000+02:00,2025-10-14T23:00:00Z,2025-10-14T23:00:00.000Z,8741,Península
259652.0,2025-10-15T02:00:00.000+02:00,2025-10-15T00:00:00Z,2025-10-15T00:00:00.000Z,8741,Península
256070.0,2025-10-15T03:00:00.000+02:00,2025-10-15T01:00:00Z,2025-10-15T01:00:00.000Z,8741,Península
255936.0,2025-10-15T04:00:00.000+02:00,2025-10-15T02:00:00Z,2025-10-15T02:00:00.000Z,8741,Península
260463.0,2025-10-15T05:00:00.000+02:00,2025-10-15T03:00:00Z,2025-10-15T03:00:00.000Z,8741,Península
290735.0,2025-10-15T06:00:00.000+02:00,2025-10-15T04:00:00Z,2025-10-15T04:00:00.000Z,8741,Península
331269.0,2025-10-15T07:00:00.000+02:00,2025-10-15T05:00:00Z,2025-10-15T05:00:00.000Z,8741,Península
353961.0,2025-10-15T08:00:00.000+02:00,2025-10-15T06:00:00Z,2025-10-15T06:00:00.000Z,8741,Península
351936.0,2025-10-15T09:00:00.000+02:00,2025-10-15T07:00:00Z,2025-10-15T07:00:00.000Z,8741,Península
344320.0,2025-10-15T10:00:00.000+02:00,2025-10-15T08:00:00Z,2025-10-15T08:00:00.000Z,8741,Península
335523.0,2025-10-15T11:00:00.000+02:00,2025-10-15T09:00:00Z,2025-10-15T09:00:00.000Z,8741,Península
332977.0,2025-10-15T12:00:00.000+02:00,2025-10-15T10:00:00Z,2025-10-15T10:00:00.000Z,8741,Península
333785.0,2025-10-15T13:00:00.000+02:00,2025-10-15T11:00:00Z,2025-10-15T11:00:00.000Z,8741,Península
331607.0,2025-10-15T14:00:00.000+02:00,2025-10-15T12:00:00Z,2025-10-15T12:00:00.000Z,8741,Península
323780.0,2025-10-15T15:00:00.000+02:00,2025-10-15T13:00:00Z,2025-10-15T13:00:00.000Z,8741,Península
327777.0,2025-10-15T16:00:00.000+02:00,2025-10-15T14:00:00Z,2025-10-15T14:00:00.000Z,8741,Península
337087.0,2025-10-15T17:00:00.000+02:00,2025-10-15T15:00:00Z,2025-10-15T15:00:00.000Z,8741,Península
345788.0,2025-10-15T18:00:00.000+02:00,2025-10-15T16:00:00Z,2025-10-15T16:00:00.000Z,8741,Península
362500.0,2025-10-15T19:00:00.000+02:00,2025-10-15T17:00:00Z,2025-10-15T17:00:00.000Z,8741,Península
385767.0,2025-10-15T20:00:00.000+02:00,2025-10-15T18:00:00Z,2025-10-15T18:00:00.000Z,8741,Península
373794.0,2025-10-15T21:00:00.000+02:00,2025-10-15T19:00:00Z,2025-10-15T19:00:00.000Z,8741,Península
337159.0,2025-10-15T22:00:00.000+02:00,2025-10-15T20:00:00Z,2025-10-15T20:00:00.000Z,8741,Península
305518.0,2025-10-15T23:00:00.000+02:00,2025-10-15T21:00:00Z,2025-10-15T21:00:00.000Z,8741,Península
286862.0,2025-10-16T00:00:00.000+02:00,2025-10-15T22:00:00Z,2025-10-15T22:00:00.000Z,8741,Península
272779.0,2025-10-16T01:00:00.000+02:00,2025-10-15T23:00:00Z,2025-10-15T23:00:00.000Z,8741,Península
263361.0,2025-10-16T02:00:00.000+02:00,2025-10-16T00:00:00Z,2025-10-16T00:00:00.000Z,8741,Península
259013.0,2025-10-16T03:00:00.000+02:00,2025-10-16T01:00:00Z,2025-10-16T01:00:00.000Z,8741,Península
257622.0,2025-10-16T04:00:00.000+02:00,2025-10-16T02:00:00Z,2025-10-16T02:00:00.000Z,8741,Península
264996.0,2025-10-16T05:00:00.000+02:00,2025-10-16T03:00:00Z,2025-10-16T03:00:00.000Z,8741,Península
295567.0,2025-10-16T06:00:00.000+02:00,2025-10-16T04:00:00Z,2025-10-16T04:00:00.000Z,8741,Península
336792.0,2025-10-16T07:00:00.000+02:00,2025-10-16T05:00:00Z,2025-10-16T05:00:00.000Z,8741,Península
357881.0,2025-10-16T08:00:00.000+02:00,2025-10-16T06:00:00Z,2025-10-16T06:00:00.000Z,8741,Península
358254.0,2025-10-16T09:00:00.000+02:00,2025-10-16T07:00:00Z,2025-10-16T07:00:00.000Z,8741,Península
352328.0,2025-10-16T10:00:00.000+02:00,2025-10-16T08:00:00Z,2025-10-16T08:00:00.000Z,8741,Península
346875.0,2025-10-16T11:00:00.000+02:00,2025-10-16T09:00:00Z,2025-10-16T09:00:00.000Z,8741,Península
341806.0,2025-10-16T12:00:00.000+02:00,2025-10-16T10:00:00Z,2025-10-16T10:00:00.000Z,8741,Península
340261.0,2025-10-16T13:00:00.000+02:00,2025-10-16T11:00:00Z,2025-10-16T11:00:00.000Z,8741,Península
334335.0,2025-10-16T14:00:00.000+02:00,2025-10-16T12:00:00Z,2025-10-16T12:00:00.000Z,8741,Península
328330.0,2025-10-16T15:00:00.000+02:00,2025-10-16T13:00:00Z,2025-10-16T13:00:00.000Z,8741,Península
330413.0,2025-10-16T16:00:00.000+02:00,2025-10-16T14:00:00Z,2025-10-16T14:00:00.000Z,8741,Península
341483.0,2025-10-16T17:00:00.000+02:00,2025-10-16T15:00:00Z,2025-10-16T15:00:00.000Z,8741,Península
349111.0,2025-10-16T18:00:00.000+02:00,2025-10-16T16:00:00Z,2025-10-16T16:00:00.000Z,8741,Península
364241.0,2025-10-16T19:00:00.000+02:00,2025-10-16T17:00:00Z,2025-10-16T17:00:00.000Z,8741,Península
383830.0,2025-10-16T20:00:00.000+02:00,2025-10-16T18:00:00Z,2025-10-16T18:00:00.000Z,8741,Península
371901.0,2025-10-16T21:00:00.000+02:00,2025-10-16T19:00:00Z,2025-10-16T19:00:00.000Z,8741,Península
336217.0,2025-10-16T22:00:00.000+02:00,2025-10-16T20:00:00Z,2025-10-16T20:00:00.000Z,8741,Península
305102.0,2025-10-16T23:00:00.000+02:00,2025-10-16T21:00:00Z,2025-10-16T21:00:00.000Z,8741,Península
287125.0,2025-10-17T00:00:00.000+02:00,2025-10-16T22:00:00Z,2025-10-16T22:00:00.000Z,8741,Península
274542.0,2025-10-17T01:00:00.000+02:00,2025-10-16T23:00:00Z,2025-10-16T23:00:00.000Z,8741,Península
264098.0,2025-10-17T02:00:00.000+02:00,2025-10-17T00:00:00Z,2025-10-17T00:00:00.000Z,8741,Península
259444.0,2025-10-17T03:00:00.000+02:00,2025-10-17T01:00:00Z,2025-10-17T01:00:00.000Z,8741,Península
259007.0,2025-10-17T04:00:00.000+02:00,2025-10-17T02:00:00Z,2025-10-17T02:00:00.000Z,8741,Península
264519.0,2025-10-17T05:00:00.000+02:00,2025-10-17T03:00:00Z,2025-10-17T03:00:00.000Z,8741,Península
292437.0,2025-10-17T06:00:00.000+02:00,2025-10-17T04:00:00Z,2025-10-17T04:00:00.000Z,8741,Península
332759.0,2025-10-17T07:00:00.000+02:00,2025-10-17T05:00:00Z,2025-10-17T05:00:00.000Z,8741,Península
355131.0,2025-10-17T08:00:00.000+02:00,2025-10-17T06:00:00Z,2025-10-17T06:00:00.000Z,8741,Península
355268.0,2025-10-17T09:00:00.000+02:00,2025-10-17T07:00:00Z,2025-10-17T07:00:00.000Z,8741,Península
353095.0,2025-10-17T10:00:00.000+02:00,2025-10-17T08:00:00Z,2025-10-17T08:00:00.000Z,8741,Península
347449.0,2025-10-17T11:00:00.000+02:00,2025-10-17T09:00:00Z,2025-10-17T09:00:00.000Z,8741,Península
341763.0,2025-10-17T12:00:00.000+02:00,2025-10-17T10:00:00Z,2025-10-17T10:00:00.000Z,8741,Península
338426.0,2025-10-17T13:00:00.000+02:00,2025-10-17T11:00:00Z,2025-10-17T11:00:00.000Z,8741,Península
329979.0,2025-10-17T14:00:00.000+02:00,2025-10-17T12:00:00Z,2025-10-17T12:00:00.000Z,8741,Península
321764.0,2025-10-17T15:00:00.000+02:00,2025-10-17T13:00:00Z,2025-10-17T13:00:00.000Z,8741,Península
320285.0,2025-10-17T16:00:00.000+02:00,2025-10-17T14:00:00Z,2025-10-17T14:00:00.000Z,8741,Península
330698.0,2025-10-17T17:00:00.000+02:00,2025-10-17T15:00:00Z,2025-10-17T15:00:00.000Z,8741,Península
338061.0,2025-10-17T18:00:00.000+02:00,2025-10-17T16:00:00Z,2025-10-17T16:00:00.000Z,8741,Península
352642.0,2025-10-17T19:00:00.000+02:00,2025-10-17T17:00:00Z,2025-10-17T17:00:00.000Z,8741,Península
369817.0,2025-10-17T20:00:00.000+02:00,2025-10-17T18:00:00Z,2025-10-17T18:00:00.000Z,8741,Península
357805.0,2025-10-17T21:00:00.000+02:00,2025-10-17T19:00:00Z,2025-10-17T19:00:00.000Z,8741,Península
324501.0,2025-10-17T22:00:00.000+02:00,2025-10-17T20:00:00Z,2025-10-17T20:00:00.000Z,8741,Península
298937.0,2025-10-17T23:00:00.000+02:00,2025-10-17T21:00:00Z,2025-10-17T21:00:00.000Z,8741,Península
280780.0,2025-10-18T00:00:00.000+02:00,2025-10-17T22:00:00Z,2025-10-17T22:00:00.000Z,8741,Península
265831.0,2025-10-18T01:00:00.000+02:00,2025-10-17T23:00:00Z,2025-10-17T23:00:00.000Z,8741,Península
254790.0,2025-10-18T02:00:00.000+02:00,2025-10-18T00:00:00Z,2025-10-18T00:00:00.000Z,8741,Península
248560.0,2025-10-18T03:00:00.000+02:00,2025-10-18T01:00:00Z,2025-10-18T01:00:00.000Z,8741,Península
243531.0,2025-10-18T04:00:00.000+02:00,2025-10-18T02:00:00Z,2025-10-18T02:00:00.000Z,8741,Península
241293.0,2025-10-18T05:00:00.000+02:00,2025-10-18T03:00:00Z,2025-10-18T03:00:00.000Z,8741,Península
248694.0,2025-10-18T06:00:00.000+02:00,2025-10-18T04:00:00Z,2025-10-18T04:00:00.000Z,8741,Península
264404.0,2025-10-18T07:00:00.000+02:00,2025-10-18T05:00:00Z,2025-10-18T05:00:00.000Z,8741,Península
278872.0,2025-10-18T08:00:00.000+02:00,2025-10-18T06:00:00Z,2025-10-18T06:00:00.000Z,8741,Península
287724.0,2025-10-18T09:00:00.000+02:00,2025-10-18T07:00:00Z,2025-10-18T07:00:00.000Z,8741,Península
294238.0,2025-10-18T10:00:00.000+02:00,2025-10-18T08:00:00Z,2025-10-18T08:00:00.000Z,8741,Península
290606.0,2025-10-18T11:00:00.000+02:00,2025-10-18T09:00:00Z,2025-10-18T09:00:00.000Z,8741,Península
283379.0,2025-10-18T12:00:00.000+02:00,2025-10-18T10:00:00Z,2025-10-18T10:00:00.000Z,8741,Península
284372.0,2025-10-18T13:00:00.000+02:00,2025-10-18T11:00:00Z,2025-10-18T11:00:00.000Z,8741,Península
280375.0,2025-10-18T14:00:00.000+02:00,2025-10-18T12:00:00Z,2025-10-18T12:00:00.000Z,8741,Península
270605.0,2025-10-18T15:00:00.000+02:00,2025-10-18T13:00:00Z,2025-10-18T13:00:00.000Z,8741,Península
269331.0,2025-10-18T16:00:00.000+02:00,2025-10-18T14:00:00Z,2025-10-18T14:00:00.000Z,8741,Península
281274.0,2025-10-18T17:00:00.000+02:00,2025-10-18T15:00:00Z,2025-10-18T15:00:00.000Z,8741,Península
290787.0,2025-10-18T18:00:00.000+02:00,2025-10-18T16:00:00Z,2025-10-18T16:00:00.000Z,8741,Península
302535.0,2025-10-18T19:00:00.000+02:00,2025-10-18T17:00:00Z,2025-10-18T17:00:00.000Z,8741,Península
319204.0,2025-10-18T20:00:00.000+02:00,2025-10-18T18:00:00Z,2025-10-18T18:00:00.000Z,8741,Península
314136.0,2025-10-18T21:00:00.000+02:00,2025-10-18T19:00:00Z,2025-10-18T19:00:00.000Z,8741,Península
290665.0,2025-10-18T22:00:00.000+02:00,2025-10-18T20:00:00Z,2025-10-18T20:00:00.000Z,8741,Península
269074.0,2025-10-18T23:00:00.000+02:00,2025-10-18T21:00:00Z,2025-10-18T21:00:00.000Z,8741,Península
250325.0,2025-10-19T00:00:00.000+02:00,2025-10-18T22:00:00Z,2025-10-18T22:00:00.000Z,8741,Península
234917.0,2025-10-19T01:00:00.000+02:00,2025-10-18T23:00:00Z,2025-10-18T23:00:00.000Z,8741,Península
224802.0,2025-10-19T02:00:00.000+02:00,2025-10-19T00:00:00Z,2025-10-19T00:00:00.000Z,8741,Península
218900.0,2025-10-19T03:00:00.000+02:00,2025-10-19T01:00:00Z,2025-10-19T01:00:00.000Z,8741,Península
214722.0,2025-10-19T04:00:00.000+02:00,2025-10-19T02:00:00Z,2025-10-19T02:00:00.000Z,8741,Península
214973.0,2025-10-19T05:00:00.000+02:00,2025-10-19T03:00:00Z,2025-10-19T03:00:00.000Z,8741,Península
220803.0,2025-10-19T06:00:00.000+02:00,2025-10-19T04:00:00Z,2025-10-19T04:00:00.000Z,8741,Península
231092.0,2025-10-19T07:00:00.000+02:00,2025-10-19T05:00:00Z,2025-10-19T05:00:00.000Z,8741,Península
238228.0,2025-10-19T08:00:00.000+02:00,2025-10-19T06:00:00Z,2025-10-19T06:00:00.000Z,8741,Península
250509.0,2025-10-19T09:00:00.000+02:00,2025-10-19T07:00:00Z,2025-10-19T07:00:00.000Z,8741,Península
263847.0,2025-10-19T10:00:00.000+02:00,2025-10-19T08:00:00Z,2025-10-19T08:00:00.000Z,8741,Península
269413.0,2025-10-19T11:00:00.000+02:00,2025-10-19T09:00:00Z,2025-10-19T09:00:00.000Z,8741,Península
265332.0,2025-10-19T12:00:00.000+02:00,2025-10-19T10:00:00Z,2025-10-19T10:00:00.000Z,8741,Península
270336.0,2025-10-19T13:00:00.000+02:00,2025-10-19T11:00:00Z,2025-10-19T11:00:00.000Z,8741,Península
272542.0,2025-10-19T14:00:00.000+02:00,2025-10-19T12:00:00Z,2025-10-19T12:00:00.000Z,8741,Península
261561.0,2025-10-19T15:00:00.000+02:00,2025-10-19T13:00:00Z,2025-10-19T13:00:00.000Z,8741,Península
258048.0,2025-10-19T16:00:00.000+02:00,2025-10-19T14:00:00Z,2025-10-19T14:00:00.000Z,8741,Península
264951.0,2025-10-19T17:00:00.000+02:00,2025-10-19T15:00:00Z,2025-10-19T15:00:00.000Z,8741,Península
275545.0,2025-10-19T18:00:00.000+02:00,2025-10-19T16:00:00Z,2025-10-19T16:00:00.000Z,8741,Península
295180.0,2025-10-19T19:00:00.000+02:00,2025-10-19T17:00:00Z,2025-10-19T17:00:00.000Z,8741,Península
315766.0,2025-10-19T20:00:00.000+02:00,2025-10-19T18:00:00Z,2025-10-19T18:00:00.000Z,8741,Península
314466.0,2025-10-19T21:00:00.000+02:00,2025-10-19T19:00:00Z,2025-10-19T19:00:00.000Z,8741,Península
297035.0,2025-10-19T22:00:00.000+02:00,2025-10-19T20:00:00Z,2025-10-19T20:00:00.000Z,8741,Península
274814.0,2025-10-19T23:00:00.000+02:00,2025-10-19T21:00:00Z,2025-10-19T21:00:00.000Z,8741,Península
256215.0,2025-10-20T00:00:00.000+02:00,2025-10-19T22:00:00Z,2025-10-19T22:00:00.000Z,8741,Península
245360.0,2025-10-20T01:00:00.000+02:00,2025-10-19T23:00:00Z,2025-10-19T23:00:00.000Z,8741,Península
236067.0,2025-10-20T02:00:00.000+02:00,2025-10-20T00:00:00Z,2025-10-20T00:00:00.000Z,8741,Península
231965.0,2025-10-20T03:00:00.000+02:00,2025-10-20T01:00:00Z,2025-10-20T01:00:00.000Z,8741,Península
232763.0,2025-10-20T04:00:00.000+02:00,2025-10-20T02:00:00Z,2025-10-20T02:00:00.000Z,8741,Península
241343.0,2025-10-20T05:00:00.000+02:00,2025-10-20T03:00:00Z,2025-10-20T03:00:00.000Z,8741,Península
272653.0,2025-10-20T06:00:00.000+02:00,2025-10-20T04:00:00Z,2025-10-20T04:00:00.000Z,8741,Península
319472.0,2025-10-20T07:00:00.000+02:00,2025-10-20T05:00:00Z,2025-10-20T05:00:00.000Z,8741,Península
342708.0,2025-10-20T08:00:00.000+02:00,2025-10-20T06:00:00Z,2025-10-20T06:00:00.000Z,8741,Península
343748.0,2025-10-20T09:00:00.000+02:00,2025-10-20T07:00:00Z,2025-10-20T07:00:00.000Z,8741,Península
340617.0,2025-10-20T10:00:00.000+02:00,2025-10-20T08:00:00Z,2025-10-20T08:00:00.000Z,8741,Península
335311.0,2025-10-20T11:00:00.000+02:00,2025-10-20T09:00:00Z,2025-10-20T09:00:00.000Z,8741,Península
332621.0,2025-10-20T12:00:00.000+02:00,2025-10-20T10:00:00Z,2025-10-20T10:00:00.000Z,8741,Península
334086.0,2025-10-20T13:00:00.000+02:00,2025-10-20T11:00:00Z,2025-10-20T11:00:00.000Z,8741,Península
331965.0,2025-10-20T14:00:00.000+02:00,2025-10-20T12:00:00Z,2025-10-20T12:00:00.000Z,8741,Península
325301.0,2025-10-20T15:00:00.000+02:00,2025-10-20T13:00:00Z,2025-10-20T13:00:00.000Z,8741,Península
321935.0,2025-10-20T16:00:00.000+02:00,2025-10-20T14:00:00Z,2025-10-20T14:00:00.000Z,8741,Península
330143.0,2025-10-20T17:00:00.000+02:00,2025-10-20T15:00:00Z,2025-10-20T15:00:00.000Z,8741,Península
332706.0,2025-10-20T18:00:00.000+02:00,2025-10-20T16:00:00Z,2025-10-20T16:00:00.000Z,8741,Península
353458.0,2025-10-20T19:00:00.000+02:00,2025-10-20T17:00:00Z,2025-10-20T17:00:00.000Z,8741,Península
373778.0,2025-10-20T20:00:00.000+02:00,2025-10-20T18:00:00Z,2025-10-20T18:00:00.000Z,8741,Península
362958.0,2025-10-20T21:00:00.000+02:00,2025-10-20T19:00:00Z,2025-10-20T19:00:00.000Z,8741,Península
323804.0,2025-10-20T22:00:00.000+02:00,2025-10-20T20:00:00Z,2025-10-20T20:00:00.000Z,8741,Península
295125.0,2025-10-20T23:00:00.000+02:00,2025-10-20T21:00:00Z,2025-10-20T21:00:00.000Z,8741,Península
276725.0,2025-10-21T00:00:00.000+02:00,2025-10-20T22:00:00Z,2025-10-20T22:00:00.000Z,8741,Península
264963.0,2025-10-21T01:00:00.000+02:00,2025-10-20T23:00:00Z,2025-10-20T23:00:00.000Z,8741,Península
256968.0,2025-10-21T02:00:00.000+02:00,2025-10-21T00:00:00Z,2025-10-21T00:00:00.000Z,8741,Península
251502.0,2025-10-21T03:00:00.000+02:00,2025-10-21T01:00:00Z,2025-10-21T01:00:00.000Z,8741,Península
250284.0,2025-10-21T04:00:00.000+02:00,2025-10-21T02:00:00Z,2025-10-21T02:00:00.000Z,8741,Península
256577.0,2025-10-21T05:00:00.000+02:00,2025-10-21T03:00:00Z,2025-10-21T03:00:00.000Z,8741,Península
282654.0,2025-10-21T06:00:00.000+02:00,2025-10-21T04:00:00Z,2025-10-21T04:00:00.000Z,8741,Península
326460.0,2025-10-21T07:00:00.000+02:00,2025-10-21T05:00:00Z,2025-10-21T05:00:00.000Z,8741,Península
348231.0,2025-10-21T08:00:00.000+02:00,2025-10-21T06:00:00Z,2025-10-21T06:00:00.000Z,8741,Península
350164.0,2025-10-21T09:00:00.000+02:00,2025-10-21T07:00:00Z,2025-10-21T07:00:00.000Z,8741,Península
347886.0,2025-10-21T10:00:00.000+02:00,2025-10-21T08:00:00Z,2025-10-21T08:00:00.000Z,8741,Península
339775.0,2025-10-21T11:00:00.000+02:00,2025-10-21T09:00:00Z,2025-10-21T09:00:00.000Z,8741,Península
332955.0,2025-10-21T12:00:00.000+02:00,2025-10-21T10:00:00Z,2025-10-21T10:00:00.000Z,8741,Península
332344.0,2025-10-21T13:00:00.000+02:00,2025-10-21T11:00:00Z,2025-10-21T11:00:00.000Z,8741,Península
328095.0,2025-10-21T14:00:00.000+02:00,2025-10-21T12:00:00Z,2025-10-21T12:00:00.000Z,8741,Península
325946.0,2025-10-21T15:00:00.000+02:00,2025-10-21T13:00:00Z,2025-10-21T13:00:00.000Z,8741,Península
331077.0,2025-10-21T16:00:00.000+02:00,2025-10-21T14:00:00Z,2025-10-21T14:00:00.000Z,8741,Península
340182.0,2025-10-21T17:00:00.000+02:00,2025-10-21T15:00:00Z,2025-10-21T15:00:00.000Z,8741,Península
349539.0,2025-10-21T18:00:00.000+02:00,2025-10-21T16:00:00Z,2025-10-21T16:00:00.000Z,8741,Península
367351.0,2025-10-21T19:00:00.000+02:00,2025-10-21T17:00:00Z,2025-10-21T17:00:00.000Z,8741,Península
382763.0,2025-10-21T20:00:00.000+02:00,2025-10-21T18:00:00Z,2025-10-21T18:00:00.000Z,8741,Península
368316.0,2025-10-21T21:00:00.000+02:00,2025-10-21T19:00:00Z,2025-10-21T19:00:00.000Z,8741,Península
330419.0,2025-10-21T22:00:00.000+02:00,2025-10-21T20:00:00Z,2025-10-21T20:00:00.000Z,8741,Península
299620.0,2025-10-21T23:00:00.000+02:00,2025-10-21T21:00:00Z,2025-10-21T21:00:00.000Z,8741,Península
279890.0,2025-10-22T00:00:00.000+02:00,2025-10-21T22:00:00Z,2025-10-21T22:00:00.000Z,8741,Península
265836.0,2025-10-22T01:00:00.000+02:00,2025-10-21T23:00:00Z,2025-10-21T23:00:00.000Z,8741,Península
259031.0,2025-10-22T02:00:00.000+02:00,2025-10-22T00:00:00Z,2025-10-22T00:00:00.000Z,8741,Península
253545.0,2025-10-22T03:00:00.000+02:00,2025-10-22T01:00:00Z,2025-10-22T01:00:00.000Z,8741,Península
251140.0,2025-10-22T04:00:00.000+02:00,2025-10-22T02:00:00Z,2025-10-22T02:00:00.000Z,8741,Península
257005.0,2025-10-22T05:00:00.000+02:00,2025-10-22T03:00:00Z,2025-10-22T03:00:00.000Z,8741,Península
287385.0,2025-10-22T06:00:00.000+02:00,2025-10-22T04:00:00Z,2025-10-22T04:00:00.000Z,8741,Península
331774.0,2025-10-22T07:00:00.000+02:00,2025-10-22T05:00:00Z,2025-10-22T05:00:00.000Z,8741,Península
356481.0,2025-10-22T08:00:00.000+02:00,2025-10-22T06:00:00Z,2025-10-22T06:00:00.000Z,8741,Península
352761.0,2025-10-22T09:00:00.000+02:00,2025-10-22T07:00:00Z,2025-10-22T07:00:00.000Z,8741,Península
346478.0,2025-10-22T10:00:00.000+02:00,2025-10-22T08:00:00Z,2025-10-22T08:00:00.000Z,8741,Península
338664.0,2025-10-22T11:00:00.000+02:00,2025-10-22T09:00:00Z,2025-10-22T09:00:00.000Z,8741,Península
339514.0,2025-10-22T12:00:00.000+02:00,2025-10-22T10:00:00Z,2025-10-22T10:00:00.000Z,8741,Península
340015.0,2025-10-22T13:00:00.000+02:00,2025-10-22T11:00:00Z,2025-10-22T11:00:00.000Z,8741,Península
335794.0,2025-10-22T14:00:00.000+02:00,2025-10-22T12:00:00Z,2025-10-22T12:00:00.000Z,8741,Península
329867.0,2025-10-22T15:00:00.000+02:00,2025-10-22T13:00:00Z,2025-10-22T13:00:00.000Z,8741,Península
328950.0,2025-10-22T16:00:00.000+02:00,2025-10-22T14:00:00Z,2025-10-22T14:00:00.000Z,8741,Península
334745.0,2025-10-22T17:00:00.000+02:00,2025-10-22T15:00:00Z,2025-10-22T15:00:00.000Z,8741,Península
343620.0,2025-10-22T18:00:00.000+02:00,2025-10-22T16:00:00Z,2025-10-22T16:00:00.000Z,8741,Península
363638.0,2025-10-22T19:00:00.000+02:00,2025-10-22T17:00:00Z,2025-10-22T17:00:00.000Z,8741,Península
381059.0,2025-10-22T20:00:00.000+02:00,2025-10-22T18:00:00Z,2025-10-22T18:00:00.000Z,8741,Península
369995.0,2025-10-22T21:00:00.000+02:00,2025-10-22T19:00:00Z,2025-10-22T19:00:00.000Z,8741,Península
333204.0,2025-10-22T22:00:00.000+02:00,2025-10-22T20:00:00Z,2025-10-22T20:00:00.000Z,8741,Península
303345.0,2025-10-22T23:00:00.000+02:00,2025-10-22T21:00:00Z,2025-10-22T21:00:00.000Z,8741,Península
284206.0,2025-10-23T00:00:00.000+02:00,2025-10-22T22:00:00Z,2025-10-22T22:00:00.000Z,8741,Península
271618.0,2025-10-23T01:00:00.000+02:00,2025-10-22T23:00:00Z,2025-10-22T23:00:00.000Z,8741,Península
262291.0,2025-10-23T02:00:00.000+02:00,2025-10-23T00:00:00Z,2025-10-23T00:00:00.000Z,8741,Península
256350.0,2025-10-23T03:00:00.000+02:00,2025-10-23T01:00:00Z,2025-10-23T01:00:00.000Z,8741,Península
251299.0,2025-10-23T04:00:00.000+02:00,2025-10-23T02:00:00Z,2025-10-23T02:00:00.000Z,8741,Península
257494.0,2025-10-23T05:00:00.000+02:00,2025-10-23T03:00:00Z,2025-10-23T03:00:00.000Z,8741,Península
286923.0,2025-10-23T06:00:00.000+02:00,2025-10-23T04:00:00Z,2025-10-23T04:00:00.000Z,8741,Península
328306.0,2025-10-23T07:00:00.000+02:00,2025-10-23T05:00:00Z,2025-10-23T05:00:00.000Z,8741,Península
348857.0,2025-10-23T08:00:00.000+02:00,2025-10-23T06:00:00Z,2025-10-23T06:00:00.000Z,8741,Península
347917.0,2025-10-23T09:00:00.000+02:00,2025-10-23T07:00:00Z,2025-10-23T07:00:00.000Z,8741,Península
345135.0,2025-10-23T10:00:00.000+02:00,2025-10-23T08:00:00Z,2025-10-23T08:00:00.000Z,8741,Península
337118.0,2025-10-23T11:00:00.000+02:00,2025-10-23T09:00:00Z,2025-10-23T09:00:00.000Z,8741,Península
334092.0,2025-10-23T12:00:00.000+02:00,2025-10-23T10:00:00Z,2025-10-23T10:00:00.000Z,8741,Península
332392.0,2025-10-23T13:00:00.000+02:00,2025-10-23T11:00:00Z,2025-10-23T11:00:00.000Z,8741,Península
325567.0,2025-10-23T14:00:00.000+02:00,2025-10-23T12:00:00Z,2025-10-23T12:00:00.000Z,8741,Península
318442.0,2025-10-23T15:00:00.000+02:00,2025-10-23T13:00:00Z,2025-10-23T13:00:00.000Z,8741,Península
324374.0,2025-10-23T16:00:00.000+02:00,2025-10-23T14:00:00Z,2025-10-23T14:00:00.000Z,8741,Península
332506.0,2025-10-23T17:00:00.000+02:00,2025-10-23T15:00:00Z,2025-10-23T15:00:00.000Z,8741,Península
344144.0,2025-10-23T18:00:00.000+02:00,2025-10-23T16:00:00Z,2025-10-23T16:00:00.000Z,8741,Península
361496.0,2025-10-23T19:00:00.000+02:00,2025-10-23T17:00:00Z,2025-10-23T17:00:00.000Z,8741,Península
376312.0,2025-10-23T20:00:00.000+02:00,2025-10-23T18:00:00Z,2025-10-23T18:00:00.000Z,8741,Península
363555.0,2025-10-23T21:00:00.000+02:00,2025-10-23T19:00:00Z,2025-10-23T19:00:00.000Z,8741,Península
326161.0,2025-10-23T22:00:00.000+02:00,2025-10-23T20:00:00Z,2025-10-23T20:00:00.000Z,8741,Península
298383.0,2025-10-23T23:00:00.000+02:00,2025-10-23T21:00:00Z,2025-10-23T21:00:00.000Z,8741,Península
281297.0,2025-10-24T00:00:00.000+02:00,2025-10-23T22:00:00Z,2025-10-23T22:00:00.000Z,8741,Península
266934.0,2025-10-24T01:00:00.000+02:00,2025-10-23T23:00:00Z,2025-10-23T23:00:00.000Z,8741,Península
256760.0,2025-10-24T02:00:00.000+02:00,2025-10-24T00:00:00Z,2025-10-24T00:00:00.000Z,8741,Península
254373.0,2025-10-24T03:00:00.000+02:00,2025-10-24T01:00:00Z,2025-10-24T01:00:00.000Z,8741,Península
254342.0,2025-10-24T04:00:00.000+02:00,2025-10-24T02:00:00Z,2025-10-24T02:00:00.000Z,8741,Península
259081.0,2025-10-24T05:00:00.000+02:00,2025-10-24T03:00:00Z,2025-10-24T03:00:00.000Z,8741,Península
286846.0,2025-10-24T06:00:00.000+02:00,2025-10-24T04:00:00Z,2025-10-24T04:00:00.000Z,8741,Península
329874.0,2025-10-24T07:00:00.000+02:00,2025-10-24T05:00:00Z,2025-10-24T05:00:00.000Z,8741,Península
355385.0,2025-10-24T08:00:00.000+02:00,2025-10-24T06:00:00Z,2025-10-24T06:00:00.000Z,8741,Península
355624.0,2025-10-24T09:00:00.000+02:00,2025-10-24T07:00:00Z,2025-10-24T07:00:00.000Z,8741,Península
349654.0,2025-10-24T10:00:00.000+02:00,2025-10-24T08:00:00Z,2025-10-24T08:00:00.000Z,8741,Península
342663.0,2025-10-24T11:00:00.000+02:00,2025-10-24T09:00:00Z,2025-10-24T09:00:00.000Z,8741,Península
339475.0,2025-10-24T12:00:00.000+02:00,2025-10-24T10:00:00Z,2025-10-24T10:00:00.000Z,8741,Península
339036.0,2025-10-24T13:00:00.000+02:00,2025-10-24T11:00:00Z,2025-10-24T11:00:00.000Z,8741,Península
334025.0,2025-10-24T14:00:00.000+02:00,2025-10-24T12:00:00Z,2025-10-24T12:00:00.000Z,8741,Península
326599.0,2025-10-24T15:00:00.000+02:00,2025-10-24T13:00:00Z,2025-10-24T13:00:00.000Z,8741,Península
326558.0,2025-10-24T16:00:00.000+02:00,2025-10-24T14:00:00Z,2025-10-24T14:00:00.000Z,8741,Península
332910.0,2025-10-24T17:00:00.000+02:00,2025-10-24T15:00:00Z,2025-10-24T15:00:00.000Z,8741,Península
340433.0,2025-10-24T18:00:00.000+02:00,2025-10-24T16:00:00Z,2025-10-24T16:00:00.000Z,8741,Península
359174.0,2025-10-24T19:00:00.000+02:00,2025-10-24T17:00:00Z,2025-10-24T17:00:00.000Z,8741,Península
370545.0,2025-10-24T20:00:00.000+02:00,2025-10-24T18:00:00Z,2025-10-24T18:00:00.000Z,8741,Península
354447.0,2025-10-24T21:00:00.000+02:00,2025-10-24T19:00:00Z,2025-10-24T19:00:00.000Z,8741,Península
322460.0,2025-10-24T22:00:00.000+02:00,2025-10-24T20:00:00Z,2025-10-24T20:00:00.000Z,8741,Península
295869.0,2025-10-24T23:00:00.000+02:00,2025-10-24T21:00:00Z,2025-10-24T21:00:00.000Z,8741,Península
277677.0,2025-10-25T00:00:00.000+02:00,2025-10-24T22:00:00Z,2025-10-24T22:00:00.000Z,8741,Península
264445.0,2025-10-25T01:00:00.000+02:00,2025-10-24T23:00:00Z,2025-10-24T23:00:00.000Z,8741,Península
251793.0,2025-10-25T02:00:00.000+02:00,2025-10-25T00:00:00Z,2025-10-25T00:00:00.000Z,8741,Península
245203.0,2025-10-25T03:00:00.000+02:00,2025-10-25T01:00:00Z,2025-10-25T01:00:00.000Z,8741,Península
241906.0,2025-10-25T04:00:00.000+02:00,2025-10-25T02:00:00Z,2025-10-25T02:00:00.000Z,8741,Península
240172.0,2025-10-25T05:00:00.000+02:00,2025-10-25T03:00:00Z,2025-10-25T03:00:00.000Z,8741,Península
248301.0,2025-10-25T06:00:00.000+02:00,2025-10-25T04:00:00Z,2025-10-25T04:00:00.000Z,8741,Península
264060.0,2025-10-25T07:00:00.000+02:00,2025-10-25T05:00:00Z,2025-10-25T05:00:00.000Z,8741,Península
283765.0,2025-10-25T08:00:00.000+02:00,2025-10-25T06:00:00Z,2025-10-25T06:00:00.000Z,8741,Península
295636.0,2025-10-25T09:00:00.000+02:00,2025-10-25T07:00:00Z,2025-10-25T07:00:00.000Z,8741,Península
304161.0,2025-10-25T10:00:00.000+02:00,2025-10-25T08:00:00Z,2025-10-25T08:00:00.000Z,8741,Península
304122.0,2025-10-25T11:00:00.000+02:00,2025-10-25T09:00:00Z,2025-10-25T09:00:00.000Z,8741,Península
302104.0,2025-10-25T12:00:00.000+02:00,2025-10-25T10:00:00Z,2025-10-25T10:00:00.000Z,8741,Península
303386.0,2025-10-25T13:00:00.000+02:00,2025-10-25T11:00:00Z,2025-10-25T11:00:00.000Z,8741,Península
298119.0,2025-10-25T14:00:00.000+02:00,2025-10-25T12:00:00Z,2025-10-25T12:00:00.000Z,8741,Península
287762.0,2025-10-25T15:00:00.000+02:00,2025-10-25T13:00:00Z,2025-10-25T13:00:00.000Z,8741,Península
282169.0,2025-10-25T16:00:00.000+02:00,2025-10-25T14:00:00Z,2025-10-25T14:00:00.000Z,8741,Península
285817.0,2025-10-25T17:00:00.000+02:00,2025-10-25T15:00:00Z,2025-10-25T15:00:00.000Z,8741,Península
293946.0,2025-10-25T18:00:00.000+02:00,2025-10-25T16:00:00Z,2025-10-25T16:00:00.000Z,8741,Península
311836.0,2025-10-25T19:00:00.000+02:00,2025-10-25T17:00:00Z,2025-10-25T17:00:00.000Z,8741,Península
324065.0,2025-10-25T20:00:00.000+02:00,2025-10-25T18:00:00Z,2025-10-25T18:00:00.000Z,8741,Península
318491.0,2025-10-25T21:00:00.000+02:00,2025-10-25T19:00:00Z,2025-10-25T19:00:00.000Z,8741,Península
295766.0,2025-10-25T22:00:00.000+02:00,2025-10-25T20:00:00Z,2025-10-25T20:00:00.000Z,8741,Península
272953.0,2025-10-25T23:00:00.000+02:00,2025-10-25T21:00:00Z,2025-10-25T21:00:00.000Z,8741,Península
257169.0,2025-10-26T00:00:00.000+02:00,2025-10-25T22:00:00Z,2025-10-25T22:00:00.000Z,8741,Península
242615.0,2025-10-26T01:00:00.000+02:00,2025-10-25T23:00:00Z,2025-10-25T23:00:00.000Z,8741,Península
230270.0,2025-10-26T02:00:00.000+02:00,2025-10-26T01:00:00Z,2025-10-26T01:00:00.000Z,8741,Península
224043.0,2025-10-26T02:00:00.000+01:00,2025-10-26T01:00:00Z,2025-10-26T01:00:00.000Z,8741,Península
220615.0,2025-10-26T03:00:00.000+01:00,2025-10-26T02:00:00Z,2025-10-26T02:00:00.000Z,8741,Península
217751.0,2025-10-26T04:00:00.000+01:00,2025-10-26T03:00:00Z,2025-10-26T03:00:00.000Z,8741,Península
219642.0,2025-10-26T05:00:00.000+01:00,2025-10-26T04:00:00Z,2025-10-26T04:00:00.000Z,8741,Península
227094.0,2025-10-26T06:00:00.000+01:00,2025-10-26T05:00:00Z,2025-10-26T05:00:00.000Z,8741,Península
236400.0,2025-10-26T07:00:00.000+01:00,2025-10-26T06:00:00Z,2025-10-26T06:00:00.000Z,8741,Península
249340.0,2025-10-26T08:00:00.000+01:00,2025-10-26T07:00:00Z,2025-10-26T07:00:00.000Z,8741,Península
264152.0,2025-10-26T09:00:00.000+01:00,2025-10-26T08:00:00Z,2025-10-26T08:00:00.000Z,8741,Península
271172.0,2025-10-26T10:00:00.000+01:00,2025-10-26T09:00:00Z,2025-10-26T09:00:00.000Z,8741,Península
272352.0,2025-10-26T11:00:00.000+01:00,2025-10-26T10:00:00Z,2025-10-26T10:00:00.000Z,8741,Península
271505.0,2025-10-26T12:00:00.000+01:00,2025-10-26T11:00:00Z,2025-10-26T11:00:00.000Z,8741,Península
278482.0,2025-10-26T13:00:00.000+01:00,2025-10-26T12:00:00Z,2025-10-26T12:00:00.000Z,8741,Península
276329.0,2025-10-26T14:00:00.000+01:00,2025-10-26T13:00:00Z,2025-10-26T13:00:00.000Z,8741,Península
264055.0,2025-10-26T15:00:00.000+01:00,2025-10-26T14:00:00Z,2025-10-26T14:00:00.000Z,8741,Península
261002.0,2025-10-26T16:00:00.000+01:00,2025-10-26T15:00:00Z,2025-10-26T15:00:00.000Z,8741,Península
271287.0,2025-10-26T17:00:00.000+01:00,2025-10-26T16:00:00Z,2025-10-26T16:00:00.000Z,8741,Península
291654.0,2025-10-26T18:00:00.000+01:00,2025-10-26T17:00:00Z,2025-10-26T17:00:00.000Z,8741,Península
309684.0,2025-10-26T19:00:00.000+01:00,2025-10-26T18:00:00Z,2025-10-26T18:00:00.000Z,8741,Península
317216.0,2025-10-26T20:00:00.000+01:00,2025-10-26T19:00:00Z,2025-10-26T19:00:00.000Z,8741,Península
310346.0,2025-10-26T21:00:00.000+01:00,2025-10-26T20:00:00Z,2025-10-26T20:00:00.000Z,8741,Península
291575.0,2025-10-26T22:00:00.000+01:00,2025-10-26T21:00:00Z,2025-10-26T21:00:00.000Z,8741,Península
266814.0,2025-10-26T23:00:00.000+01:00,2025-10-26T22:00:00Z,2025-10-26T22:00:00.000Z,8741,Península
252514.0,2025-10-27T00:00:00.000+01:00,2025-10-26T23:00:00Z,2025-10-26T23:00:00.000Z,8741,Península
241510.0,2025-10-27T01:00:00.000+01:00,2025-10-27T00:00:00Z,2025-10-27T00:00:00.000Z,8741,Península
235375.0,2025-10-27T02:00:00.000+01:00,2025-10-27T01:00:00Z,2025-10-27T01:00:00.000Z,8741,Península
233185.0,2025-10-27T03:00:00.000+01:00,2025-10-27T02:00:00Z,2025-10-27T02:00:00.000Z,8741,Península
233437.0,2025-10-27T04:00:00.000+01:00,2025-10-27T03:00:00Z,2025-10-27T03:00:00.000Z,8741,Península
241957.0,2025-10-27T05:00:00.000+01:00,2025-10-27T04:00:00Z,2025-10-27T04:00:00.000Z,8741,Península
279561.0,2025-10-27T06:00:00.000+01:00,2025-10-27T05:00:00Z,2025-10-27T05:00:00.000Z,8741,Península
322911.0,2025-10-27T07:00:00.000+01:00,2025-10-27T06:00:00Z,2025-10-27T06:00:00.000Z,8741,Península
338512.0,2025-10-27T08:00:00.000+01:00,2025-10-27T07:00:00Z,2025-10-27T07:00:00.000Z,8741,Península
335154.0,2025-10-27T09:00:00.000+01:00,2025-10-27T08:00:00Z,2025-10-27T08:00:00.000Z,8741,Península
327759.0,2025-10-27T10:00:00.000+01:00,2025-10-27T09:00:00Z,2025-10-27T09:00:00.000Z,8741,Península
318702.0,2025-10-27T11:00:00.000+01:00,2025-10-27T10:00:00Z,2025-10-27T10:00:00.000Z,8741,Península
321080.0,2025-10-27T12:00:00.000+01:00,2025-10-27T11:00:00Z,2025-10-27T11:00:00.000Z,8741,Península
325661.0,2025-10-27T13:00:00.000+01:00,2025-10-27T12:00:00Z,2025-10-27T12:00:00.000Z,8741,Península
323463.0,2025-10-27T14:00:00.000+01:00,2025-10-27T13:00:00Z,2025-10-27T13:00:00.000Z,8741,Península
321854.0,2025-10-27T15:00:00.000+01:00,2025-10-27T14:00:00Z,2025-10-27T14:00:00.000Z,8741,Península
330619.0,2025-10-27T16:00:00.000+01:00,2025-10-27T15:00:00Z,2025-10-27T15:00:00.000Z,8741,Península
342255.0,2025-10-27T17:00:00.000+01:00,2025-10-27T16:00:00Z,2025-10-27T16:00:00.000Z,8741,Península
353964.0,2025-10-27T18:00:00.000+01:00,2025-10-27T17:00:00Z,2025-10-27T17:00:00.000Z,8741,Península
369587.0,2025-10-27T19:00:00.000+01:00,2025-10-27T18:00:00Z,2025-10-27T18:00:00.000Z,8741,Península
376519.0,2025-10-27T20:00:00.000+01:00,2025-10-27T19:00:00Z,2025-10-27T19:00:00.000Z,8741,Península
361367.0,2025-10-27T21:00:00.000+01:00,2025-10-27T20:00:00Z,2025-10-27T20:00:00.000Z,8741,Península
325966.0,2025-10-27T22:00:00.000+01:00,2025-10-27T21:00:00Z,2025-10-27T21:00:00.000Z,8741,Península
297104.0,2025-10-27T23:00:00.000+01:00,2025-10-27T22:00:00Z,2025-10-27T22:00:00.000Z,8741,Península
279064.0,2025-10-28T00:00:00.000+01:00,2025-10-27T23:00:00Z,2025-10-27T23:00:00.000Z,8741,Península
267186.0,2025-10-28T01:00:00.000+01:00,2025-10-28T00:00:00Z,2025-10-28T00:00:00.000Z,8741,Península
257450.0,2025-10-28T02:00:00.000+01:00,2025-10-28T01:00:00Z,2025-10-28T01:00:00.000Z,8741,Península
254150.0,2025-10-28T03:00:00.000+01:00,2025-10-28T02:00:00Z,2025-10-28T02:00:00.000Z,8741,Península
254409.0,2025-10-28T04:00:00.000+01:00,2025-10-28T03:00:00Z,2025-10-28T03:00:00.000Z,8741,Península
261068.0,2025-10-28T05:00:00.000+01:00,2025-10-28T04:00:00Z,2025-10-28T04:00:00.000Z,8741,Península
291783.0,2025-10-28T06:00:00.000+01:00,2025-10-28T05:00:00Z,2025-10-28T05:00:00.000Z,8741,Península
333371.0,2025-10-28T07:00:00.000+01:00,2025-10-28T06:00:00Z,2025-10-28T06:00:00.000Z,8741,Península
347733.0,2025-10-28T08:00:00.000+01:00,2025-10-28T07:00:00Z,2025-10-28T07:00:00.000Z,8741,Península
340354.0,2025-10-28T09:00:00.000+01:00,2025-10-28T08:00:00Z,2025-10-28T08:00:00.000Z,8741,Península
332700.0,2025-10-28T10:00:00.000+01:00,2025-10-28T09:00:00Z,2025-10-28T09:00:00.000Z,8741,Península
327833.0,2025-10-28T11:00:00.000+01:00,2025-10-28T10:00:00Z,2025-10-28T10:00:00.000Z,8741,Península
328064.0,2025-10-28T12:00:00.000+01:00,2025-10-28T11:00:00Z,2025-10-28T11:00:00.000Z,8741,Península
332325.0,2025-10-28T13:00:00.000+01:00,2025-10-28T12:00:00Z,2025-10-28T12:00:00.000Z,8741,Península
332214.0,2025-10-28T14:00:00.000+01:00,2025-10-28T13:00:00Z,2025-10-28T13:00:00.000Z,8741,Península
335810.0,2025-10-28T15:00:00.000+01:00,2025-10-28T14:00:00Z,2025-10-28T14:00:00.000Z,8741,Península
340822.0,2025-10-28T16:00:00.000+01:00,2025-10-28T15:00:00Z,2025-10-28T15:00:00.000Z,8741,Península
353404.0,2025-10-28T17:00:00.000+01:00,2025-10-28T16:00:00Z,2025-10-28T16:00:00.000Z,8741,Península
368328.0,2025-10-28T18:00:00.000+01:00,2025-10-28T17:00:00Z,2025-10-28T17:00:00.000Z,8741,Península
379009.0,2025-10-28T19:00:00.000+01:00,2025-10-28T18:00:00Z,2025-10-28T18:00:00.000Z,8741,Península
385063.0,2025-10-28T20:00:00.000+01:00,2025-10-28T19:00:00Z,2025-10-28T19:00:00.000Z,8741,Península
368335.0,2025-10-28T21:00:00.000+01:00,2025-10-28T20:00:00Z,2025-10-28T20:00:00.000Z,8741,Península
330325.0,2025-10-28T22:00:00.000+01:00,2025-10-28T21:00:00Z,2025-10-28T21:00:00.000Z,8741,Península
298431.0,2025-10-28T23:00:00.000+01:00,2025-10-28T22:00:00Z,2025-10-28T22:00:00.000Z,8741,Península
276881.0,2025-10-29T00:00:00.000+01:00,2025-10-28T23:00:00Z,2025-10-28T23:00:00.000Z,8741,Península
263970.0,2025-10-29T01:00:00.000+01:00,2025-10-29T00:00:00Z,2025-10-29T00:00:00.000Z,8741,Península
256167.0,2025-10-29T02:00:00.000+01:00,2025-10-29T01:00:00Z,2025-10-29T01:00:00.000Z,8741,Península
250934.0,2025-10-29T03:00:00.000+01:00,2025-10-29T02:00:00Z,2025-10-29T02:00:00.000Z,8741,Península
249809.0,2025-10-29T04:00:00.000+01:00,2025-10-29T03:00:00Z,2025-10-29T03:00:00.000Z,8741,Península
255343.0,2025-10-29T05:00:00.000+01:00,2025-10-29T04:00:00Z,2025-10-29T04:00:00.000Z,8741,Península
286165.0,2025-10-29T06:00:00.000+01:00,2025-10-29T05:00:00Z,2025-10-29T05:00:00.000Z,8741,Península
328395.0,2025-10-29T07:00:00.000+01:00,2025-10-29T06:00:00Z,2025-10-29T06:00:00.000Z,8741,Península
346591.0,2025-10-29T08:00:00.000+01:00,2025-10-29T07:00:00Z,2025-10-29T07:00:00.000Z,8741,Península
353461.0,2025-10-29T09:00:00.000+01:00,2025-10-29T08:00:00Z,2025-10-29T08:00:00.000Z,8741,Península
354479.0,2025-10-29T10:00:00.000+01:00,2025-10-29T09:00:00Z,2025-10-29T09:00:00.000Z,8741,Península
352497.0,2025-10-29T11:00:00.000+01:00,2025-10-29T10:00:00Z,2025-10-29T10:00:00.000Z,8741,Península
353872.0,2025-10-29T12:00:00.000+01:00,2025-10-29T11:00:00Z,2025-10-29T11:00:00.000Z,8741,Península
358713.0,2025-10-29T13:00:00.000+01:00,2025-10-29T12:00:00Z,2025-10-29T12:00:00.000Z,8741,Península
356598.0,2025-10-29T14:00:00.000+01:00,2025-10-29T13:00:00Z,2025-10-29T13:00:00.000Z,8741,Península
348988.0,2025-10-29T15:00:00.000+01:00,2025-10-29T14:00:00Z,2025-10-29T14:00:00.000Z,8741,Península
343243.0,2025-10-29T16:00:00.000+01:00,2025-10-29T15:00:00Z,2025-10-29T15:00:00.000Z,8741,Península
353634.0,2025-10-29T17:00:00.000+01:00,2025-10-29T16:00:00Z,2025-10-29T16:00:00.000Z,8741,Península
369627.0,2025-10-29T18:00:00.000+01:00,2025-10-29T17:00:00Z,2025-10-29T17:00:00.000Z,8741,Península
380656.0,2025-10-29T19:00:00.000+01:00,2025-10-29T18:00:00Z,2025-10-29T18:00:00.000Z,8741,Península
384428.0,2025-10-29T20:00:00.000+01:00,2025-10-29T19:00:00Z,2025-10-29T19:00:00.000Z,8741,Península
370949.0,2025-10-29T21:00:00.000+01:00,2025-10-29T20:00:00Z,2025-10-29T20:00:00.000Z,8741,Península
333162.0,2025-10-29T22:00:00.000+01:00,2025-10-29T21:00:00Z,2025-10-29T21:00:00.000Z,8741,Península
302327.0,2025-10-29T23:00:00.000+01:00,2025-10-29T22:00:00Z,2025-10-29T22:00:00.000Z,8741,Península
279334.0,2025-10-30T00:00:00.000+01:00,2025-10-29T23:00:00Z,2025-10-29T23:00:00.000Z,8741,Península
264052.0,2025-10-30T01:00:00.000+01:00,2025-10-30T00:00:00Z,2025-10-30T00:00:00.000Z,8741,Península
255253.0,2025-10-30T02:00:00.000+01:00,2025-10-30T01:00:00Z,2025-10-30T01:00:00.000Z,8741,Península
252519.0,2025-10-30T03:00:00.000+01:00,2025-10-30T02:00:00Z,2025-10-30T02:00:00.000Z,8741,Península
251656.0,2025-10-30T04:00:00.000+01:00,2025-10-30T03:00:00Z,2025-10-30T03:00:00.000Z,8741,Península
258066.0,2025-10-30T05:00:00.000+01:00,2025-10-30T04:00:00Z,2025-10-30T04:00:00.000Z,8741,Península
287743.0,2025-10-30T06:00:00.000+01:00,2025-10-30T05:00:00Z,2025-10-30T05:00:00.000Z,8741,Península
329393.0,2025-10-30T07:00:00.000+01:00,2025-10-30T06:00:00Z,2025-10-30T06:00:00.000Z,8741,Península
346877.0,2025-10-30T08:00:00.000+01:00,2025-10-30T07:00:00Z,2025-10-30T07:00:00.000Z,8741,Península
344744.0,2025-10-30T09:00:00.000+01:00,2025-10-30T08:00:00Z,2025-10-30T08:00:00.000Z,8741,Península
339412.0,2025-10-30T10:00:00.000+01:00,2025-10-30T09:00:00Z,2025-10-30T09:00:00.000Z,8741,Península
336226.0,2025-10-30T11:00:00.000+01:00,2025-10-30T10:00:00Z,2025-10-30T10:00:00.000Z,8741,Península
336628.0,2025-10-30T12:00:00.000+01:00,2025-10-30T11:00:00Z,2025-10-30T11:00:00.000Z,8741,Península
339020.0,2025-10-30T13:00:00.000+01:00,2025-10-30T12:00:00Z,2025-10-30T12:00:00.000Z,8741,Península
339237.0,2025-10-30T14:00:00.000+01:00,2025-10-30T13:00:00Z,2025-10-30T13:00:00.000Z,8741,Península
339184.0,2025-10-30T15:00:00.000+01:00,2025-10-30T14:00:00Z,2025-10-30T14:00:00.000Z,8741,Península
340848.0,2025-10-30T16:00:00.000+01:00,2025-10-30T15:00:00Z,2025-10-30T15:00:00.000Z,8741,Península
347882.0,2025-10-30T17:00:00.000+01:00,2025-10-30T16:00:00Z,2025-10-30T16:00:00.000Z,8741,Península
364541.0,2025-10-30T18:00:00.000+01:00,2025-10-30T17:00:00Z,2025-10-30T17:00:00.000Z,8741,Península
373380.0,2025-10-30T19:00:00.000+01:00,2025-10-30T18:00:00Z,2025-10-30T18:00:00.000Z,8741,Península
379097.0,2025-10-30T20:00:00.000+01:00,2025-10-30T19:00:00Z,2025-10-30T19:00:00.000Z,8741,Península
369608.0,2025-10-30T21:00:00.000+01:00,2025-10-30T20:00:00Z,2025-10-30T20:00:00.000Z,8741,Península
333201.0,2025-10-30T22:00:00.000+01:00,2025-10-30T21:00:00Z,2025-10-30T21:00:00.000Z,8741,Península
301628.0,2025-10-30T23:00:00.000+01:00,2025-10-30T22:00:00Z,2025-10-30T22:00:00.000Z,8741,Península
282000.0,2025-10-31T00:00:00.000+01:00,2025-10-30T23:00:00Z,2025-10-30T23:00:00.000Z,8741,Península
266159.0,2025-10-31T01:00:00.000+01:00,2025-10-31T00:00:00Z,2025-10-31T00:00:00.000Z,8741,Península
255238.0,2025-10-31T02:00:00.000+01:00,2025-10-31T01:00:00Z,2025-10-31T01:00:00.000Z,8741,Península
250136.0,2025-10-31T03:00:00.000+01:00,2025-10-31T02:00:00Z,2025-10-31T02:00:00.000Z,8741,Península
247766.0,2025-10-31T04:00:00.000+01:00,2025-10-31T03:00:00Z,2025-10-31T03:00:00.000Z,8741,Península
253569.0,2025-10-31T05:00:00.000+01:00,2025-10-31T04:00:00Z,2025-10-31T04:00:00.000Z,8741,Península
283044.0,2025-10-31T06:00:00.000+01:00,2025-10-31T05:00:00Z,2025-10-31T05:00:00.000Z,8741,Península
324257.0,2025-10-31T07:00:00.000+01:00,2025-10-31T06:00:00Z,2025-10-31T06:00:00.000Z,8741,Península
339183.0,2025-10-31T08:00:00.000+01:00,2025-10-31T07:00:00Z,2025-10-31T07:00:00.000Z,8741,Península
339557.0,2025-10-31T09:00:00.000+01:00,2025-10-31T08:00:00Z,2025-10-31T08:00:00.000Z,8741,Península
336602.0,2025-10-31T10:00:00.000+01:00,2025-10-31T09:00:00Z,2025-10-31T09:00:00.000Z,8741,Península
334963.0,2025-10-31T11:00:00.000+01:00,2025-10-31T10:00:00Z,2025-10-31T10:00:00.000Z,8741,Península
334997.0,2025-10-31T12:00:00.000+01:00,2025-10-31T11:00:00Z,2025-10-31T11:00:00.000Z,8741,Península
340128.0,2025-10-31T13:00:00.000+01:00,2025-10-31T12:00:00Z,2025-10-31T12:00:00.000Z,8741,Península
339442.0,2025-10-31T14:00:00.000+01:00,2025-10-31T13:00:00Z,2025-10-31T13:00:00.000Z,8741,Península
334326.0,2025-10-31T15:00:00.000+01:00,2025-10-31T14:00:00Z,2025-10-31T14:00:00.000Z,8741,Península
333480.0,2025-10-31T16:00:00.000+01:00,2025-10-31T15:00:00Z,2025-10-31T15:00:00.000Z,8741,Península
341669.0,2025-10-31T17:00:00.000+01:00,2025-10-31T16:00:00Z,2025-10-31T16:00:00.000Z,8741,Península
359221.0,2025-10-31T18:00:00.000+01:00,2025-10-31T17:00:00Z,2025-10-31T17:00:00.000Z,8741,Península
362782.0,2025-10-31T19:00:00.000+01:00,2025-10-31T18:00:00Z,2025-10-31T18:00:00.000Z,8741,Península
358559.0,2025-10-31T20:00:00.000+01:00,2025-10-31T19:00:00Z,2025-10-31T19:00:00.000Z,8741,Península
348394.0,2025-10-31T21:00:00.000+01:00,2025-10-31T20:00:00Z,2025-10-31T20:00:00.000Z,8741,Península
318894.0,2025-10-31T22:00:00.000+01:00,2025-10-31T21:00:00Z,2025-10-31T21:00:00.000Z,8741,Península
294123.0,2025-10-31T23:00:00.000+01:00,2025-10-31T22:00:00Z,2025-10-31T22:00:00.000Z,8741,Península
275797.0,2025-11-01T00:00:00.000+01:00,2025-10-31T23:00:00Z,2025-10-31T23:00:00.000Z,8741,Península
261593.0,2025-11-01T01:00:00.000+01:00,2025-11-01T00:00:00Z,2025-11-01T00:00:00.000Z,8741,Península
249879.0,2025-11-01T02:00:00.000+01:00,2025-11-01T01:00:00Z,2025-11-01T01:00:00.000Z,8741,Península
240836.0,2025-11-01T03:00:00.000+01:00,2025-11-01T02:00:00Z,2025-11-01T02:00:00.000Z,8741,Península
236991.0,2025-11-01T04:00:00.000+01:00,2025-11-01T03:00:00Z,2025-11-01T03:00:00.000Z,8741,Península
234356.0,2025-11-01T05:00:00.000+01:00,2025-11-01T04:00:00Z,2025-11-01T04:00:00.000Z,8741,Península
242487.0,2025-11-01T06:00:00.000+01:00,2025-11-01T05:00:00Z,2025-11-01T05:00:00.000Z,8741,Península
249997.0,2025-11-01T07:00:00.000+01:00,2025-11-01T06:00:00Z,2025-11-01T06:00:00.000Z,8741,Península
256987.0,2025-11-01T08:00:00.000+01:00,2025-11-01T07:00:00Z,2025-11-01T07:00:00.000Z,8741,Península
270139.0,2025-11-01T09:00:00.000+01:00,2025-11-01T08:00:00Z,2025-11-01T08:00:00.000Z,8741,Península
278504.0,2025-11-01T10:00:00.000+01:00,2025-11-01T09:00:00Z,2025-11-01T09:00:00.000Z,8741,Península
276253.0,2025-11-01T11:00:00.000+01:00,2025-11-01T10:00:00Z,2025-11-01T10:00:00.000Z,8741,Península
277308.0,2025-11-01T12:00:00.000+01:00,2025-11-01T11:00:00Z,2025-11-01T11:00:00.000Z,8741,Península
282449.0,2025-11-01T13:00:00.000+01:00,2025-11-01T12:00:00Z,2025-11-01T12:00:00.000Z,8741,Península
285350.0,2025-11-01T14:00:00.000+01:00,2025-11-01T13:00:00Z,2025-11-01T13:00:00.000Z,8741,Península
277251.0,2025-11-01T15:00:00.000+01:00,2025-11-01T14:00:00Z,2025-11-01T14:00:00.000Z,8741,Península
273541.0,2025-11-01T16:00:00.000+01:00,2025-11-01T15:00:00Z,2025-11-01T15:00:00.000Z,8741,Península
278532.0,2025-11-01T17:00:00.000+01:00,2025-11-01T16:00:00Z,2025-11-01T16:00:00.000Z,8741,Península
298103.0,2025-11-01T18:00:00.000+01:00,2025-11-01T17:00:00Z,2025-11-01T17:00:00.000Z,8741,Península
305388.0,2025-11-01T19:00:00.000+01:00,2025-11-01T18:00:00Z,2025-11-01T18:00:00.000Z,8741,Península
308965.0,2025-11-01T20:00:00.000+01:00,2025-11-01T19:00:00Z,2025-11-01T19:00:00.000Z,8741,Península
306869.0,2025-11-01T21:00:00.000+01:00,2025-11-01T20:00:00Z,2025-11-01T20:00:00.000Z,8741,Península
289648.0,2025-11-01T22:00:00.000+01:00,2025-11-01T21:00:00Z,2025-11-01T21:00:00.000Z,8741,Península
269663.0,2025-11-01T23:00:00.000+01:00,2025-11-01T22:00:00Z,2025-11-01T22:00:00.000Z,8741,Península
251536.0,2025-11-02T00:00:00.000+01:00,2025-11-01T23:00:00Z,2025-11-01T23:00:00.000Z,8741,Península
237033.0,2025-11-02T01:00:00.000+01:00,2025-11-02T00:00:00Z,2025-11-02T00:00:00.000Z,8741,Península
227492.0,2025-11-02T02:00:00.000+01:00,2025-11-02T01:00:00Z,2025-11-02T01:00:00.000Z,8741,Península
221527.0,2025-11-02T03:00:00.000+01:00,2025-11-02T02:00:00Z,2025-11-02T02:00:00.000Z,8741,Península
218217.0,2025-11-02T04:00:00.000+01:00,2025-11-02T03:00:00Z,2025-11-02T03:00:00.000Z,8741,Península
218110.0,2025-11-02T05:00:00.000+01:00,2025-11-02T04:00:00Z,2025-11-02T04:00:00.000Z,8741,Península
224305.0,2025-11-02T06:00:00.000+01:00,2025-11-02T05:00:00Z,2025-11-02T05:00:00.000Z,8741,Península
230029.0,2025-11-02T07:00:00.000+01:00,2025-11-02T06:00:00Z,2025-11-02T06:00:00.000Z,8741,Península
233929.0,2025-11-02T08:00:00.000+01:00,2025-11-02T07:00:00Z,2025-11-02T07:00:00.000Z,8741,Península
245155.0,2025-11-02T09:00:00.000+01:00,2025-11-02T08:00:00Z,2025-11-02T08:00:00.000Z,8741,Península
254593.0,2025-11-02T10:00:00.000+01:00,2025-11-02T09:00:00Z,2025-11-02T09:00:00.000Z,8741,Península
255405.0,2025-11-02T11:00:00.000+01:00,2025-11-02T10:00:00Z,2025-11-02T10:00:00.000Z,8741,Península
257752.0,2025-11-02T12:00:00.000+01:00,2025-11-02T11:00:00Z,2025-11-02T11:00:00.000Z,8741,Península
264421.0,2025-11-02T13:00:00.000+01:00,2025-11-02T12:00:00Z,2025-11-02T12:00:00.000Z,8741,Península
268365.0,2025-11-02T14:00:00.000+01:00,2025-11-02T13:00:00Z,2025-11-02T13:00:00.000Z,8741,Península
262862.0,2025-11-02T15:00:00.000+01:00,2025-11-02T14:00:00Z,2025-11-02T14:00:00.000Z,8741,Península
262805.0,2025-11-02T16:00:00.000+01:00,2025-11-02T15:00:00Z,2025-11-02T15:00:00.000Z,8741,Península
270641.0,2025-11-02T17:00:00.000+01:00,2025-11-02T16:00:00Z,2025-11-02T16:00:00.000Z,8741,Península
295416.0,2025-11-02T18:00:00.000+01:00,2025-11-02T17:00:00Z,2025-11-02T17:00:00.000Z,8741,Península
308455.0,2025-11-02T19:00:00.000+01:00,2025-11-02T18:00:00Z,2025-11-02T18:00:00.000Z,8741,Península
316829.0,2025-11-02T20:00:00.000+01:00,2025-11-02T19:00:00Z,2025-11-02T19:00:00.000Z,8741,Península
312934.0,2025-11-02T21:00:00.000+01:00,2025-11-02T20:00:00Z,2025-11-02T20:00:00.000Z,8741,Península
294479.0,2025-11-02T22:00:00.000+01:00,2025-11-02T21:00:00Z,2025-11-02T21:00:00.000Z,8741,Península
272494.0,2025-11-02T23:00:00.000+01:00,2025-11-02T22:00:00Z,2025-11-02T22:00:00.000Z,8741,Península
254013.0,2025-11-03T00:00:00.000+01:00,2025-11-02T23:00:00Z,2025-11-02T23:00:00.000Z,8741,Península
242607.0,2025-11-03T01:00:00.000+01:00,2025-11-03T00:00:00Z,2025-11-03T00:00:00.000Z,8741,Península
235714.0,2025-11-03T02:00:00.000+01:00,2025-11-03T01:00:00Z,2025-11-03T01:00:00.000Z,8741,Península
232385.0,2025-11-03T03:00:00.000+01:00,2025-11-03T02:00:00Z,2025-11-03T02:00:00.000Z,8741,Península
233796.0,2025-11-03T04:00:00.000+01:00,2025-11-03T03:00:00Z,2025-11-03T03:00:00.000Z,8741,Península
243385.0,2025-11-03T05:00:00.000+01:00,2025-11-03T04:00:00Z,2025-11-03T04:00:00.000Z,8741,Península
279674.0,2025-11-03T06:00:00.000+01:00,2025-11-03T05:00:00Z,2025-11-03T05:00:00.000Z,8741,Península
320454.0,2025-11-03T07:00:00.000+01:00,2025-11-03T06:00:00Z,2025-11-03T06:00:00.000Z,8741,Península
335878.0,2025-11-03T08:00:00.000+01:00,2025-11-03T07:00:00Z,2025-11-03T07:00:00.000Z,8741,Península
332425.0,2025-11-03T09:00:00.000+01:00,2025-11-03T08:00:00Z,2025-11-03T08:00:00.000Z,8741,Península
327644.0,2025-11-03T10:00:00.000+01:00,2025-11-03T09:00:00Z,2025-11-03T09:00:00.000Z,8741,Península
323318.0,2025-11-03T11:00:00.000+01:00,2025-11-03T10:00:00Z,2025-11-03T10:00:00.000Z,8741,Península
323553.0,2025-11-03T12:00:00.000+01:00,2025-11-03T11:00:00Z,2025-11-03T11:00:00.000Z,8741,Península
326153.0,2025-11-03T13:00:00.000+01:00,2025-11-03T12:00:00Z,2025-11-03T12:00:00.000Z,8741,Península
327805.0,2025-11-03T14:00:00.000+01:00,2025-11-03T13:00:00Z,2025-11-03T13:00:00.000Z,8741,Península
325789.0,2025-11-03T15:00:00.000+01:00,2025-11-03T14:00:00Z,2025-11-03T14:00:00.000Z,8741,Península
332409.0,2025-11-03T16:00:00.000+01:00,2025-11-03T15:00:00Z,2025-11-03T15:00:00.000Z,8741,Península
344394.0,2025-11-03T17:00:00.000+01:00,2025-11-03T16:00:00Z,2025-11-03T16:00:00.000Z,8741,Península
361118.0,2025-11-03T18:00:00.000+01:00,2025-11-03T17:00:00Z,2025-11-03T17:00:00.000Z,8741,Península
373954.0,2025-11-03T19:00:00.000+01:00,2025-11-03T18:00:00Z,2025-11-03T18:00:00.000Z,8741,Península
383520.0,2025-11-03T20:00:00.000+01:00,2025-11-03T19:00:00Z,2025-11-03T19:00:00.000Z,8741,Península
371350.0,2025-11-03T21:00:00.000+01:00,2025-11-03T20:00:00Z,2025-11-03T20:00:00.000Z,8741,Península
334907.0,2025-11-03T22:00:00.000+01:00,2025-11-03T21:00:00Z,2025-11-03T21:00:00.000Z,8741,Península
302712.0,2025-11-03T23:00:00.000+01:00,2025-11-03T22:00:00Z,2025-11-03T22:00:00.000Z,8741,Península
281679.0,2025-11-04T00:00:00.000+01:00,2025-11-03T23:00:00Z,2025-11-03T23:00:00.000Z,8741,Península
267248.0,2025-11-04T01:00:00.000+01:00,2025-11-04T00:00:00Z,2025-11-04T00:00:00.000Z,8741,Península
257299.0,2025-11-04T02:00:00.000+01:00,2025-11-04T01:00:00Z,2025-11-04T01:00:00.000Z,8741,Península
252483.0,2025-11-04T03:00:00.000+01:00,2025-11-04T02:00:00Z,2025-11-04T02:00:00.000Z,8741,Península
251207.0,2025-11-04T04:00:00.000+01:00,2025-11-04T03:00:00Z,2025-11-04T03:00:00.000Z,8741,Península
258911.0,2025-11-04T05:00:00.000+01:00,2025-11-04T04:00:00Z,2025-11-04T04:00:00.000Z,8741,Península
290624.0,2025-11-04T06:00:00.000+01:00,2025-11-04T05:00:00Z,2025-11-04T05:00:00.000Z,8741,Península
335221.0,2025-11-04T07:00:00.000+01:00,2025-11-04T06:00:00Z,2025-11-04T06:00:00.000Z,8741,Península
350171.0,2025-11-04T08:00:00.000+01:00,2025-11-04T07:00:00Z,2025-11-04T07:00:00.000Z,8741,Península
343090.0,2025-11-04T09:00:00.000+01:00,2025-11-04T08:00:00Z,2025-11-04T08:00:00.000Z,8741,Península
336972.0,2025-11-04T10:00:00.000+01:00,2025-11-04T09:00:00Z,2025-11-04T09:00:00.000Z,8741,Península
330201.0,2025-11-04T11:00:00.000+01:00,2025-11-04T10:00:00Z,2025-11-04T10:00:00.000Z,8741,Península
333650.0,2025-11-04T12:00:00.000+01:00,2025-11-04T11:00:00Z,2025-11-04T11:00:00.000Z,8741,Península
335512.0,2025-11-04T13:00:00.000+01:00,2025-11-04T12:00:00Z,2025-11-04T12:00:00.000Z,8741,Península
335138.0,2025-11-04T14:00:00.000+01:00,2025-11-04T13:00:00Z,2025-11-04T13:00:00.000Z,8741,Península
337432.0,2025-11-04T15:00:00.000+01:00,2025-11-04T14:00:00Z,2025-11-04T14:00:00.000Z,8741,Península
340795.0,2025-11-04T16:00:00.000+01:00,2025-11-04T15:00:00Z,2025-11-04T15:00:00.000Z,8741,Península
351576.0,2025-11-04T17:00:00.000+01:00,2025-11-04T16:00:00Z,2025-11-04T16:00:00.000Z,8741,Península
369639.0,2025-11-04T18:00:00.000+01:00,2025-11-04T17:00:00Z,2025-11-04T17:00:00.000Z,8741,Península
377629.0,2025-11-04T19:00:00.000+01:00,2025-11-04T18:00:00Z,2025-11-04T18:00:00.000Z,8741,Península
383936.0,2025-11-04T20:00:00.000+01:00,2025-11-04T19:00:00Z,2025-11-04T19:00:00.000Z,8741,Península
369024.0,2025-11-04T21:00:00.000+01:00,2025-11-04T20:00:00Z,2025-11-04T20:00:00.000Z,8741,Península
332763.0,2025-11-04T22:00:00.000+01:00,2025-11-04T21:00:00Z,2025-11-04T21:00:00.000Z,8741,Península
303414.0,2025-11-04T23:00:00.000+01:00,2025-11-04T22:00:00Z,2025-11-04T22:00:00.000Z,8741,Península
279518.0,2025-11-05T00:00:00.000+01:00,2025-11-04T23:00:00Z,2025-11-04T23:00:00.000Z,8741,Península
264024.0,2025-11-05T01:00:00.000+01:00,2025-11-05T00:00:00Z,2025-11-05T00:00:00.000Z,8741,Península
254804.0,2025-11-05T02:00:00.000+01:00,2025-11-05T01:00:00Z,2025-11-05T01:00:00.000Z,8741,Península
251205.0,2025-11-05T03:00:00.000+01:00,2025-11-05T02:00:00Z,2025-11-05T02:00:00.000Z,8741,Península
248887.0,2025-11-05T04:00:00.000+01:00,2025-11-05T03:00:00Z,2025-11-05T03:00:00.000Z,8741,Península
255844.0,2025-11-05T05:00:00.000+01:00,2025-11-05T04:00:00Z,2025-11-05T04:00:00.000Z,8741,Península
287858.0,2025-11-05T06:00:00.000+01:00,2025-11-05T05:00:00Z,2025-11-05T05:00:00.000Z,8741,Península
331731.0,2025-11-05T07:00:00.000+01:00,2025-11-05T06:00:00Z,2025-11-05T06:00:00.000Z,8741,Península
350269.0,2025-11-05T08:00:00.000+01:00,2025-11-05T07:00:00Z,2025-11-05T07:00:00.000Z,8741,Península
345066.0,2025-11-05T09:00:00.000+01:00,2025-11-05T08:00:00Z,2025-11-05T08:00:00.000Z,8741,Península
344356.0,2025-11-05T10:00:00.000+01:00,2025-11-05T09:00:00Z,2025-11-05T09:00:00.000Z,8741,Península
346212.0,2025-11-05T11:00:00.000+01:00,2025-11-05T10:00:00Z,2025-11-05T10:00:00.000Z,8741,Península
350424.0,2025-11-05T12:00:00.000+01:00,2025-11-05T11:00:00Z,2025-11-05T11:00:00.000Z,8741,Península
357680.0,2025-11-05T13:00:00.000+01:00,2025-11-05T12:00:00Z,2025-11-05T12:00:00.000Z,8741,Península
358819.0,2025-11-05T14:00:00.000+01:00,2025-11-05T13:00:00Z,2025-11-05T13:00:00.000Z,8741,Península
352955.0,2025-11-05T15:00:00.000+01:00,2025-11-05T14:00:00Z,2025-11-05T14:00:00.000Z,8741,Península
348502.0,2025-11-05T16:00:00.000+01:00,2025-11-05T15:00:00Z,2025-11-05T15:00:00.000Z,8741,Península
354064.0,2025-11-05T17:00:00.000+01:00,2025-11-05T16:00:00Z,2025-11-05T16:00:00.000Z,8741,Península
367813.0,2025-11-05T18:00:00.000+01:00,2025-11-05T17:00:00Z,2025-11-05T17:00:00.000Z,8741,Península
378472.0,2025-11-05T19:00:00.000+01:00,2025-11-05T18:00:00Z,2025-11-05T18:00:00.000Z,8741,Península
386422.0,2025-11-05T20:00:00.000+01:00,2025-11-05T19:00:00Z,2025-11-05T19:00:00.000Z,8741,Península
372874.0,2025-11-05T21:00:00.000+01:00,2025-11-05T20:00:00Z,2025-11-05T20:00:00.000Z,8741,Península
338009.0,2025-11-05T22:00:00.000+01:00,2025-11-05T21:00:00Z,2025-11-05T21:00:00.000Z,8741,Península
303411.0,2025-11-05T23:00:00.000+01:00,2025-11-05T22:00:00Z,2025-11-05T22:00:00.000Z,8741,Península
281067.0,2025-11-06T00:00:00.000+01:00,2025-11-05T23:00:00Z,2025-11-05T23:00:00.000Z,8741,Península
265317.0,2025-11-06T01:00:00.000+01:00,2025-11-06T00:00:00Z,2025-11-06T00:00:00.000Z,8741,Península
253193.0,2025-11-06T02:00:00.000+01:00,2025-11-06T01:00:00Z,2025-11-06T01:00:00.000Z,8741,Península
248804.0,2025-11-06T03:00:00.000+01:00,2025-11-06T02:00:00Z,2025-11-06T02:00:00.000Z,8741,Península
247609.0,2025-11-06T04:00:00.000+01:00,2025-11-06T03:00:00Z,2025-11-06T03:00:00.000Z,8741,Península
253509.0,2025-11-06T05:00:00.000+01:00,2025-11-06T04:00:00Z,2025-11-06T04:00:00.000Z,8741,Península
287402.0,2025-11-06T06:00:00.000+01:00,2025-11-06T05:00:00Z,2025-11-06T05:00:00.000Z,8741,Península
329747.0,2025-11-06T07:00:00.000+01:00,2025-11-06T06:00:00Z,2025-11-06T06:00:00.000Z,8741,Península
346611.0,2025-11-06T08:00:00.000+01:00,2025-11-06T07:00:00Z,2025-11-06T07:00:00.000Z,8741,Península
340659.0,2025-11-06T09:00:00.000+01:00,2025-11-06T08:00:00Z,2025-11-06T08:00:00.000Z,8741,Península
332469.0,2025-11-06T10:00:00.000+01:00,2025-11-06T09:00:00Z,2025-11-06T09:00:00.000Z,8741,Península
332634.0,2025-11-06T11:00:00.000+01:00,2025-11-06T10:00:00Z,2025-11-06T10:00:00.000Z,8741,Península
334211.0,2025-11-06T12:00:00.000+01:00,2025-11-06T11:00:00Z,2025-11-06T11:00:00.000Z,8741,Península
334611.0,2025-11-06T13:00:00.000+01:00,2025-11-06T12:00:00Z,2025-11-06T12:00:00.000Z,8741,Península
335771.0,2025-11-06T14:00:00.000+01:00,2025-11-06T13:00:00Z,2025-11-06T13:00:00.000Z,8741,Península
337930.0,2025-11-06T15:00:00.000+01:00,2025-11-06T14:00:00Z,2025-11-06T14:00:00.000Z,8741,Península
342072.0,2025-11-06T16:00:00.000+01:00,2025-11-06T15:00:00Z,2025-11-06T15:00:00.000Z,8741,Península
351042.0,2025-11-06T17:00:00.000+01:00,2025-11-06T16:00:00Z,2025-11-06T16:00:00.000Z,8741,Península
368313.0,2025-11-06T18:00:00.000+01:00,2025-11-06T17:00:00Z,2025-11-06T17:00:00.000Z,8741,Península
381373.0,2025-11-06T19:00:00.000+01:00,2025-11-06T18:00:00Z,2025-11-06T18:00:00.000Z,8741,Península
387470.0,2025-11-06T20:00:00.000+01:00,2025-11-06T19:00:00Z,2025-11-06T19:00:00.000Z,8741,Península
372430.0,2025-11-06T21:00:00.000+01:00,2025-11-06T20:00:00Z,2025-11-06T20:00:00.000Z,8741,Península
338877.0,2025-11-06T22:00:00.000+01:00,2025-11-06T21:00:00Z,2025-11-06T21:00:00.000Z,8741,Península
306541.0,2025-11-06T23:00:00.000+01:00,2025-11-06T22:00:00Z,2025-11-06T22:00:00.000Z,8741,Península
285097.0,2025-11-07T00:00:00.000+01:00,2025-11-06T23:00:00Z,2025-11-06T23:00:00.000Z,8741,Península
269339.0,2025-11-07T01:00:00.000+01:00,2025-11-07T00:00:00Z,2025-11-07T00:00:00.000Z,8741,Península
260024.0,2025-11-07T02:00:00.000+01:00,2025-11-07T01:00:00Z,2025-11-07T01:00:00.000Z,8741,Península
257308.0,2025-11-07T03:00:00.000+01:00,2025-11-07T02:00:00Z,2025-11-07T02:00:00.000Z,8741,Península
255435.0,2025-11-07T04:00:00.000+01:00,2025-11-07T03:00:00Z,2025-11-07T03:00:00.000Z,8741,Península
262058.0,2025-11-07T05:00:00.000+01:00,2025-11-07T04:00:00Z,2025-11-07T04:00:00.000Z,8741,Península
294192.0,2025-11-07T06:00:00.000+01:00,2025-11-07T05:00:00Z,2025-11-07T05:00:00.000Z,8741,Península
338501.0,2025-11-07T07:00:00.000+01:00,2025-11-07T06:00:00Z,2025-11-07T06:00:00.000Z,8741,Península
358745.0,2025-11-07T08:00:00.000+01:00,2025-11-07T07:00:00Z,2025-11-07T07:00:00.000Z,8741,Península
357576.0,2025-11-07T09:00:00.000+01:00,2025-11-07T08:00:00Z,2025-11-07T08:00:00.000Z,8741,Península
352869.0,2025-11-07T10:00:00.000+01:00,2025-11-07T09:00:00Z,2025-11-07T09:00:00.000Z,8741,Península
350249.0,2025-11-07T11:00:00.000+01:00,2025-11-07T10:00:00Z,2025-11-07T10:00:00.000Z,8741,Península
350791.0,2025-11-07T12:00:00.000+01:00,2025-11-07T11:00:00Z,2025-11-07T11:00:00.000Z,8741,Península
350631.0,2025-11-07T13:00:00.000+01:00,2025-11-07T12:00:00Z,2025-11-07T12:00:00.000Z,8741,Península
351081.0,2025-11-07T14:00:00.000+01:00,2025-11-07T13:00:00Z,2025-11-07T13:00:00.000Z,8741,Península
350530.0,2025-11-07T15:00:00.000+01:00,2025-11-07T14:00:00Z,2025-11-07T14:00:00.000Z,8741,Península
354103.0,2025-11-07T16:00:00.000+01:00,2025-11-07T15:00:00Z,2025-11-07T15:00:00.000Z,8741,Península
360396.0,2025-11-07T17:00:00.000+01:00,2025-11-07T16:00:00Z,2025-11-07T16:00:00.000Z,8741,Península
374720.0,2025-11-07T18:00:00.000+01:00,2025-11-07T17:00:00Z,2025-11-07T17:00:00.000Z,8741,Península
377482.0,2025-11-07T19:00:00.000+01:00,2025-11-07T18:00:00Z,2025-11-07T18:00:00.000Z,8741,Península
378674.0,2025-11-07T20:00:00.000+01:00,2025-11-07T19:00:00Z,2025-11-07T19:00:00.000Z,8741,Península
368349.0,2025-11-07T21:00:00.000+01:00,2025-11-07T20:00:00Z,2025-11-07T20:00:00.000Z,8741,Península
336302.0,2025-11-07T22:00:00.000+01:00,2025-11-07T21:00:00Z,2025-11-07T21:00:00.000Z,8741,Península
308509.0,2025-11-07T23:00:00.000+01:00,2025-11-07T22:00:00Z,2025-11-07T22:00:00.000Z,8741,Península
288227.0,2025-11-08T00:00:00.000+01:00,2025-11-07T23:00:00Z,2025-11-07T23:00:00.000Z,8741,Península
270846.0,2025-11-08T01:00:00.000+01:00,2025-11-08T00:00:00Z,2025-11-08T00:00:00.000Z,8741,Península
257223.0,2025-11-08T02:00:00.000+01:00,2025-11-08T01:00:00Z,2025-11-08T01:00:00.000Z,8741,Península
250277.0,2025-11-08T03:00:00.000+01:00,2025-11-08T02:00:00Z,2025-11-08T02:00:00.000Z,8741,Península
244478.0,2025-11-08T04:00:00.000+01:00,2025-11-08T03:00:00Z,2025-11-08T03:00:00.000Z,8741,Península
245441.0,2025-11-08T05:00:00.000+01:00,2025-11-08T04:00:00Z,2025-11-08T04:00:00.000Z,8741,Península
254629.0,2025-11-08T06:00:00.000+01:00,2025-11-08T05:00:00Z,2025-11-08T05:00:00.000Z,8741,Península
266541.0,2025-11-08T07:00:00.000+01:00,2025-11-08T06:00:00Z,2025-11-08T06:00:00.000Z,8741,Península
282525.0,2025-11-08T08:00:00.000+01:00,2025-11-08T07:00:00Z,2025-11-08T07:00:00.000Z,8741,Península
301660.0,2025-11-08T09:00:00.000+01:00,2025-11-08T08:00:00Z,2025-11-08T08:00:00.000Z,8741,Península
308934.0,2025-11-08T10:00:00.000+01:00,2025-11-08T09:00:00Z,2025-11-08T09:00:00.000Z,8741,Península
302318.0,2025-11-08T11:00:00.000+01:00,2025-11-08T10:00:00Z,2025-11-08T10:00:00.000Z,8741,Península
300368.0,2025-11-08T12:00:00.000+01:00,2025-11-08T11:00:00Z,2025-11-08T11:00:00.000Z,8741,Península
305489.0,2025-11-08T13:00:00.000+01:00,2025-11-08T12:00:00Z,2025-11-08T12:00:00.000Z,8741,Península
303046.0,2025-11-08T14:00:00.000+01:00,2025-11-08T13:00:00Z,2025-11-08T13:00:00.000Z,8741,Península
295987.0,2025-11-08T15:00:00.000+01:00,2025-11-08T14:00:00Z,2025-11-08T14:00:00.000Z,8741,Península
293749.0,2025-11-08T16:00:00.000+01:00,2025-11-08T15:00:00Z,2025-11-08T15:00:00.000Z,8741,Península
303278.0,2025-11-08T17:00:00.000+01:00,2025-11-08T16:00:00Z,2025-11-08T16:00:00.000Z,8741,Península
321937.0,2025-11-08T18:00:00.000+01:00,2025-11-08T17:00:00Z,2025-11-08T17:00:00.000Z,8741,Península
329834.0,2025-11-08T19:00:00.000+01:00,2025-11-08T18:00:00Z,2025-11-08T18:00:00.000Z,8741,Península
337410.0,2025-11-08T20:00:00.000+01:00,2025-11-08T19:00:00Z,2025-11-08T19:00:00.000Z,8741,Península
332797.0,2025-11-08T21:00:00.000+01:00,2025-11-08T20:00:00Z,2025-11-08T20:00:00.000Z,8741,Península
308300.0,2025-11-08T22:00:00.000+01:00,2025-11-08T21:00:00Z,2025-11-08T21:00:00.000Z,8741,Península
286326.0,2025-11-08T23:00:00.000+01:00,2025-11-08T22:00:00Z,2025-11-08T22:00:00.000Z,8741,Península
267004.0,2025-11-09T00:00:00.000+01:00,2025-11-08T23:00:00Z,2025-11-08T23:00:00.000Z,8741,Península
250142.0,2025-11-09T01:00:00.000+01:00,2025-11-09T00:00:00Z,2025-11-09T00:00:00.000Z,8741,Península
238768.0,2025-11-09T02:00:00.000+01:00,2025-11-09T01:00:00Z,2025-11-09T01:00:00.000Z,8741,Península
231986.0,2025-11-09T03:00:00.000+01:00,2025-11-09T02:00:00Z,2025-11-09T02:00:00.000Z,8741,Península
228508.0,2025-11-09T04:00:00.000+01:00,2025-11-09T03:00:00Z,2025-11-09T03:00:00.000Z,8741,Península
227648.0,2025-11-09T05:00:00.000+01:00,2025-11-09T04:00:00Z,2025-11-09T04:00:00.000Z,8741,Península
233604.0,2025-11-09T06:00:00.000+01:00,2025-11-09T05:00:00Z,2025-11-09T05:00:00.000Z,8741,Península
241764.0,2025-11-09T07:00:00.000+01:00,2025-11-09T06:00:00Z,2025-11-09T06:00:00.000Z,8741,Península
246053.0,2025-11-09T08:00:00.000+01:00,2025-11-09T07:00:00Z,2025-11-09T07:00:00.000Z,8741,Península
261607.0,2025-11-09T09:00:00.000+01:00,2025-11-09T08:00:00Z,2025-11-09T08:00:00.000Z,8741,Península
272055.0,2025-11-09T10:00:00.000+01:00,2025-11-09T09:00:00Z,2025-11-09T09:00:00.000Z,8741,Península
272342.0,2025-11-09T11:00:00.000+01:00,2025-11-09T10:00:00Z,2025-11-09T10:00:00.000Z,8741,Península
271858.0,2025-11-09T12:00:00.000+01:00,2025-11-09T11:00:00Z,2025-11-09T11:00:00.000Z,8741,Península
276722.0,2025-11-09T13:00:00.000+01:00,2025-11-09T12:00:00Z,2025-11-09T12:00:00.000Z,8741,Península
280228.0,2025-11-09T14:00:00.000+01:00,2025-11-09T13:00:00Z,2025-11-09T13:00:00.000Z,8741,Península
277935.0,2025-11-09T15:00:00.000+01:00,2025-11-09T14:00:00Z,2025-11-09T14:00:00.000Z,8741,Península
282710.0,2025-11-09T16:00:00.000+01:00,2025-11-09T15:00:00Z,2025-11-09T15:00:00.000Z,8741,Península
292131.0,2025-11-09T17:00:00.000+01:00,2025-11-09T16:00:00Z,2025-11-09T16:00:00.000Z,8741,Península
317672.0,2025-11-09T18:00:00.000+01:00,2025-11-09T17:00:00Z,2025-11-09T17:00:00.000Z,8741,Península
331085.0,2025-11-09T19:00:00.000+01:00,2025-11-09T18:00:00Z,2025-11-09T18:00:00.000Z,8741,Península
341109.0,2025-11-09T20:00:00.000+01:00,2025-11-09T19:00:00Z,2025-11-09T19:00:00.000Z,8741,Península
335376.0,2025-11-09T21:00:00.000+01:00,2025-11-09T20:00:00Z,2025-11-09T20:00:00.000Z,8741,Península
313701.0,2025-11-09T22:00:00.000+01:00,2025-11-09T21:00:00Z,2025-11-09T21:00:00.000Z,8741,Península
288046.0,2025-11-09T23:00:00.000+01:00,2025-11-09T22:00:00Z,2025-11-09T22:00:00.000Z,8741,Península
265943.0,2025-11-10T00:00:00.000+01:00,2025-11-09T23:00:00Z,2025-11-09T23:00:00.000Z,8741,Península
252036.0,2025-11-10T01:00:00.000+01:00,2025-11-10T00:00:00Z,2025-11-10T00:00:00.000Z,8741,Península
241700.0,2025-11-10T02:00:00.000+01:00,2025-11-10T01:00:00Z,2025-11-10T01:00:00.000Z,8741,Península
239193.0,2025-11-10T03:00:00.000+01:00,2025-11-10T02:00:00Z,2025-11-10T02:00:00.000Z,8741,Península
239974.0,2025-11-10T04:00:00.000+01:00,2025-11-10T03:00:00Z,2025-11-10T03:00:00.000Z,8741,Península
250161.0,2025-11-10T05:00:00.000+01:00,2025-11-10T04:00:00Z,2025-11-10T04:00:00.000Z,8741,Península
284990.0,2025-11-10T06:00:00.000+01:00,2025-11-10T05:00:00Z,2025-11-10T05:00:00.000Z,8741,Península
332034.0,2025-11-10T07:00:00.000+01:00,2025-11-10T06:00:00Z,2025-11-10T06:00:00.000Z,8741,Península
353170.0,2025-11-10T08:00:00.000+01:00,2025-11-10T07:00:00Z,2025-11-10T07:00:00.000Z,8741,Península
350235.0,2025-11-10T09:00:00.000+01:00,2025-11-10T08:00:00Z,2025-11-10T08:00:00.000Z,8741,Península
345891.0,2025-11-10T10:00:00.000+01:00,2025-11-10T09:00:00Z,2025-11-10T09:00:00.000Z,8741,Península
341020.0,2025-11-10T11:00:00.000+01:00,2025-11-10T10:00:00Z,2025-11-10T10:00:00.000Z,8741,Península
338891.0,2025-11-10T12:00:00.000+01:00,2025-11-10T11:00:00Z,2025-11-10T11:00:00.000Z,8741,Península
341732.0,2025-11-10T13:00:00.000+01:00,2025-11-10T12:00:00Z,2025-11-10T12:00:00.000Z,8741,Península
343923.0,2025-11-10T14:00:00.000+01:00,2025-11-10T13:00:00Z,2025-11-10T13:00:00.000Z,8741,Península
344830.0,2025-11-10T15:00:00.000+01:00,2025-11-10T14:00:00Z,2025-11-10T14:00:00.000Z,8741,Península
349328.0,2025-11-10T16:00:00.000+01:00,2025-11-10T15:00:00Z,2025-11-10T15:00:00.000Z,8741,Península
363539.0,2025-11-10T17:00:00.000+01:00,2025-11-10T16:00:00Z,2025-11-10T16:00:00.000Z,8741,Península
386625.0,2025-11-10T18:00:00.000+01:00,2025-11-10T17:00:00Z,2025-11-10T17:00:00.000Z,8741,Península
397831.0,2025-11-10T19:00:00.000+01:00,2025-11-10T18:00:00Z,2025-11-10T18:00:00.000Z,8741,Península
404625.0,2025-11-10T20:00:00.000+01:00,2025-11-10T19:00:00Z,2025-11-10T19:00:00.000Z,8741,Península
392428.0,2025-11-10T21:00:00.000+01:00,2025-11-10T20:00:00Z,2025-11-10T20:00:00.000Z,8741,Península
353934.0,2025-11-10T22:00:00.000+01:00,2025-11-10T21:00:00Z,2025-11-10T21:00:00.000Z,8741,Península
318245.0,2025-11-10T23:00:00.000+01:00,2025-11-10T22:00:00Z,2025-11-10T22:00:00.000Z,8741,Península
294240.0,2025-11-11T00:00:00.000+01:00,2025-11-10T23:00:00Z,2025-11-10T23:00:00.000Z,8741,Península
277498.0,2025-11-11T01:00:00.000+01:00,2025-11-11T00:00:00Z,2025-11-11T00:00:00.000Z,8741,Península
267570.0,2025-11-11T02:00:00.000+01:00,2025-11-11T01:00:00Z,2025-11-11T01:00:00.000Z,8741,Península
261700.0,2025-11-11T03:00:00.000+01:00,2025-11-11T02:00:00Z,2025-11-11T02:00:00.000Z,8741,Península
263259.0,2025-11-11T04:00:00.000+01:00,2025-11-11T03:00:00Z,2025-11-11T03:00:00.000Z,8741,Península
270533.0,2025-11-11T05:00:00.000+01:00,2025-11-11T04:00:00Z,2025-11-11T04:00:00.000Z,8741,Península
302865.0,2025-11-11T06:00:00.000+01:00,2025-11-11T05:00:00Z,2025-11-11T05:00:00.000Z,8741,Península
351207.0,2025-11-11T07:00:00.000+01:00,2025-11-11T06:00:00Z,2025-11-11T06:00:00.000Z,8741,Península
365593.0,2025-11-11T08:00:00.000+01:00,2025-11-11T07:00:00Z,2025-11-11T07:00:00.000Z,8741,Península
359377.0,2025-11-11T09:00:00.000+01:00,2025-11-11T08:00:00Z,2025-11-11T08:00:00.000Z,8741,Península
352284.0,2025-11-11T10:00:00.000+01:00,2025-11-11T09:00:00Z,2025-11-11T09:00:00.000Z,8741,Península
344298.0,2025-11-11T11:00:00.000+01:00,2025-11-11T10:00:00Z,2025-11-11T10:00:00.000Z,8741,Península
341663.0,2025-11-11T12:00:00.000+01:00,2025-11-11T11:00:00Z,2025-11-11T11:00:00.000Z,8741,Península
344996.0,2025-11-11T13:00:00.000+01:00,2025-11-11T12:00:00Z,2025-11-11T12:00:00.000Z,8741,Península
346792.0,2025-11-11T14:00:00.000+01:00,2025-11-11T13:00:00Z,2025-11-11T13:00:00.000Z,8741,Península
349185.0,2025-11-11T15:00:00.000+01:00,2025-11-11T14:00:00Z,2025-11-11T14:00:00.000Z,8741,Península
352243.0,2025-11-11T16:00:00.000+01:00,2025-11-11T15:00:00Z,2025-11-11T15:00:00.000Z,8741,Península
362787.0,2025-11-11T17:00:00.000+01:00,2025-11-11T16:00:00Z,2025-11-11T16:00:00.000Z,8741,Península
384559.0,2025-11-11T18:00:00.000+01:00,2025-11-11T17:00:00Z,2025-11-11T17:00:00.000Z,8741,Península
393878.0,2025-11-11T19:00:00.000+01:00,2025-11-11T18:00:00Z,2025-11-11T18:00:00.000Z,8741,Península
400519.0,2025-11-11T20:00:00.000+01:00,2025-11-11T19:00:00Z,2025-11-11T19:00:00.000Z,8741,Península
388277.0,2025-11-11T21:00:00.000+01:00,2025-11-11T20:00:00Z,2025-11-11T20:00:00.000Z,8741,Península
349616.0,2025-11-11T22:00:00.000+01:00,2025-11-11T21:00:00Z,2025-11-11T21:00:00.000Z,8741,Península
312425.0,2025-11-11T23:00:00.000+01:00,2025-11-11T22:00:00Z,2025-11-11T22:00:00.000Z,8741,Península
288336.0,2025-11-12T00:00:00.000+01:00,2025-11-11T23:00:00Z,2025-11-11T23:00:00.000Z,8741,Península
270507.0,2025-11-12T01:00:00.000+01:00,2025-11-12T00:00:00Z,2025-11-12T00:00:00.000Z,8741,Península
260000.0,2025-11-12T02:00:00.000+01:00,2025-11-12T01:00:00Z,2025-11-12T01:00:00.000Z,8741,Península
255367.0,2025-11-12T03:00:00.000+01:00,2025-11-12T02:00:00Z,2025-11-12T02:00:00.000Z,8741,Península
255141.0,2025-11-12T04:00:00.000+01:00,2025-11-12T03:00:00Z,2025-11-12T03:00:00.000Z,8741,Península
262782.0,2025-11-12T05:00:00.000+01:00,2025-11-12T04:00:00Z,2025-11-12T04:00:00.000Z,8741,Península
297211.0,2025-11-12T06:00:00.000+01:00,2025-11-12T05:00:00Z,2025-11-12T05:00:00.000Z,8741,Península
346506.0,2025-11-12T07:00:00.000+01:00,2025-11-12T06:00:00Z,2025-11-12T06:00:00.000Z,8741,Península
364868.0,2025-11-12T08:00:00.000+01:00,2025-11-12T07:00:00Z,2025-11-12T07:00:00.000Z,8741,Península
359675.0,2025-11-12T09:00:00.000+01:00,2025-11-12T08:00:00Z,2025-11-12T08:00:00.000Z,8741,Península
352568.0,2025-11-12T10:00:00.000+01:00,2025-11-12T09:00:00Z,2025-11-12T09:00:00.000Z,8741,Península
341967.0,2025-11-12T11:00:00.000+01:00,2025-11-12T10:00:00Z,2025-11-12T10:00:00.000Z,8741,Península
337248.0,2025-11-12T12:00:00.000+01:00,2025-11-12T11:00:00Z,2025-11-12T11:00:00.000Z,8741,Península
339557.0,2025-11-12T13:00:00.000+01:00,2025-11-12T12:00:00Z,2025-11-12T12:00:00.000Z,8741,Península
341387.0,2025-11-12T14:00:00.000+01:00,2025-11-12T13:00:00Z,2025-11-12T13:00:00.000Z,8741,Península
342349.0,2025-11-12T15:00:00.000+01:00,2025-11-12T14:00:00Z,2025-11-12T14:00:00.000Z,8741,Península
348882.0,2025-11-12T16:00:00.000+01:00,2025-11-12T15:00:00Z,2025-11-12T15:00:00.000Z,8741,Península
358455.0,2025-11-12T17:00:00.000+01:00,2025-11-12T16:00:00Z,2025-11-12T16:00:00.000Z,8741,Península
379039.0,2025-11-12T18:00:00.000+01:00,2025-11-12T17:00:00Z,2025-11-12T17:00:00.000Z,8741,Península
390154.0,2025-11-12T19:00:00.000+01:00,2025-11-12T18:00:00Z,2025-11-12T18:00:00.000Z,8741,Península
397345.0,2025-11-12T20:00:00.000+01:00,2025-11-12T19:00:00Z,2025-11-12T19:00:00.000Z,8741,Península
383849.0,2025-11-12T21:00:00.000+01:00,2025-11-12T20:00:00Z,2025-11-12T20:00:00.000Z,8741,Península
348253.0,2025-11-12T22:00:00.000+01:00,2025-11-12T21:00:00Z,2025-11-12T21:00:00.000Z,8741,Península
313559.0,2025-11-12T23:00:00.000+01:00,2025-11-12T22:00:00Z,2025-11-12T22:00:00.000Z,8741,Península
292839.0,2025-11-13T00:00:00.000+01:00,2025-11-12T23:00:00Z,2025-11-12T23:00:00.000Z,8741,Península
274305.0,2025-11-13T01:00:00.000+01:00,2025-11-13T00:00:00Z,2025-11-13T00:00:00.000Z,8741,Península
264066.0,2025-11-13T02:00:00.000+01:00,2025-11-13T01:00:00Z,2025-11-13T01:00:00.000Z,8741,Península
258486.0,2025-11-13T03:00:00.000+01:00,2025-11-13T02:00:00Z,2025-11-13T02:00:00.000Z,8741,Península
258675.0,2025-11-13T04:00:00.000+01:00,2025-11-13T03:00:00Z,2025-11-13T03:00:00.000Z,8741,Península
263599.0,2025-11-13T05:00:00.000+01:00,2025-11-13T04:00:00Z,2025-11-13T04:00:00.000Z,8741,Península
297458.0,2025-11-13T06:00:00.000+01:00,2025-11-13T05:00:00Z,2025-11-13T05:00:00.000Z,8741,Península
345494.0,2025-11-13T07:00:00.000+01:00,2025-11-13T06:00:00Z,2025-11-13T06:00:00.000Z,8741,Península
364115.0,2025-11-13T08:00:00.000+01:00,2025-11-13T07:00:00Z,2025-11-13T07:00:00.000Z,8741,Península
364265.0,2025-11-13T09:00:00.000+01:00,2025-11-13T08:00:00Z,2025-11-13T08:00:00.000Z,8741,Península
364381.0,2025-11-13T10:00:00.000+01:00,2025-11-13T09:00:00Z,2025-11-13T09:00:00.000Z,8741,Península
366529.0,2025-11-13T11:00:00.000+01:00,2025-11-13T10:00:00Z,2025-11-13T10:00:00.000Z,8741,Península
369297.0,2025-11-13T12:00:00.000+01:00,2025-11-13T11:00:00Z,2025-11-13T11:00:00.000Z,8741,Península
374828.0,2025-11-13T13:00:00.000+01:00,2025-11-13T12:00:00Z,2025-11-13T12:00:00.000Z,8741,Península
371995.0,2025-11-13T14:00:00.000+01:00,2025-11-13T13:00:00Z,2025-11-13T13:00:00.000Z,8741,Península
369417.0,2025-11-13T15:00:00.000+01:00,2025-11-13T14:00:00Z,2025-11-13T14:00:00.000Z,8741,Península
368295.0,2025-11-13T16:00:00.000+01:00,2025-11-13T15:00:00Z,2025-11-13T15:00:00.000Z,8741,Península
375272.0,2025-11-13T17:00:00.000+01:00,2025-11-13T16:00:00Z,2025-11-13T16:00:00.000Z,8741,Península
387036.0,2025-11-13T18:00:00.000+01:00,2025-11-13T17:00:00Z,2025-11-13T17:00:00.000Z,8741,Península
391515.0,2025-11-13T19:00:00.000+01:00,2025-11-13T18:00:00Z,2025-11-13T18:00:00.000Z,8741,Península
396148.0,2025-11-13T20:00:00.000+01:00,2025-11-13T19:00:00Z,2025-11-13T19:00:00.000Z,8741,Península
383023.0,2025-11-13T21:00:00.000+01:00,2025-11-13T20:00:00Z,2025-11-13T20:00:00.000Z,8741,Península
344042.0,2025-11-13T22:00:00.000+01:00,2025-11-13T21:00:00Z,2025-11-13T21:00:00.000Z,8741,Península
311748.0,2025-11-13T23:00:00.000+01:00,2025-11-13T22:00:00Z,2025-11-13T22:00:00.000Z,8741,Península
290799.0,2025-11-14T00:00:00.000+01:00,2025-11-13T23:00:00Z,2025-11-13T23:00:00.000Z,8741,Península
276246.0,2025-11-14T01:00:00.000+01:00,2025-11-14T00:00:00Z,2025-11-14T00:00:00.000Z,8741,Península
265802.0,2025-11-14T02:00:00.000+01:00,2025-11-14T01:00:00Z,2025-11-14T01:00:00.000Z,8741,Península
260539.0,2025-11-14T03:00:00.000+01:00,2025-11-14T02:00:00Z,2025-11-14T02:00:00.000Z,8741,Península
258090.0,2025-11-14T04:00:00.000+01:00,2025-11-14T03:00:00Z,2025-11-14T03:00:00.000Z,8741,Península
266718.0,2025-11-14T05:00:00.000+01:00,2025-11-14T04:00:00Z,2025-11-14T04:00:00.000Z,8741,Península
296642.0,2025-11-14T06:00:00.000+01:00,2025-11-14T05:00:00Z,2025-11-14T05:00:00.000Z,8741,Península
340948.0,2025-11-14T07:00:00.000+01:00,2025-11-14T06:00:00Z,2025-11-14T06:00:00.000Z,8741,Península
363183.0,2025-11-14T08:00:00.000+01:00,2025-11-14T07:00:00Z,2025-11-14T07:00:00.000Z,8741,Península
368682.0,2025-11-14T09:00:00.000+01:00,2025-11-14T08:00:00Z,2025-11-14T08:00:00.000Z,8741,Península
366990.0,2025-11-14T10:00:00.000+01:00,2025-11-14T09:00:00Z,2025-11-14T09:00:00.000Z,8741,Península
365825.0,2025-11-14T11:00:00.000+01:00,2025-11-14T10:00:00Z,2025-11-14T10:00:00.000Z,8741,Península
368575.0,2025-11-14T12:00:00.000+01:00,2025-11-14T11:00:00Z,2025-11-14T11:00:00.000Z,8741,Península
367262.0,2025-11-14T13:00:00.000+01:00,2025-11-14T12:00:00Z,2025-11-14T12:00:00.000Z,8741,Península
364294.0,2025-11-14T14:00:00.000+01:00,2025-11-14T13:00:00Z,2025-11-14T13:00:00.000Z,8741,Península
358015.0,2025-11-14T15:00:00.000+01:00,2025-11-14T14:00:00Z,2025-11-14T14:00:00.000Z,8741,Península
357169.0,2025-11-14T16:00:00.000+01:00,2025-11-14T15:00:00Z,2025-11-14T15:00:00.000Z,8741,Península
363998.0,2025-11-14T17:00:00.000+01:00,2025-11-14T16:00:00Z,2025-11-14T16:00:00.000Z,8741,Península
379306.0,2025-11-14T18:00:00.000+01:00,2025-11-14T17:00:00Z,2025-11-14T17:00:00.000Z,8741,Península
382687.0,2025-11-14T19:00:00.000+01:00,2025-11-14T18:00:00Z,2025-11-14T18:00:00.000Z,8741,Península
383689.0,2025-11-14T20:00:00.000+01:00,2025-11-14T19:00:00Z,2025-11-14T19:00:00.000Z,8741,Península
370981.0,2025-11-14T21:00:00.000+01:00,2025-11-14T20:00:00Z,2025-11-14T20:00:00.000Z,8741,Península
340056.0,2025-11-14T22:00:00.000+01:00,2025-11-14T21:00:00Z,2025-11-14T21:00:00.000Z,8741,Península
309457.0,2025-11-14T23:00:00.000+01:00,2025-11-14T22:00:00Z,2025-11-14T22:00:00.000Z,8741,Península
289521.0,2025-11-15T00:00:00.000+01:00,2025-11-14T23:00:00Z,2025-11-14T23:00:00.000Z,8741,Península
270831.0,2025-11-15T01:00:00.000+01:00,2025-11-15T00:00:00Z,2025-11-15T00:00:00.000Z,8741,Península
258465.0,2025-11-15T02:00:00.000+01:00,2025-11-15T01:00:00Z,2025-11-15T01:00:00.000Z,8741,Península
247971.0,2025-11-15T03:00:00.000+01:00,2025-11-15T02:00:00Z,2025-11-15T02:00:00.000Z,8741,Península
246029.0,2025-11-15T04:00:00.000+01:00,2025-11-15T03:00:00Z,2025-11-15T03:00:00.000Z,8741,Península
245404.0,2025-11-15T05:00:00.000+01:00,2025-11-15T04:00:00Z,2025-11-15T04:00:00.000Z,8741,Península
253742.0,2025-11-15T06:00:00.000+01:00,2025-11-15T05:00:00Z,2025-11-15T05:00:00.000Z,8741,Península
268893.0,2025-11-15T07:00:00.000+01:00,2025-11-15T06:00:00Z,2025-11-15T06:00:00.000Z,8741,Península
282893.0,2025-11-15T08:00:00.000+01:00,2025-11-15T07:00:00Z,2025-11-15T07:00:00.000Z,8741,Península
299585.0,2025-11-15T09:00:00.000+01:00,2025-11-15T08:00:00Z,2025-11-15T08:00:00.000Z,8741,Península
311281.0,2025-11-15T10:00:00.000+01:00,2025-11-15T09:00:00Z,2025-11-15T09:00:00.000Z,8741,Península
315272.0,2025-11-15T11:00:00.000+01:00,2025-11-15T10:00:00Z,2025-11-15T10:00:00.000Z,8741,Península
318644.0,2025-11-15T12:00:00.000+01:00,2025-11-15T11:00:00Z,2025-11-15T11:00:00.000Z,8741,Península
327933.0,2025-11-15T13:00:00.000+01:00,2025-11-15T12:00:00Z,2025-11-15T12:00:00.000Z,8741,Península
327488.0,2025-11-15T14:00:00.000+01:00,2025-11-15T13:00:00Z,2025-11-15T13:00:00.000Z,8741,Península
314117.0,2025-11-15T15:00:00.000+01:00,2025-11-15T14:00:00Z,2025-11-15T14:00:00.000Z,8741,Península
309677.0,2025-11-15T16:00:00.000+01:00,2025-11-15T15:00:00Z,2025-11-15T15:00:00.000Z,8741,Península
311018.0,2025-11-15T17:00:00.000+01:00,2025-11-15T16:00:00Z,2025-11-15T16:00:00.000Z,8741,Península
329125.0,2025-11-15T18:00:00.000+01:00,2025-11-15T17:00:00Z,2025-11-15T17:00:00.000Z,8741,Península
332493.0,2025-11-15T19:00:00.000+01:00,2025-11-15T18:00:00Z,2025-11-15T18:00:00.000Z,8741,Península
335025.0,2025-11-15T20:00:00.000+01:00,2025-11-15T19:00:00Z,2025-11-15T19:00:00.000Z,8741,Península
329069.0,2025-11-15T21:00:00.000+01:00,2025-11-15T20:00:00Z,2025-11-15T20:00:00.000Z,8741,Península
305893.0,2025-11-15T22:00:00.000+01:00,2025-11-15T21:00:00Z,2025-11-15T21:00:00.000Z,8741,Península
281766.0,2025-11-15T23:00:00.000+01:00,2025-11-15T22:00:00Z,2025-11-15T22:00:00.000Z,8741,Península
261382.0,2025-11-16T00:00:00.000+01:00,2025-11-15T23:00:00Z,2025-11-15T23:00:00.000Z,8741,Península
245974.0,2025-11-16T01:00:00.000+01:00,2025-11-16T00:00:00Z,2025-11-16T00:00:00.000Z,8741,Península
234198.0,2025-11-16T02:00:00.000+01:00,2025-11-16T01:00:00Z,2025-11-16T01:00:00.000Z,8741,Península
228046.0,2025-11-16T03:00:00.000+01:00,2025-11-16T02:00:00Z,2025-11-16T02:00:00.000Z,8741,Península
225728.0,2025-11-16T04:00:00.000+01:00,2025-11-16T03:00:00Z,2025-11-16T03:00:00.000Z,8741,Península
225513.0,2025-11-16T05:00:00.000+01:00,2025-11-16T04:00:00Z,2025-11-16T04:00:00.000Z,8741,Península
228606.0,2025-11-16T06:00:00.000+01:00,2025-11-16T05:00:00Z,2025-11-16T05:00:00.000Z,8741,Península
238217.0,2025-11-16T07:00:00.000+01:00,2025-11-16T06:00:00Z,2025-11-16T06:00:00.000Z,8741,Península
245485.0,2025-11-16T08:00:00.000+01:00,2025-11-16T07:00:00Z,2025-11-16T07:00:00.000Z,8741,Península
259238.0,2025-11-16T09:00:00.000+01:00,2025-11-16T08:00:00Z,2025-11-16T08:00:00.000Z,8741,Península
270569.0,2025-11-16T10:00:00.000+01:00,2025-11-16T09:00:00Z,2025-11-16T09:00:00.000Z,8741,Península
275037.0,2025-11-16T11:00:00.000+01:00,2025-11-16T10:00:00Z,2025-11-16T10:00:00.000Z,8741,Península
275949.0,2025-11-16T12:00:00.000+01:00,2025-11-16T11:00:00Z,2025-11-16T11:00:00.000Z,8741,Península
282490.0,2025-11-16T13:00:00.000+01:00,2025-11-16T12:00:00Z,2025-11-16T12:00:00.000Z,8741,Península
288925.0,2025-11-16T14:00:00.000+01:00,2025-11-16T13:00:00Z,2025-11-16T13:00:00.000Z,8741,Península
276745.0,2025-11-16T15:00:00.000+01:00,2025-11-16T14:00:00Z,2025-11-16T14:00:00.000Z,8741,Península
277750.0,2025-11-16T16:00:00.000+01:00,2025-11-16T15:00:00Z,2025-11-16T15:00:00.000Z,8741,Península
288757.0,2025-11-16T17:00:00.000+01:00,2025-11-16T16:00:00Z,2025-11-16T16:00:00.000Z,8741,Península
313139.0,2025-11-16T18:00:00.000+01:00,2025-11-16T17:00:00Z,2025-11-16T17:00:00.000Z,8741,Península
326300.0,2025-11-16T19:00:00.000+01:00,2025-11-16T18:00:00Z,2025-11-16T18:00:00.000Z,8741,Península
335608.0,2025-11-16T20:00:00.000+01:00,2025-11-16T19:00:00Z,2025-11-16T19:00:00.000Z,8741,Península
331847.0,2025-11-16T21:00:00.000+01:00,2025-11-16T20:00:00Z,2025-11-16T20:00:00.000Z,8741,Península
311870.0,2025-11-16T22:00:00.000+01:00,2025-11-16T21:00:00Z,2025-11-16T21:00:00.000Z,8741,Península
285716.0,2025-11-16T23:00:00.000+01:00,2025-11-16T22:00:00Z,2025-11-16T22:00:00.000Z,8741,Península
265528.0,2025-11-17T00:00:00.000+01:00,2025-11-16T23:00:00Z,2025-11-16T23:00:00.000Z,8741,Península
251372.0,2025-11-17T01:00:00.000+01:00,2025-11-17T00:00:00Z,2025-11-17T00:00:00.000Z,8741,Península
242797.0,2025-11-17T02:00:00.000+01:00,2025-11-17T01:00:00Z,2025-11-17T01:00:00.000Z,8741,Península
239631.0,2025-11-17T03:00:00.000+01:00,2025-11-17T02:00:00Z,2025-11-17T02:00:00.000Z,8741,Península
240098.0,2025-11-17T04:00:00.000+01:00,2025-11-17T03:00:00Z,2025-11-17T03:00:00.000Z,8741,Península
248792.0,2025-11-17T05:00:00.000+01:00,2025-11-17T04:00:00Z,2025-11-17T04:00:00.000Z,8741,Península
289063.0,2025-11-17T06:00:00.000+01:00,2025-11-17T05:00:00Z,2025-11-17T05:00:00.000Z,8741,Península
340005.0,2025-11-17T07:00:00.000+01:00,2025-11-17T06:00:00Z,2025-11-17T06:00:00.000Z,8741,Península
364187.0,2025-11-17T08:00:00.000+01:00,2025-11-17T07:00:00Z,2025-11-17T07:00:00.000Z,8741,Península
363146.0,2025-11-17T09:00:00.000+01:00,2025-11-17T08:00:00Z,2025-11-17T08:00:00.000Z,8741,Península
357303.0,2025-11-17T10:00:00.000+01:00,2025-11-17T09:00:00Z,2025-11-17T09:00:00.000Z,8741,Península
348561.0,2025-11-17T11:00:00.000+01:00,2025-11-17T10:00:00Z,2025-11-17T10:00:00.000Z,8741,Península
350664.0,2025-11-17T12:00:00.000+01:00,2025-11-17T11:00:00Z,2025-11-17T11:00:00.000Z,8741,Península
355148.0,2025-11-17T13:00:00.000+01:00,2025-11-17T12:00:00Z,2025-11-17T12:00:00.000Z,8741,Península
358399.0,2025-11-17T14:00:00.000+01:00,2025-11-17T13:00:00Z,2025-11-17T13:00:00.000Z,8741,Península
357405.0,2025-11-17T15:00:00.000+01:00,2025-11-17T14:00:00Z,2025-11-17T14:00:00.000Z,8741,Península
357132.0,2025-11-17T16:00:00.000+01:00,2025-11-17T15:00:00Z,2025-11-17T15:00:00.000Z,8741,Península
365413.0,2025-11-17T17:00:00.000+01:00,2025-11-17T16:00:00Z,2025-11-17T16:00:00.000Z,8741,Península
383496.0,2025-11-17T18:00:00.000+01:00,2025-11-17T17:00:00Z,2025-11-17T17:00:00.000Z,8741,Península
394089.0,2025-11-17T19:00:00.000+01:00,2025-11-17T18:00:00Z,2025-11-17T18:00:00.000Z,8741,Península
401519.0,2025-11-17T20:00:00.000+01:00,2025-11-17T19:00:00Z,2025-11-17T19:00:00.000Z,8741,Península
389382.0,2025-11-17T21:00:00.000+01:00,2025-11-17T20:00:00Z,2025-11-17T20:00:00.000Z,8741,Península
351100.0,2025-11-17T22:00:00.000+01:00,2025-11-17T21:00:00Z,2025-11-17T21:00:00.000Z,8741,Península
315732.0,2025-11-17T23:00:00.000+01:00,2025-11-17T22:00:00Z,2025-11-17T22:00:00.000Z,8741,Península
292142.0,2025-11-18T00:00:00.000+01:00,2025-11-17T23:00:00Z,2025-11-17T23:00:00.000Z,8741,Península
274645.0,2025-11-18T01:00:00.000+01:00,2025-11-18T00:00:00Z,2025-11-18T00:00:00.000Z,8741,Península
261105.0,2025-11-18T02:00:00.000+01:00,2025-11-18T01:00:00Z,2025-11-18T01:00:00.000Z,8741,Península
256142.0,2025-11-18T03:00:00.000+01:00,2025-11-18T02:00:00Z,2025-11-18T02:00:00.000Z,8741,Península
255731.0,2025-11-18T04:00:00.000+01:00,2025-11-18T03:00:00Z,2025-11-18T03:00:00.000Z,8741,Península
265006.0,2025-11-18T05:00:00.000+01:00,2025-11-18T04:00:00Z,2025-11-18T04:00:00.000Z,8741,Península
300530.0,2025-11-18T06:00:00.000+01:00,2025-11-18T05:00:00Z,2025-11-18T05:00:00.000Z,8741,Península
348922.0,2025-11-18T07:00:00.000+01:00,2025-11-18T06:00:00Z,2025-11-18T06:00:00.000Z,8741,Península
369676.0,2025-11-18T08:00:00.000+01:00,2025-11-18T07:00:00Z,2025-11-18T07:00:00.000Z,8741,Península
367021.0,2025-11-18T09:00:00.000+01:00,2025-11-18T08:00:00Z,2025-11-18T08:00:00.000Z,8741,Península
357939.0,2025-11-18T10:00:00.000+01:00,2025-11-18T09:00:00Z,2025-11-18T09:00:00.000Z,8741,Península
347646.0,2025-11-18T11:00:00.000+01:00,2025-11-18T10:00:00Z,2025-11-18T10:00:00.000Z,8741,Península
345333.0,2025-11-18T12:00:00.000+01:00,2025-11-18T11:00:00Z,2025-11-18T11:00:00.000Z,8741,Península
347986.0,2025-11-18T13:00:00.000+01:00,2025-11-18T12:00:00Z,2025-11-18T12:00:00.000Z,8741,Península
351294.0,2025-11-18T14:00:00.000+01:00,2025-11-18T13:00:00Z,2025-11-18T13:00:00.000Z,8741,Península
354399.0,2025-11-18T15:00:00.000+01:00,2025-11-18T14:00:00Z,2025-11-18T14:00:00.000Z,8741,Península
358688.0,2025-11-18T16:00:00.000+01:00,2025-11-18T15:00:00Z,2025-11-18T15:00:00.000Z,8741,Península
370644.0,2025-11-18T17:00:00.000+01:00,2025-11-18T16:00:00Z,2025-11-18T16:00:00.000Z,8741,Península
391245.0,2025-11-18T18:00:00.000+01:00,2025-11-18T17:00:00Z,2025-11-18T17:00:00.000Z,8741,Península
403994.0,2025-11-18T19:00:00.000+01:00,2025-11-18T18:00:00Z,2025-11-18T18:00:00.000Z,8741,Península
412352.0,2025-11-18T20:00:00.000+01:00,2025-11-18T19:00:00Z,2025-11-18T19:00:00.000Z,8741,Península
400450.0,2025-11-18T21:00:00.000+01:00,2025-11-18T20:00:00Z,2025-11-18T20:00:00.000Z,8741,Península
361532.0,2025-11-18T22:00:00.000+01:00,2025-11-18T21:00:00Z,2025-11-18T21:00:00.000Z,8741,Península
324648.0,2025-11-18T23:00:00.000+01:00,2025-11-18T22:00:00Z,2025-11-18T22:00:00.000Z,8741,Península
299173.0,2025-11-19T00:00:00.000+01:00,2025-11-18T23:00:00Z,2025-11-18T23:00:00.000Z,8741,Península
281584.0,2025-11-19T01:00:00.000+01:00,2025-11-19T00:00:00Z,2025-11-19T00:00:00.000Z,8741,Península
271008.0,2025-11-19T02:00:00.000+01:00,2025-11-19T01:00:00Z,2025-11-19T01:00:00.000Z,8741,Península
265420.0,2025-11-19T03:00:00.000+01:00,2025-11-19T02:00:00Z,2025-11-19T02:00:00.000Z,8741,Península
264957.0,2025-11-19T04:00:00.000+01:00,2025-11-19T03:00:00Z,2025-11-19T03:00:00.000Z,8741,Península
272263.0,2025-11-19T05:00:00.000+01:00,2025-11-19T04:00:00Z,2025-11-19T04:00:00.000Z,8741,Península
307257.0,2025-11-19T06:00:00.000+01:00,2025-11-19T05:00:00Z,2025-11-19T05:00:00.000Z,8741,Península
361688.0,2025-11-19T07:00:00.000+01:00,2025-11-19T06:00:00Z,2025-11-19T06:00:00.000Z,8741,Península
385795.0,2025-11-19T08:00:00.000+01:00,2025-11-19T07:00:00Z,2025-11-19T07:00:00.000Z,8741,Península
383559.0,2025-11-19T09:00:00.000+01:00,2025-11-19T08:00:00Z,2025-11-19T08:00:00.000Z,8741,Península
375063.0,2025-11-19T10:00:00.000+01:00,2025-11-19T09:00:00Z,2025-11-19T09:00:00.000Z,8741,Península
365624.0,2025-11-19T11:00:00.000+01:00,2025-11-19T10:00:00Z,2025-11-19T10:00:00.000Z,8741,Península
362774.0,2025-11-19T12:00:00.000+01:00,2025-11-19T11:00:00Z,2025-11-19T11:00:00.000Z,8741,Península
367100.0,2025-11-19T13:00:00.000+01:00,2025-11-19T12:00:00Z,2025-11-19T12:00:00.000Z,8741,Península
370721.0,2025-11-19T14:00:00.000+01:00,2025-11-19T13:00:00Z,2025-11-19T13:00:00.000Z,8741,Península
371048.0,2025-11-19T15:00:00.000+01:00,2025-11-19T14:00:00Z,2025-11-19T14:00:00.000Z,8741,Península
371074.0,2025-11-19T16:00:00.000+01:00,2025-11-19T15:00:00Z,2025-11-19T15:00:00.000Z,8741,Península
381773.0,2025-11-19T17:00:00.000+01:00,2025-11-19T16:00:00Z,2025-11-19T16:00:00.000Z,8741,Península
402566.0,2025-11-19T18:00:00.000+01:00,2025-11-19T17:00:00Z,2025-11-19T17:00:00.000Z,8741,Península
412000.0,2025-11-19T19:00:00.000+01:00,2025-11-19T18:00:00Z,2025-11-19T18:00:00.000Z,8741,Península
419997.0,2025-11-19T20:00:00.000+01:00,2025-11-19T19:00:00Z,2025-11-19T19:00:00.000Z,8741,Península
408268.0,2025-11-19T21:00:00.000+01:00,2025-11-19T20:00:00Z,2025-11-19T20:00:00.000Z,8741,Península
368065.0,2025-11-19T22:00:00.000+01:00,2025-11-19T21:00:00Z,2025-11-19T21:00:00.000Z,8741,Península
331937.0,2025-11-19T23:00:00.000+01:00,2025-11-19T22:00:00Z,2025-11-19T22:00:00.000Z,8741,Península
304409.0,2025-11-20T00:00:00.000+01:00,2025-11-19T23:00:00Z,2025-11-19T23:00:00.000Z,8741,Península
285048.0,2025-11-20T01:00:00.000+01:00,2025-11-20T00:00:00Z,2025-11-20T00:00:00.000Z,8741,Península
274408.0,2025-11-20T02:00:00.000+01:00,2025-11-20T01:00:00Z,2025-11-20T01:00:00.000Z,8741,Península
269368.0,2025-11-20T03:00:00.000+01:00,2025-11-20T02:00:00Z,2025-11-20T02:00:00.000Z,8741,Península
267386.0,2025-11-20T04:00:00.000+01:00,2025-11-20T03:00:00Z,2025-11-20T03:00:00.000Z,8741,Península
277770.0,2025-11-20T05:00:00.000+01:00,2025-11-20T04:00:00Z,2025-11-20T04:00:00.000Z,8741,Península
313885.0,2025-11-20T06:00:00.000+01:00,2025-11-20T05:00:00Z,2025-11-20T05:00:00.000Z,8741,Península
366801.0,2025-11-20T07:00:00.000+01:00,2025-11-20T06:00:00Z,2025-11-20T06:00:00.000Z,8741,Península
393077.0,2025-11-20T08:00:00.000+01:00,2025-11-20T07:00:00Z,2025-11-20T07:00:00.000Z,8741,Península
391474.0,2025-11-20T09:00:00.000+01:00,2025-11-20T08:00:00Z,2025-11-20T08:00:00.000Z,8741,Península
386625.0,2025-11-20T10:00:00.000+01:00,2025-11-20T09:00:00Z,2025-11-20T09:00:00.000Z,8741,Península
375751.0,2025-11-20T11:00:00.000+01:00,2025-11-20T10:00:00Z,2025-11-20T10:00:00.000Z,8741,Península
368969.0,2025-11-20T12:00:00.000+01:00,2025-11-20T11:00:00Z,2025-11-20T11:00:00.000Z,8741,Península
370601.0,2025-11-20T13:00:00.000+01:00,2025-11-20T12:00:00Z,2025-11-20T12:00:00.000Z,8741,Península
371088.0,2025-11-20T14:00:00.000+01:00,2025-11-20T13:00:00Z,2025-11-20T13:00:00.000Z,8741,Península
374199.0,2025-11-20T15:00:00.000+01:00,2025-11-20T14:00:00Z,2025-11-20T14:00:00.000Z,8741,Península
379524.0,2025-11-20T16:00:00.000+01:00,2025-11-20T15:00:00Z,2025-11-20T15:00:00.000Z,8741,Península
392900.0,2025-11-20T17:00:00.000+01:00,2025-11-20T16:00:00Z,2025-11-20T16:00:00.000Z,8741,Península
412675.0,2025-11-20T18:00:00.000+01:00,2025-11-20T17:00:00Z,2025-11-20T17:00:00.000Z,8741,Península
422574.0,2025-11-20T19:00:00.000+01:00,2025-11-20T18:00:00Z,2025-11-20T18:00:00.000Z,8741,Península
431095.0,2025-11-20T20:00:00.000+01:00,2025-11-20T19:00:00Z,2025-11-20T19:00:00.000Z,8741,Península
420121.0,2025-11-20T21:00:00.000+01:00,2025-11-20T20:00:00Z,2025-11-20T20:00:00.000Z,8741,Península
379157.0,2025-11-20T22:00:00.000+01:00,2025-11-20T21:00:00Z,2025-11-20T21:00:00.000Z,8741,Península
339037.0,2025-11-20T23:00:00.000+01:00,2025-11-20T22:00:00Z,2025-11-20T22:00:00.000Z,8741,Península
310055.0,2025-11-21T00:00:00.000+01:00,2025-11-20T23:00:00Z,2025-11-20T23:00:00.000Z,8741,Península
288143.0,2025-11-21T01:00:00.000+01:00,2025-11-21T00:00:00Z,2025-11-21T00:00:00.000Z,8741,Península
274546.0,2025-11-21T02:00:00.000+01:00,2025-11-21T01:00:00Z,2025-11-21T01:00:00.000Z,8741,Península
270683.0,2025-11-21T03:00:00.000+01:00,2025-11-21T02:00:00Z,2025-11-21T02:00:00.000Z,8741,Península
272087.0,2025-11-21T04:00:00.000+01:00,2025-11-21T03:00:00Z,2025-11-21T03:00:00.000Z,8741,Península
282215.0,2025-11-21T05:00:00.000+01:00,2025-11-21T04:00:00Z,2025-11-21T04:00:00.000Z,8741,Península
319375.0,2025-11-21T06:00:00.000+01:00,2025-11-21T05:00:00Z,2025-11-21T05:00:00.000Z,8741,Península
374906.0,2025-11-21T07:00:00.000+01:00,2025-11-21T06:00:00Z,2025-11-21T06:00:00.000Z,8741,Península
399823.0,2025-11-21T08:00:00.000+01:00,2025-11-21T07:00:00Z,2025-11-21T07:00:00.000Z,8741,Península
397931.0,2025-11-21T09:00:00.000+01:00,2025-11-21T08:00:00Z,2025-11-21T08:00:00.000Z,8741,Península
392515.0,2025-11-21T10:00:00.000+01:00,2025-11-21T09:00:00Z,2025-11-21T09:00:00.000Z,8741,Península
382511.0,2025-11-21T11:00:00.000+01:00,2025-11-21T10:00:00Z,2025-11-21T10:00:00.000Z,8741,Península
378124.0,2025-11-21T12:00:00.000+01:00,2025-11-21T11:00:00Z,2025-11-21T11:00:00.000Z,8741,Península
378698.0,2025-11-21T13:00:00.000+01:00,2025-11-21T12:00:00Z,2025-11-21T12:00:00.000Z,8741,Península
380593.0,2025-11-21T14:00:00.000+01:00,2025-11-21T13:00:00Z,2025-11-21T13:00:00.000Z,8741,Península
384313.0,2025-11-21T15:00:00.000+01:00,2025-11-21T14:00:00Z,2025-11-21T14:00:00.000Z,8741,Península
387582.0,2025-11-21T16:00:00.000+01:00,2025-11-21T15:00:00Z,2025-11-21T15:00:00.000Z,8741,Península
402266.0,2025-11-21T17:00:00.000+01:00,2025-11-21T16:00:00Z,2025-11-21T16:00:00.000Z,8741,Península
421558.0,2025-11-21T18:00:00.000+01:00,2025-11-21T17:00:00Z,2025-11-21T17:00:00.000Z,8741,Península
428301.0,2025-11-21T19:00:00.000+01:00,2025-11-21T18:00:00Z,2025-11-21T18:00:00.000Z,8741,Península
428343.0,2025-11-21T20:00:00.000+01:00,2025-11-21T19:00:00Z,2025-11-21T19:00:00.000Z,8741,Península
418888.0,2025-11-21T21:00:00.000+01:00,2025-11-21T20:00:00Z,2025-11-21T20:00:00.000Z,8741,Península
382033.0,2025-11-21T22:00:00.000+01:00,2025-11-21T21:00:00Z,2025-11-21T21:00:00.000Z,8741,Península
349210.0,2025-11-21T23:00:00.000+01:00,2025-11-21T22:00:00Z,2025-11-21T22:00:00.000Z,8741,Península
321960.0,2025-11-22T00:00:00.000+01:00,2025-11-21T23:00:00Z,2025-11-21T23:00:00.000Z,8741,Península
299281.0,2025-11-22T01:00:00.000+01:00,2025-11-22T00:00:00Z,2025-11-22T00:00:00.000Z,8741,Península
283134.0,2025-11-22T02:00:00.000+01:00,2025-11-22T01:00:00Z,2025-11-22T01:00:00.000Z,8741,Península
272952.0,2025-11-22T03:00:00.000+01:00,2025-11-22T02:00:00Z,2025-11-22T02:00:00.000Z,8741,Península
267955.0,2025-11-22T04:00:00.000+01:00,2025-11-22T03:00:00Z,2025-11-22T03:00:00.000Z,8741,Península
268504.0,2025-11-22T05:00:00.000+01:00,2025-11-22T04:00:00Z,2025-11-22T04:00:00.000Z,8741,Península
277104.0,2025-11-22T06:00:00.000+01:00,2025-11-22T05:00:00Z,2025-11-22T05:00:00.000Z,8741,Península
297761.0,2025-11-22T07:00:00.000+01:00,2025-11-22T06:00:00Z,2025-11-22T06:00:00.000Z,8741,Península
316277.0,2025-11-22T08:00:00.000+01:00,2025-11-22T07:00:00Z,2025-11-22T07:00:00.000Z,8741,Península
335099.0,2025-11-22T09:00:00.000+01:00,2025-11-22T08:00:00Z,2025-11-22T08:00:00.000Z,8741,Península
341327.0,2025-11-22T10:00:00.000+01:00,2025-11-22T09:00:00Z,2025-11-22T09:00:00.000Z,8741,Península
336229.0,2025-11-22T11:00:00.000+01:00,2025-11-22T10:00:00Z,2025-11-22T10:00:00.000Z,8741,Península
330072.0,2025-11-22T12:00:00.000+01:00,2025-11-22T11:00:00Z,2025-11-22T11:00:00.000Z,8741,Península
330390.0,2025-11-22T13:00:00.000+01:00,2025-11-22T12:00:00Z,2025-11-22T12:00:00.000Z,8741,Península
333983.0,2025-11-22T14:00:00.000+01:00,2025-11-22T13:00:00Z,2025-11-22T13:00:00.000Z,8741,Península
333489.0,2025-11-22T15:00:00.000+01:00,2025-11-22T14:00:00Z,2025-11-22T14:00:00.000Z,8741,Península
334817.0,2025-11-22T16:00:00.000+01:00,2025-11-22T15:00:00Z,2025-11-22T15:00:00.000Z,8741,Península
345007.0,2025-11-22T17:00:00.000+01:00,2025-11-22T16:00:00Z,2025-11-22T16:00:00.000Z,8741,Península
365153.0,2025-11-22T18:00:00.000+01:00,2025-11-22T17:00:00Z,2025-11-22T17:00:00.000Z,8741,Península
372753.0,2025-11-22T19:00:00.000+01:00,2025-11-22T18:00:00Z,2025-11-22T18:00:00.000Z,8741,Península
380354.0,2025-11-22T20:00:00.000+01:00,2025-11-22T19:00:00Z,2025-11-22T19:00:00.000Z,8741,Península
375232.0,2025-11-22T21:00:00.000+01:00,2025-11-22T20:00:00Z,2025-11-22T20:00:00.000Z,8741,Península
349989.0,2025-11-22T22:00:00.000+01:00,2025-11-22T21:00:00Z,2025-11-22T21:00:00.000Z,8741,Península
324097.0,2025-11-22T23:00:00.000+01:00,2025-11-22T22:00:00Z,2025-11-22T22:00:00.000Z,8741,Península
298230.0,2025-11-23T00:00:00.000+01:00,2025-11-22T23:00:00Z,2025-11-22T23:00:00.000Z,8741,Península
275383.0,2025-11-23T01:00:00.000+01:00,2025-11-23T00:00:00Z,2025-11-23T00:00:00.000Z,8741,Península
259435.0,2025-11-23T02:00:00.000+01:00,2025-11-23T01:00:00Z,2025-11-23T01:00:00.000Z,8741,Península
248094.0,2025-11-23T03:00:00.000+01:00,2025-11-23T02:00:00Z,2025-11-23T02:00:00.000Z,8741,Península
243799.0,2025-11-23T04:00:00.000+01:00,2025-11-23T03:00:00Z,2025-11-23T03:00:00.000Z,8741,Península
244932.0,2025-11-23T05:00:00.000+01:00,2025-11-23T04:00:00Z,2025-11-23T04:00:00.000Z,8741,Península
251683.0,2025-11-23T06:00:00.000+01:00,2025-11-23T05:00:00Z,2025-11-23T05:00:00.000Z,8741,Península
262998.0,2025-11-23T07:00:00.000+01:00,2025-11-23T06:00:00Z,2025-11-23T06:00:00.000Z,8741,Península
273228.0,2025-11-23T08:00:00.000+01:00,2025-11-23T07:00:00Z,2025-11-23T07:00:00.000Z,8741,Península
292145.0,2025-11-23T09:00:00.000+01:00,2025-11-23T08:00:00Z,2025-11-23T08:00:00.000Z,8741,Península
306231.0,2025-11-23T10:00:00.000+01:00,2025-11-23T09:00:00Z,2025-11-23T09:00:00.000Z,8741,Península
310640.0,2025-11-23T11:00:00.000+01:00,2025-11-23T10:00:00Z,2025-11-23T10:00:00.000Z,8741,Península
308003.0,2025-11-23T12:00:00.000+01:00,2025-11-23T11:00:00Z,2025-11-23T11:00:00.000Z,8741,Península
315946.0,2025-11-23T13:00:00.000+01:00,2025-11-23T12:00:00Z,2025-11-23T12:00:00.000Z,8741,Península
321307.0,2025-11-23T14:00:00.000+01:00,2025-11-23T13:00:00Z,2025-11-23T13:00:00.000Z,8741,Península
317380.0,2025-11-23T15:00:00.000+01:00,2025-11-23T14:00:00Z,2025-11-23T14:00:00.000Z,8741,Península
316742.0,2025-11-23T16:00:00.000+01:00,2025-11-23T15:00:00Z,2025-11-23T15:00:00.000Z,8741,Península
327875.0,2025-11-23T17:00:00.000+01:00,2025-11-23T16:00:00Z,2025-11-23T16:00:00.000Z,8741,Península
353397.0,2025-11-23T18:00:00.000+01:00,2025-11-23T17:00:00Z,2025-11-23T17:00:00.000Z,8741,Península
365472.0,2025-11-23T19:00:00.000+01:00,2025-11-23T18:00:00Z,2025-11-23T18:00:00.000Z,8741,Península
376001.0,2025-11-23T20:00:00.000+01:00,2025-11-23T19:00:00Z,2025-11-23T19:00:00.000Z,8741,Península
373822.0,2025-11-23T21:00:00.000+01:00,2025-11-23T20:00:00Z,2025-11-23T20:00:00.000Z,8741,Península
345895.0,2025-11-23T22:00:00.000+01:00,2025-11-23T21:00:00Z,2025-11-23T21:00:00.000Z,8741,Península
311809.0,2025-11-23T23:00:00.000+01:00,2025-11-23T22:00:00Z,2025-11-23T22:00:00.000Z,8741,Península
282342.0,2025-11-24T00:00:00.000+01:00,2025-11-23T23:00:00Z,2025-11-23T23:00:00.000Z,8741,Península
263670.0,2025-11-24T01:00:00.000+01:00,2025-11-24T00:00:00Z,2025-11-24T00:00:00.000Z,8741,Península
254047.0,2025-11-24T02:00:00.000+01:00,2025-11-24T01:00:00Z,2025-11-24T01:00:00.000Z,8741,Península
249077.0,2025-11-24T03:00:00.000+01:00,2025-11-24T02:00:00Z,2025-11-24T02:00:00.000Z,8741,Península
249359.0,2025-11-24T04:00:00.000+01:00,2025-11-24T03:00:00Z,2025-11-24T03:00:00.000Z,8741,Península
261405.0,2025-11-24T05:00:00.000+01:00,2025-11-24T04:00:00Z,2025-11-24T04:00:00.000Z,8741,Península
301568.0,2025-11-24T06:00:00.000+01:00,2025-11-24T05:00:00Z,2025-11-24T05:00:00.000Z,8741,Península
358938.0,2025-11-24T07:00:00.000+01:00,2025-11-24T06:00:00Z,2025-11-24T06:00:00.000Z,8741,Península
389368.0,2025-11-24T08:00:00.000+01:00,2025-11-24T07:00:00Z,2025-11-24T07:00:00.000Z,8741,Península
391418.0,2025-11-24T09:00:00.000+01:00,2025-11-24T08:00:00Z,2025-11-24T08:00:00.000Z,8741,Península
391015.0,2025-11-24T10:00:00.000+01:00,2025-11-24T09:00:00Z,2025-11-24T09:00:00.000Z,8741,Península
389592.0,2025-11-24T11:00:00.000+01:00,2025-11-24T10:00:00Z,2025-11-24T10:00:00.000Z,8741,Península
391918.0,2025-11-24T12:00:00.000+01:00,2025-11-24T11:00:00Z,2025-11-24T11:00:00.000Z,8741,Península
399024.0,2025-11-24T13:00:00.000+01:00,2025-11-24T12:00:00Z,2025-11-24T12:00:00.000Z,8741,Península
399950.0,2025-11-24T14:00:00.000+01:00,2025-11-24T13:00:00Z,2025-11-24T13:00:00.000Z,8741,Península
398803.0,2025-11-24T15:00:00.000+01:00,2025-11-24T14:00:00Z,2025-11-24T14:00:00.000Z,8741,Península
398459.0,2025-11-24T16:00:00.000+01:00,2025-11-24T15:00:00Z,2025-11-24T15:00:00.000Z,8741,Península
406312.0,2025-11-24T17:00:00.000+01:00,2025-11-24T16:00:00Z,2025-11-24T16:00:00.000Z,8741,Península
420593.0,2025-11-24T18:00:00.000+01:00,2025-11-24T17:00:00Z,2025-11-24T17:00:00.000Z,8741,Península
429400.0,2025-11-24T19:00:00.000+01:00,2025-11-24T18:00:00Z,2025-11-24T18:00:00.000Z,8741,Península
434475.0,2025-11-24T20:00:00.000+01:00,2025-11-24T19:00:00Z,2025-11-24T19:00:00.000Z,8741,Península
419746.0,2025-11-24T21:00:00.000+01:00,2025-11-24T20:00:00Z,2025-11-24T20:00:00.000Z,8741,Península
377924.0,2025-11-24T22:00:00.000+01:00,2025-11-24T21:00:00Z,2025-11-24T21:00:00.000Z,8741,Península
335706.0,2025-11-24T23:00:00.000+01:00,2025-11-24T22:00:00Z,2025-11-24T22:00:00.000Z,8741,Península
308169.0,2025-11-25T00:00:00.000+01:00,2025-11-24T23:00:00Z,2025-11-24T23:00:00.000Z,8741,Península
288954.0,2025-11-25T01:00:00.000+01:00,2025-11-25T00:00:00Z,2025-11-25T00:00:00.000Z,8741,Península
275398.0,2025-11-25T02:00:00.000+01:00,2025-11-25T01:00:00Z,2025-11-25T01:00:00.000Z,8741,Península
270668.0,2025-11-25T03:00:00.000+01:00,2025-11-25T02:00:00Z,2025-11-25T02:00:00.000Z,8741,Península
271312.0,2025-11-25T04:00:00.000+01:00,2025-11-25T03:00:00Z,2025-11-25T03:00:00.000Z,8741,Península
279154.0,2025-11-25T05:00:00.000+01:00,2025-11-25T04:00:00Z,2025-11-25T04:00:00.000Z,8741,Península
316440.0,2025-11-25T06:00:00.000+01:00,2025-11-25T05:00:00Z,2025-11-25T05:00:00.000Z,8741,Península
371269.0,2025-11-25T07:00:00.000+01:00,2025-11-25T06:00:00Z,2025-11-25T06:00:00.000Z,8741,Península
398137.0,2025-11-25T08:00:00.000+01:00,2025-11-25T07:00:00Z,2025-11-25T07:00:00.000Z,8741,Península
395646.0,2025-11-25T09:00:00.000+01:00,2025-11-25T08:00:00Z,2025-11-25T08:00:00.000Z,8741,Península
385293.0,2025-11-25T10:00:00.000+01:00,2025-11-25T09:00:00Z,2025-11-25T09:00:00.000Z,8741,Península
375753.0,2025-11-25T11:00:00.000+01:00,2025-11-25T10:00:00Z,2025-11-25T10:00:00.000Z,8741,Península
373544.0,2025-11-25T12:00:00.000+01:00,2025-11-25T11:00:00Z,2025-11-25T11:00:00.000Z,8741,Península
379237.0,2025-11-25T13:00:00.000+01:00,2025-11-25T12:00:00Z,2025-11-25T12:00:00.000Z,8741,Península
381584.0,2025-11-25T14:00:00.000+01:00,2025-11-25T13:00:00Z,2025-11-25T13:00:00.000Z,8741,Península
381131.0,2025-11-25T15:00:00.000+01:00,2025-11-25T14:00:00Z,2025-11-25T14:00:00.000Z,8741,Península
387082.0,2025-11-25T16:00:00.000+01:00,2025-11-25T15:00:00Z,2025-11-25T15:00:00.000Z,8741,Península
399891.0,2025-11-25T17:00:00.000+01:00,2025-11-25T16:00:00Z,2025-11-25T16:00:00.000Z,8741,Península
418590.0,2025-11-25T18:00:00.000+01:00,2025-11-25T17:00:00Z,2025-11-25T17:00:00.000Z,8741,Península
430948.0,2025-11-25T19:00:00.000+01:00,2025-11-25T18:00:00Z,2025-11-25T18:00:00.000Z,8741,Península
439863.0,2025-11-25T20:00:00.000+01:00,2025-11-25T19:00:00Z,2025-11-25T19:00:00.000Z,8741,Península
424844.0,2025-11-25T21:00:00.000+01:00,2025-11-25T20:00:00Z,2025-11-25T20:00:00.000Z,8741,Península
384902.0,2025-11-25T22:00:00.000+01:00,2025-11-25T21:00:00Z,2025-11-25T21:00:00.000Z,8741,Península
344452.0,2025-11-25T23:00:00.000+01:00,2025-11-25T22:00:00Z,2025-11-25T22:00:00.000Z,8741,Península
315765.0,2025-11-26T00:00:00.000+01:00,2025-11-25T23:00:00Z,2025-11-25T23:00:00.000Z,8741,Península
295872.0,2025-11-26T01:00:00.000+01:00,2025-11-26T00:00:00Z,2025-11-26T00:00:00.000Z,8741,Península
283179.0,2025-11-26T02:00:00.000+01:00,2025-11-26T01:00:00Z,2025-11-26T01:00:00.000Z,8741,Península
278429.0,2025-11-26T03:00:00.000+01:00,2025-11-26T02:00:00Z,2025-11-26T02:00:00.000Z,8741,Península
277371.0,2025-11-26T04:00:00.000+01:00,2025-11-26T03:00:00Z,2025-11-26T03:00:00.000Z,8741,Península
284431.0,2025-11-26T05:00:00.000+01:00,2025-11-26T04:00:00Z,2025-11-26T04:00:00.000Z,8741,Península
321449.0,2025-11-26T06:00:00.000+01:00,2025-11-26T05:00:00Z,2025-11-26T05:00:00.000Z,8741,Península
378583.0,2025-11-26T07:00:00.000+01:00,2025-11-26T06:00:00Z,2025-11-26T06:00:00.000Z,8741,Península
407830.0,2025-11-26T08:00:00.000+01:00,2025-11-26T07:00:00Z,2025-11-26T07:00:00.000Z,8741,Península
404934.0,2025-11-26T09:00:00.000+01:00,2025-11-26T08:00:00Z,2025-11-26T08:00:00.000Z,8741,Península
396913.0,2025-11-26T10:00:00.000+01:00,2025-11-26T09:00:00Z,2025-11-26T09:00:00.000Z,8741,Península
385765.0,2025-11-26T11:00:00.000+01:00,2025-11-26T10:00:00Z,2025-11-26T10:00:00.000Z,8741,Península
378350.0,2025-11-26T12:00:00.000+01:00,2025-11-26T11:00:00Z,2025-11-26T11:00:00.000Z,8741,Península
378566.0,2025-11-26T13:00:00.000+01:00,2025-11-26T12:00:00Z,2025-11-26T12:00:00.000Z,8741,Península
383075.0,2025-11-26T14:00:00.000+01:00,2025-11-26T13:00:00Z,2025-11-26T13:00:00.000Z,8741,Península
387424.0,2025-11-26T15:00:00.000+01:00,2025-11-26T14:00:00Z,2025-11-26T14:00:00.000Z,8741,Península
395716.0,2025-11-26T16:00:00.000+01:00,2025-11-26T15:00:00Z,2025-11-26T15:00:00.000Z,8741,Península
410698.0,2025-11-26T17:00:00.000+01:00,2025-11-26T16:00:00Z,2025-11-26T16:00:00.000Z,8741,Península
429786.0,2025-11-26T18:00:00.000+01:00,2025-11-26T17:00:00Z,2025-11-26T17:00:00.000Z,8741,Península
440492.0,2025-11-26T19:00:00.000+01:00,2025-11-26T18:00:00Z,2025-11-26T18:00:00.000Z,8741,Península
449356.0,2025-11-26T20:00:00.000+01:00,2025-11-26T19:00:00Z,2025-11-26T19:00:00.000Z,8741,Península
435293.0,2025-11-26T21:00:00.000+01:00,2025-11-26T20:00:00Z,2025-11-26T20:00:00.000Z,8741,Península
391968.0,2025-11-26T22:00:00.000+01:00,2025-11-26T21:00:00Z,2025-11-26T21:00:00.000Z,8741,Península
350261.0,2025-11-26T23:00:00.000+01:00,2025-11-26T22:00:00Z,2025-11-26T22:00:00.000Z,8741,Península
320364.0,2025-11-27T00:00:00.000+01:00,2025-11-26T23:00:00Z,2025-11-26T23:00:00.000Z,8741,Península
298201.0,2025-11-27T01:00:00.000+01:00,2025-11-27T00:00:00Z,2025-11-27T00:00:00.000Z,8741,Península
287030.0,2025-11-27T02:00:00.000+01:00,2025-11-27T01:00:00Z,2025-11-27T01:00:00.000Z,8741,Península
281621.0,2025-11-27T03:00:00.000+01:00,2025-11-27T02:00:00Z,2025-11-27T02:00:00.000Z,8741,Península
281318.0,2025-11-27T04:00:00.000+01:00,2025-11-27T03:00:00Z,2025-11-27T03:00:00.000Z,8741,Península
290323.0,2025-11-27T05:00:00.000+01:00,2025-11-27T04:00:00Z,2025-11-27T04:00:00.000Z,8741,Península
326550.0,2025-11-27T06:00:00.000+01:00,2025-11-27T05:00:00Z,2025-11-27T05:00:00.000Z,8741,Península
385257.0,2025-11-27T07:00:00.000+01:00,2025-11-27T06:00:00Z,2025-11-27T06:00:00.000Z,8741,Península
415774.0,2025-11-27T08:00:00.000+01:00,2025-11-27T07:00:00Z,2025-11-27T07:00:00.000Z,8741,Península
412571.0,2025-11-27T09:00:00.000+01:00,2025-11-27T08:00:00Z,2025-11-27T08:00:00.000Z,8741,Península
404964.0,2025-11-27T10:00:00.000+01:00,2025-11-27T09:00:00Z,2025-11-27T09:00:00.000Z,8741,Península
392142.0,2025-11-27T11:00:00.000+01:00,2025-11-27T10:00:00Z,2025-11-27T10:00:00.000Z,8741,Península
384090.0,2025-11-27T12:00:00.000+01:00,2025-11-27T11:00:00Z,2025-11-27T11:00:00.000Z,8741,Península
383486.0,2025-11-27T13:00:00.000+01:00,2025-11-27T12:00:00Z,2025-11-27T12:00:00.000Z,8741,Península
384964.0,2025-11-27T14:00:00.000+01:00,2025-11-27T13:00:00Z,2025-11-27T13:00:00.000Z,8741,Península
391500.0,2025-11-27T15:00:00.000+01:00,2025-11-27T14:00:00Z,2025-11-27T14:00:00.000Z,8741,Península
396547.0,2025-11-27T16:00:00.000+01:00,2025-11-27T15:00:00Z,2025-11-27T15:00:00.000Z,8741,Península
410308.0,2025-11-27T17:00:00.000+01:00,2025-11-27T16:00:00Z,2025-11-27T16:00:00.000Z,8741,Península
433313.0,2025-11-27T18:00:00.000+01:00,2025-11-27T17:00:00Z,2025-11-27T17:00:00.000Z,8741,Península
444390.0,2025-11-27T19:00:00.000+01:00,2025-11-27T18:00:00Z,2025-11-27T18:00:00.000Z,8741,Península
452737.0,2025-11-27T20:00:00.000+01:00,2025-11-27T19:00:00Z,2025-11-27T19:00:00.000Z,8741,Península
440660.0,2025-11-27T21:00:00.000+01:00,2025-11-27T20:00:00Z,2025-11-27T20:00:00.000Z,8741,Península
401314.0,2025-11-27T22:00:00.000+01:00,2025-11-27T21:00:00Z,2025-11-27T21:00:00.000Z,8741,Península
358330.0,2025-11-27T23:00:00.000+01:00,2025-11-27T22:00:00Z,2025-11-27T22:00:00.000Z,8741,Península
329030.0,2025-11-28T00:00:00.000+01:00,2025-11-27T23:00:00Z,2025-11-27T23:00:00.000Z,8741,Península
305735.0,2025-11-28T01:00:00.000+01:00,2025-11-28T00:00:00Z,2025-11-28T00:00:00.000Z,8741,Península
288982.0,2025-11-28T02:00:00.000+01:00,2025-11-28T01:00:00Z,2025-11-28T01:00:00.000Z,8741,Península
282915.0,2025-11-28T03:00:00.000+01:00,2025-11-28T02:00:00Z,2025-11-28T02:00:00.000Z,8741,Península
281972.0,2025-11-28T04:00:00.000+01:00,2025-11-28T03:00:00Z,2025-11-28T03:00:00.000Z,8741,Península
290392.0,2025-11-28T05:00:00.000+01:00,2025-11-28T04:00:00Z,2025-11-28T04:00:00.000Z,8741,Península
329798.0,2025-11-28T06:00:00.000+01:00,2025-11-28T05:00:00Z,2025-11-28T05:00:00.000Z,8741,Península
388797.0,2025-11-28T07:00:00.000+01:00,2025-11-28T06:00:00Z,2025-11-28T06:00:00.000Z,8741,Península
418631.0,2025-11-28T08:00:00.000+01:00,2025-11-28T07:00:00Z,2025-11-28T07:00:00.000Z,8741,Península
419680.0,2025-11-28T09:00:00.000+01:00,2025-11-28T08:00:00Z,2025-11-28T08:00:00.000Z,8741,Península
411922.0,2025-11-28T10:00:00.000+01:00,2025-11-28T09:00:00Z,2025-11-28T09:00:00.000Z,8741,Península
396737.0,2025-11-28T11:00:00.000+01:00,2025-11-28T10:00:00Z,2025-11-28T10:00:00.000Z,8741,Península
386589.0,2025-11-28T12:00:00.000+01:00,2025-11-28T11:00:00Z,2025-11-28T11:00:00.000Z,8741,Península
382390.0,2025-11-28T13:00:00.000+01:00,2025-11-28T12:00:00Z,2025-11-28T12:00:00.000Z,8741,Península
382079.0,2025-11-28T14:00:00.000+01:00,2025-11-28T13:00:00Z,2025-11-28T13:00:00.000Z,8741,Península
383451.0,2025-11-28T15:00:00.000+01:00,2025-11-28T14:00:00Z,2025-11-28T14:00:00.000Z,8741,Península
390342.0,2025-11-28T16:00:00.000+01:00,2025-11-28T15:00:00Z,2025-11-28T15:00:00.000Z,8741,Península
401739.0,2025-11-28T17:00:00.000+01:00,2025-11-28T16:00:00Z,2025-11-28T16:00:00.000Z,8741,Península
423008.0,2025-11-28T18:00:00.000+01:00,2025-11-28T17:00:00Z,2025-11-28T17:00:00.000Z,8741,Península
427477.0,2025-11-28T19:00:00.000+01:00,2025-11-28T18:00:00Z,2025-11-28T18:00:00.000Z,8741,Península
430048.0,2025-11-28T20:00:00.000+01:00,2025-11-28T19:00:00Z,2025-11-28T19:00:00.000Z,8741,Península
421767.0,2025-11-28T21:00:00.000+01:00,2025-11-28T20:00:00Z,2025-11-28T20:00:00.000Z,8741,Península
391064.0,2025-11-28T22:00:00.000+01:00,2025-11-28T21:00:00Z,2025-11-28T21:00:00.000Z,8741,Península
359324.0,2025-11-28T23:00:00.000+01:00,2025-11-28T22:00:00Z,2025-11-28T22:00:00.000Z,8741,Península
330592.0,2025-11-29T00:00:00.000+01:00,2025-11-28T23:00:00Z,2025-11-28T23:00:00.000Z,8741,Península
305908.0,2025-11-29T01:00:00.000+01:00,2025-11-29T00:00:00Z,2025-11-29T00:00:00.000Z,8741,Península
286221.0,2025-11-29T02:00:00.000+01:00,2025-11-29T01:00:00Z,2025-11-29T01:00:00.000Z,8741,Península
276540.0,2025-11-29T03:00:00.000+01:00,2025-11-29T02:00:00Z,2025-11-29T02:00:00.000Z,8741,Península
272498.0,2025-11-29T04:00:00.000+01:00,2025-11-29T03:00:00Z,2025-11-29T03:00:00.000Z,8741,Península
272595.0,2025-11-29T05:00:00.000+01:00,2025-11-29T04:00:00Z,2025-11-29T04:00:00.000Z,8741,Península
284332.0,2025-11-29T06:00:00.000+01:00,2025-11-29T05:00:00Z,2025-11-29T05:00:00.000Z,8741,Península
303601.0,2025-11-29T07:00:00.000+01:00,2025-11-29T06:00:00Z,2025-11-29T06:00:00.000Z,8741,Península
322595.0,2025-11-29T08:00:00.000+01:00,2025-11-29T07:00:00Z,2025-11-29T07:00:00.000Z,8741,Península
337924.0,2025-11-29T09:00:00.000+01:00,2025-11-29T08:00:00Z,2025-11-29T08:00:00.000Z,8741,Península
346292.0,2025-11-29T10:00:00.000+01:00,2025-11-29T09:00:00Z,2025-11-29T09:00:00.000Z,8741,Península
340486.0,2025-11-29T11:00:00.000+01:00,2025-11-29T10:00:00Z,2025-11-29T10:00:00.000Z,8741,Península
334218.0,2025-11-29T12:00:00.000+01:00,2025-11-29T11:00:00Z,2025-11-29T11:00:00.000Z,8741,Península
335438.0,2025-11-29T13:00:00.000+01:00,2025-11-29T12:00:00Z,2025-11-29T12:00:00.000Z,8741,Península
338030.0,2025-11-29T14:00:00.000+01:00,2025-11-29T13:00:00Z,2025-11-29T13:00:00.000Z,8741,Península
337435.0,2025-11-29T15:00:00.000+01:00,2025-11-29T14:00:00Z,2025-11-29T14:00:00.000Z,8741,Península
338061.0,2025-11-29T16:00:00.000+01:00,2025-11-29T15:00:00Z,2025-11-29T15:00:00.000Z,8741,Península
347266.0,2025-11-29T17:00:00.000+01:00,2025-11-29T16:00:00Z,2025-11-29T16:00:00.000Z,8741,Península
366029.0,2025-11-29T18:00:00.000+01:00,2025-11-29T17:00:00Z,2025-11-29T17:00:00.000Z,8741,Península
371168.0,2025-11-29T19:00:00.000+01:00,2025-11-29T18:00:00Z,2025-11-29T18:00:00.000Z,8741,Península
374396.0,2025-11-29T20:00:00.000+01:00,2025-11-29T19:00:00Z,2025-11-29T19:00:00.000Z,8741,Península
373943.0,2025-11-29T21:00:00.000+01:00,2025-11-29T20:00:00Z,2025-11-29T20:00:00.000Z,8741,Península
351104.0,2025-11-29T22:00:00.000+01:00,2025-11-29T21:00:00Z,2025-11-29T21:00:00.000Z,8741,Península
324646.0,2025-11-29T23:00:00.000+01:00,2025-11-29T22:00:00Z,2025-11-29T22:00:00.000Z,8741,Península
299353.0,2025-11-30T00:00:00.000+01:00,2025-11-29T23:00:00Z,2025-11-29T23:00:00.000Z,8741,Península
275911.0,2025-11-30T01:00:00.000+01:00,2025-11-30T00:00:00Z,2025-11-30T00:00:00.000Z,8741,Península
259397.0,2025-11-30T02:00:00.000+01:00,2025-11-30T01:00:00Z,2025-11-30T01:00:00.000Z,8741,Península
249201.0,2025-11-30T03:00:00.000+01:00,2025-11-30T02:00:00Z,2025-11-30T02:00:00.000Z,8741,Península
240579.0,2025-11-30T04:00:00.000+01:00,2025-11-30T03:00:00Z,2025-11-30T03:00:00.000Z,8741,Península
238367.0,2025-11-30T05:00:00.000+01:00,2025-11-30T04:00:00Z,2025-11-30T04:00:00.000Z,8741,Península
245373.0,2025-11-30T06:00:00.000+01:00,2025-11-30T05:00:00Z,2025-11-30T05:00:00.000Z,8741,Península
256232.0,2025-11-30T07:00:00.000+01:00,2025-11-30T06:00:00Z,2025-11-30T06:00:00.000Z,8741,Península
270424.0,2025-11-30T08:00:00.000+01:00,2025-11-30T07:00:00Z,2025-11-30T07:00:00.000Z,8741,Península
298304.0,2025-11-30T09:00:00.000+01:00,2025-11-30T08:00:00Z,2025-11-30T08:00:00.000Z,8741,Península
318195.0,2025-11-30T10:00:00.000+01:00,2025-11-30T09:00:00Z,2025-11-30T09:00:00.000Z,8741,Península
322471.0,2025-11-30T11:00:00.000+01:00,2025-11-30T10:00:00Z,2025-11-30T10:00:00.000Z,8741,Península
322856.0,2025-11-30T12:00:00.000+01:00,2025-11-30T11:00:00Z,2025-11-30T11:00:00.000Z,8741,Península
328927.0,2025-11-30T13:00:00.000+01:00,2025-11-30T12:00:00Z,2025-11-30T12:00:00.000Z,8741,Península
332018.0,2025-11-30T14:00:00.000+01:00,2025-11-30T13:00:00Z,2025-11-30T13:00:00.000Z,8741,Península
325308.0,2025-11-30T15:00:00.000+01:00,2025-11-30T14:00:00Z,2025-11-30T14:00:00.000Z,8741,Península
321324.0,2025-11-30T16:00:00.000+01:00,2025-11-30T15:00:00Z,2025-11-30T15:00:00.000Z,8741,Península
330176.0,2025-11-30T17:00:00.000+01:00,2025-11-30T16:00:00Z,2025-11-30T16:00:00.000Z,8741,Península
356021.0,2025-11-30T18:00:00.000+01:00,2025-11-30T17:00:00Z,2025-11-30T17:00:00.000Z,8741,Península
369574.0,2025-11-30T19:00:00.000+01:00,2025-11-30T18:00:00Z,2025-11-30T18:00:00.000Z,8741,Península
381924.0,2025-11-30T20:00:00.000+01:00,2025-11-30T19:00:00Z,2025-11-30T19:00:00.000Z,8741,Península
380578.0,2025-11-30T21:00:00.000+01:00,2025-11-30T20:00:00Z,2025-11-30T20:00:00.000Z,8741,Península
355711.0,2025-11-30T22:00:00.000+01:00,2025-11-30T21:00:00Z,2025-11-30T21:00:00.000Z,8741,Península
322683.0,2025-11-30T23:00:00.000+01:00,2025-11-30T22:00:00Z,2025-11-30T22:00:00.000Z,8741,Península
294272.0,2025-12-01T00:00:00.000+01:00,2025-11-30T23:00:00Z,2025-11-30T23:00:00.000Z,8741,Península
275378.0,2025-12-01T01:00:00.000+01:00,2025-12-01T00:00:00Z,2025-12-01T00:00:00.000Z,8741,Península
264391.0,2025-12-01T02:00:00.000+01:00,2025-12-01T01:00:00Z,2025-12-01T01:00:00.000Z,8741,Península
261181.0,2025-12-01T03:00:00.000+01:00,2025-12-01T02:00:00Z,2025-12-01T02:00:00.000Z,8741,Península
263910.0,2025-12-01T04:00:00.000+01:00,2025-12-01T03:00:00Z,2025-12-01T03:00:00.000Z,8741,Península
275202.0,2025-12-01T05:00:00.000+01:00,2025-12-01T04:00:00Z,2025-12-01T04:00:00.000Z,8741,Península
317527.0,2025-12-01T06:00:00.000+01:00,2025-12-01T05:00:00Z,2025-12-01T05:00:00.000Z,8741,Península
380498.0,2025-12-01T07:00:00.000+01:00,2025-12-01T06:00:00Z,2025-12-01T06:00:00.000Z,8741,Península
413918.0,2025-12-01T08:00:00.000+01:00,2025-12-01T07:00:00Z,2025-12-01T07:00:00.000Z,8741,Península
415457.0,2025-12-01T09:00:00.000+01:00,2025-12-01T08:00:00Z,2025-12-01T08:00:00.000Z,8741,Península
409971.0,2025-12-01T10:00:00.000+01:00,2025-12-01T09:00:00Z,2025-12-01T09:00:00.000Z,8741,Península
399537.0,2025-12-01T11:00:00.000+01:00,2025-12-01T10:00:00Z,2025-12-01T10:00:00.000Z,8741,Península
390235.0,2025-12-01T12:00:00.000+01:00,2025-12-01T11:00:00Z,2025-12-01T11:00:00.000Z,8741,Península
390130.0,2025-12-01T13:00:00.000+01:00,2025-12-01T12:00:00Z,2025-12-01T12:00:00.000Z,8741,Península
391757.0,2025-12-01T14:00:00.000+01:00,2025-12-01T13:00:00Z,2025-12-01T13:00:00.000Z,8741,Península
396014.0,2025-12-01T15:00:00.000+01:00,2025-12-01T14:00:00Z,2025-12-01T14:00:00.000Z,8741,Península
402083.0,2025-12-01T16:00:00.000+01:00,2025-12-01T15:00:00Z,2025-12-01T15:00:00.000Z,8741,Península
416194.0,2025-12-01T17:00:00.000+01:00,2025-12-01T16:00:00Z,2025-12-01T16:00:00.000Z,8741,Península
436172.0,2025-12-01T18:00:00.000+01:00,2025-12-01T17:00:00Z,2025-12-01T17:00:00.000Z,8741,Península
445775.0,2025-12-01T19:00:00.000+01:00,2025-12-01T18:00:00Z,2025-12-01T18:00:00.000Z,8741,Península
456521.0,2025-12-01T20:00:00.000+01:00,2025-12-01T19:00:00Z,2025-12-01T19:00:00.000Z,8741,Península
442586.0,2025-12-01T21:00:00.000+01:00,2025-12-01T20:00:00Z,2025-12-01T20:00:00.000Z,8741,Península
395109.0,2025-12-01T22:00:00.000+01:00,2025-12-01T21:00:00Z,2025-12-01T21:00:00.000Z,8741,Península
349791.0,2025-12-01T23:00:00.000+01:00,2025-12-01T22:00:00Z,2025-12-01T22:00:00.000Z,8741,Península
320806.0,2025-12-02T00:00:00.000+01:00,2025-12-01T23:00:00Z,2025-12-01T23:00:00.000Z,8741,Península
299785.0,2025-12-02T01:00:00.000+01:00,2025-12-02T00:00:00Z,2025-12-02T00:00:00.000Z,8741,Península
287087.0,2025-12-02T02:00:00.000+01:00,2025-12-02T01:00:00Z,2025-12-02T01:00:00.000Z,8741,Península
280815.0,2025-12-02T03:00:00.000+01:00,2025-12-02T02:00:00Z,2025-12-02T02:00:00.000Z,8741,Península
279358.0,2025-12-02T04:00:00.000+01:00,2025-12-02T03:00:00Z,2025-12-02T03:00:00.000Z,8741,Península
288472.0,2025-12-02T05:00:00.000+01:00,2025-12-02T04:00:00Z,2025-12-02T04:00:00.000Z,8741,Península
327128.0,2025-12-02T06:00:00.000+01:00,2025-12-02T05:00:00Z,2025-12-02T05:00:00.000Z,8741,Península
383095.0,2025-12-02T07:00:00.000+01:00,2025-12-02T06:00:00Z,2025-12-02T06:00:00.000Z,8741,Península
413385.0,2025-12-02T08:00:00.000+01:00,2025-12-02T07:00:00Z,2025-12-02T07:00:00.000Z,8741,Península
420348.0,2025-12-02T09:00:00.000+01:00,2025-12-02T08:00:00Z,2025-12-02T08:00:00.000Z,8741,Península
416498.0,2025-12-02T10:00:00.000+01:00,2025-12-02T09:00:00Z,2025-12-02T09:00:00.000Z,8741,Península
409127.0,2025-12-02T11:00:00.000+01:00,2025-12-02T10:00:00Z,2025-12-02T10:00:00.000Z,8741,Península
403496.0,2025-12-02T12:00:00.000+01:00,2025-12-02T11:00:00Z,2025-12-02T11:00:00.000Z,8741,Península
403763.0,2025-12-02T13:00:00.000+01:00,2025-12-02T12:00:00Z,2025-12-02T12:00:00.000Z,8741,Península
402496.0,2025-12-02T14:00:00.000+01:00,2025-12-02T13:00:00Z,2025-12-02T13:00:00.000Z,8741,Península
405084.0,2025-12-02T15:00:00.000+01:00,2025-12-02T14:00:00Z,2025-12-02T14:00:00.000Z,8741,Península
405632.0,2025-12-02T16:00:00.000+01:00,2025-12-02T15:00:00Z,2025-12-02T15:00:00.000Z,8741,Península
415549.0,2025-12-02T17:00:00.000+01:00,2025-12-02T16:00:00Z,2025-12-02T16:00:00.000Z,8741,Península
431353.0,2025-12-02T18:00:00.000+01:00,2025-12-02T17:00:00Z,2025-12-02T17:00:00.000Z,8741,Península
439781.0,2025-12-02T19:00:00.000+01:00,2025-12-02T18:00:00Z,2025-12-02T18:00:00.000Z,8741,Península
447677.0,2025-12-02T20:00:00.000+01:00,2025-12-02T19:00:00Z,2025-12-02T19:00:00.000Z,8741,Península
437810.0,2025-12-02T21:00:00.000+01:00,2025-12-02T20:00:00Z,2025-12-02T20:00:00.000Z,8741,Península
395418.0,2025-12-02T22:00:00.000+01:00,2025-12-02T21:00:00Z,2025-12-02T21:00:00.000Z,8741,Península
352391.0,2025-12-02T23:00:00.000+01:00,2025-12-02T22:00:00Z,2025-12-02T22:00:00.000Z,8741,Península
322103.0,2025-12-03T00:00:00.000+01:00,2025-12-02T23:00:00Z,2025-12-02T23:00:00.000Z,8741,Península
300464.0,2025-12-03T01:00:00.000+01:00,2025-12-03T00:00:00Z,2025-12-03T00:00:00.000Z,8741,Península
285897.0,2025-12-03T02:00:00.000+01:00,2025-12-03T01:00:00Z,2025-12-03T01:00:00.000Z,8741,Península
279280.0,2025-12-03T03:00:00.000+01:00,2025-12-03T02:00:00Z,2025-12-03T02:00:00.000Z,8741,Península
278646.0,2025-12-03T04:00:00.000+01:00,2025-12-03T03:00:00Z,2025-12-03T03:00:00.000Z,8741,Península
287183.0,2025-12-03T05:00:00.000+01:00,2025-12-03T04:00:00Z,2025-12-03T04:00:00.000Z,8741,Península
326548.0,2025-12-03T06:00:00.000+01:00,2025-12-03T05:00:00Z,2025-12-03T05:00:00.000Z,8741,Península
383725.0,2025-12-03T07:00:00.000+01:00,2025-12-03T06:00:00Z,2025-12-03T06:00:00.000Z,8741,Península
414833.0,2025-12-03T08:00:00.000+01:00,2025-12-03T07:00:00Z,2025-12-03T07:00:00.000Z,8741,Península
415775.0,2025-12-03T09:00:00.000+01:00,2025-12-03T08:00:00Z,2025-12-03T08:00:00.000Z,8741,Península
409885.0,2025-12-03T10:00:00.000+01:00,2025-12-03T09:00:00Z,2025-12-03T09:00:00.000Z,8741,Península
400965.0,2025-12-03T11:00:00.000+01:00,2025-12-03T10:00:00Z,2025-12-03T10:00:00.000Z,8741,Península
392937.0,2025-12-03T12:00:00.000+01:00,2025-12-03T11:00:00Z,2025-12-03T11:00:00.000Z,8741,Península
391217.0,2025-12-03T13:00:00.000+01:00,2025-12-03T12:00:00Z,2025-12-03T12:00:00.000Z,8741,Península
392929.0,2025-12-03T14:00:00.000+01:00,2025-12-03T13:00:00Z,2025-12-03T13:00:00.000Z,8741,Península
397162.0,2025-12-03T15:00:00.000+01:00,2025-12-03T14:00:00Z,2025-12-03T14:00:00.000Z,8741,Península
403719.0,2025-12-03T16:00:00.000+01:00,2025-12-03T15:00:00Z,2025-12-03T15:00:00.000Z,8741,Península
415020.0,2025-12-03T17:00:00.000+01:00,2025-12-03T16:00:00Z,2025-12-03T16:00:00.000Z,8741,Península
435231.0,2025-12-03T18:00:00.000+01:00,2025-12-03T17:00:00Z,2025-12-03T17:00:00.000Z,8741,Península
443736.0,2025-12-03T19:00:00.000+01:00,2025-12-03T18:00:00Z,2025-12-03T18:00:00.000Z,8741,Península
451590.0,2025-12-03T20:00:00.000+01:00,2025-12-03T19:00:00Z,2025-12-03T19:00:00.000Z,8741,Península
441328.0,2025-12-03T21:00:00.000+01:00,2025-12-03T20:00:00Z,2025-12-03T20:00:00.000Z,8741,Península
397600.0,2025-12-03T22:00:00.000+01:00,2025-12-03T21:00:00Z,2025-12-03T21:00:00.000Z,8741,Península
351378.0,2025-12-03T23:00:00.000+01:00,2025-12-03T22:00:00Z,2025-12-03T22:00:00.000Z,8741,Península
320708.0,2025-12-04T00:00:00.000+01:00,2025-12-03T23:00:00Z,2025-12-03T23:00:00.000Z,8741,Península
298747.0,2025-12-04T01:00:00.000+01:00,2025-12-04T00:00:00Z,2025-12-04T00:00:00.000Z,8741,Península
288440.0,2025-12-04T02:00:00.000+01:00,2025-12-04T01:00:00Z,2025-12-04T01:00:00.000Z,8741,Península
282328.0,2025-12-04T03:00:00.000+01:00,2025-12-04T02:00:00Z,2025-12-04T02:00:00.000Z,8741,Península
279733.0,2025-12-04T04:00:00.000+01:00,2025-12-04T03:00:00Z,2025-12-04T03:00:00.000Z,8741,Península
288198.0,2025-12-04T05:00:00.000+01:00,2025-12-04T04:00:00Z,2025-12-04T04:00:00.000Z,8741,Península
326129.0,2025-12-04T06:00:00.000+01:00,2025-12-04T05:00:00Z,2025-12-04T05:00:00.000Z,8741,Península
383612.0,2025-12-04T07:00:00.000+01:00,2025-12-04T06:00:00Z,2025-12-04T06:00:00.000Z,8741,Península
412175.0,2025-12-04T08:00:00.000+01:00,2025-12-04T07:00:00Z,2025-12-04T07:00:00.000Z,8741,Península
422779.0,2025-12-04T09:00:00.000+01:00,2025-12-04T08:00:00Z,2025-12-04T08:00:00.000Z,8741,Península
429607.0,2025-12-04T10:00:00.000+01:00,2025-12-04T09:00:00Z,2025-12-04T09:00:00.000Z,8741,Península
429685.0,2025-12-04T11:00:00.000+01:00,2025-12-04T10:00:00Z,2025-12-04T10:00:00.000Z,8741,Península
431481.0,2025-12-04T12:00:00.000+01:00,2025-12-04T11:00:00Z,2025-12-04T11:00:00.000Z,8741,Península
433607.0,2025-12-04T13:00:00.000+01:00,2025-12-04T12:00:00Z,2025-12-04T12:00:00.000Z,8741,Península
431219.0,2025-12-04T14:00:00.000+01:00,2025-12-04T13:00:00Z,2025-12-04T13:00:00.000Z,8741,Península
428205.0,2025-12-04T15:00:00.000+01:00,2025-12-04T14:00:00Z,2025-12-04T14:00:00.000Z,8741,Península
425819.0,2025-12-04T16:00:00.000+01:00,2025-12-04T15:00:00Z,2025-12-04T15:00:00.000Z,8741,Península
430517.0,2025-12-04T17:00:00.000+01:00,2025-12-04T16:00:00Z,2025-12-04T16:00:00.000Z,8741,Península
441442.0,2025-12-04T18:00:00.000+01:00,2025-12-04T17:00:00Z,2025-12-04T17:00:00.000Z,8741,Península
444733.0,2025-12-04T19:00:00.000+01:00,2025-12-04T18:00:00Z,2025-12-04T18:00:00.000Z,8741,Península
450810.0,2025-12-04T20:00:00.000+01:00,2025-12-04T19:00:00Z,2025-12-04T19:00:00.000Z,8741,Península
439009.0,2025-12-04T21:00:00.000+01:00,2025-12-04T20:00:00Z,2025-12-04T20:00:00.000Z,8741,Península
398716.0,2025-12-04T22:00:00.000+01:00,2025-12-04T21:00:00Z,2025-12-04T21:00:00.000Z,8741,Península
357489.0,2025-12-04T23:00:00.000+01:00,2025-12-04T22:00:00Z,2025-12-04T22:00:00.000Z,8741,Península
326467.0,2025-12-05T00:00:00.000+01:00,2025-12-04T23:00:00Z,2025-12-04T23:00:00.000Z,8741,Península
305443.0,2025-12-05T01:00:00.000+01:00,2025-12-05T00:00:00Z,2025-12-05T00:00:00.000Z,8741,Península
289481.0,2025-12-05T02:00:00.000+01:00,2025-12-05T01:00:00Z,2025-12-05T01:00:00.000Z,8741,Península
280764.0,2025-12-05T03:00:00.000+01:00,2025-12-05T02:00:00Z,2025-12-05T02:00:00.000Z,8741,Península
279875.0,2025-12-05T04:00:00.000+01:00,2025-12-05T03:00:00Z,2025-12-05T03:00:00.000Z,8741,Península
287391.0,2025-12-05T05:00:00.000+01:00,2025-12-05T04:00:00Z,2025-12-05T04:00:00.000Z,8741,Península
323474.0,2025-12-05T06:00:00.000+01:00,2025-12-05T05:00:00Z,2025-12-05T05:00:00.000Z,8741,Península
378883.0,2025-12-05T07:00:00.000+01:00,2025-12-05T06:00:00Z,2025-12-05T06:00:00.000Z,8741,Península
406439.0,2025-12-05T08:00:00.000+01:00,2025-12-05T07:00:00Z,2025-12-05T07:00:00.000Z,8741,Península
414072.0,2025-12-05T09:00:00.000+01:00,2025-12-05T08:00:00Z,2025-12-05T08:00:00.000Z,8741,Península
412447.0,2025-12-05T10:00:00.000+01:00,2025-12-05T09:00:00Z,2025-12-05T09:00:00.000Z,8741,Península
406507.0,2025-12-05T11:00:00.000+01:00,2025-12-05T10:00:00Z,2025-12-05T10:00:00.000Z,8741,Península
401671.0,2025-12-05T12:00:00.000+01:00,2025-12-05T11:00:00Z,2025-12-05T11:00:00.000Z,8741,Península
398197.0,2025-12-05T13:00:00.000+01:00,2025-12-05T12:00:00Z,2025-12-05T12:00:00.000Z,8741,Península
396497.0,2025-12-05T14:00:00.000+01:00,2025-12-05T13:00:00Z,2025-12-05T13:00:00.000Z,8741,Península
395293.0,2025-12-05T15:00:00.000+01:00,2025-12-05T14:00:00Z,2025-12-05T14:00:00.000Z,8741,Península
396037.0,2025-12-05T16:00:00.000+01:00,2025-12-05T15:00:00Z,2025-12-05T15:00:00.000Z,8741,Península
403788.0,2025-12-05T17:00:00.000+01:00,2025-12-05T16:00:00Z,2025-12-05T16:00:00.000Z,8741,Península
414980.0,2025-12-05T18:00:00.000+01:00,2025-12-05T17:00:00Z,2025-12-05T17:00:00.000Z,8741,Península
415856.0,2025-12-05T19:00:00.000+01:00,2025-12-05T18:00:00Z,2025-12-05T18:00:00.000Z,8741,Península
415473.0,2025-12-05T20:00:00.000+01:00,2025-12-05T19:00:00Z,2025-12-05T19:00:00.000Z,8741,Península
406350.0,2025-12-05T21:00:00.000+01:00,2025-12-05T20:00:00Z,2025-12-05T20:00:00.000Z,8741,Península
373948.0,2025-12-05T22:00:00.000+01:00,2025-12-05T21:00:00Z,2025-12-05T21:00:00.000Z,8741,Península
340310.0,2025-12-05T23:00:00.000+01:00,2025-12-05T22:00:00Z,2025-12-05T22:00:00.000Z,8741,Península
320072.0,2025-12-06T00:00:00.000+01:00,2025-12-05T23:00:00Z,2025-12-05T23:00:00.000Z,8741,Península
297803.0,2025-12-06T01:00:00.000+01:00,2025-12-06T00:00:00Z,2025-12-06T00:00:00.000Z,8741,Península
280075.0,2025-12-06T02:00:00.000+01:00,2025-12-06T01:00:00Z,2025-12-06T01:00:00.000Z,8741,Península
270438.0,2025-12-06T03:00:00.000+01:00,2025-12-06T02:00:00Z,2025-12-06T02:00:00.000Z,8741,Península
264793.0,2025-12-06T04:00:00.000+01:00,2025-12-06T03:00:00Z,2025-12-06T03:00:00.000Z,8741,Península
263260.0,2025-12-06T05:00:00.000+01:00,2025-12-06T04:00:00Z,2025-12-06T04:00:00.000Z,8741,Península
268317.0,2025-12-06T06:00:00.000+01:00,2025-12-06T05:00:00Z,2025-12-06T05:00:00.000Z,8741,Península
283994.0,2025-12-06T07:00:00.000+01:00,2025-12-06T06:00:00Z,2025-12-06T06:00:00.000Z,8741,Península
300894.0,2025-12-06T08:00:00.000+01:00,2025-12-06T07:00:00Z,2025-12-06T07:00:00.000Z,8741,Península
321657.0,2025-12-06T09:00:00.000+01:00,2025-12-06T08:00:00Z,2025-12-06T08:00:00.000Z,8741,Península
328567.0,2025-12-06T10:00:00.000+01:00,2025-12-06T09:00:00Z,2025-12-06T09:00:00.000Z,8741,Península
328774.0,2025-12-06T11:00:00.000+01:00,2025-12-06T10:00:00Z,2025-12-06T10:00:00.000Z,8741,Península
325469.0,2025-12-06T12:00:00.000+01:00,2025-12-06T11:00:00Z,2025-12-06T11:00:00.000Z,8741,Península
327959.0,2025-12-06T13:00:00.000+01:00,2025-12-06T12:00:00Z,2025-12-06T12:00:00.000Z,8741,Península
330332.0,2025-12-06T14:00:00.000+01:00,2025-12-06T13:00:00Z,2025-12-06T13:00:00.000Z,8741,Península
323861.0,2025-12-06T15:00:00.000+01:00,2025-12-06T14:00:00Z,2025-12-06T14:00:00.000Z,8741,Península
320856.0,2025-12-06T16:00:00.000+01:00,2025-12-06T15:00:00Z,2025-12-06T15:00:00.000Z,8741,Península
329973.0,2025-12-06T17:00:00.000+01:00,2025-12-06T16:00:00Z,2025-12-06T16:00:00.000Z,8741,Península
349930.0,2025-12-06T18:00:00.000+01:00,2025-12-06T17:00:00Z,2025-12-06T17:00:00.000Z,8741,Península
355538.0,2025-12-06T19:00:00.000+01:00,2025-12-06T18:00:00Z,2025-12-06T18:00:00.000Z,8741,Península
358624.0,2025-12-06T20:00:00.000+01:00,2025-12-06T19:00:00Z,2025-12-06T19:00:00.000Z,8741,Península
356277.0,2025-12-06T21:00:00.000+01:00,2025-12-06T20:00:00Z,2025-12-06T20:00:00.000Z,8741,Península
332913.0,2025-12-06T22:00:00.000+01:00,2025-12-06T21:00:00Z,2025-12-06T21:00:00.000Z,8741,Península
308417.0,2025-12-06T23:00:00.000+01:00,2025-12-06T22:00:00Z,2025-12-06T22:00:00.000Z,8741,Península
285628.0,2025-12-07T00:00:00.000+01:00,2025-12-06T23:00:00Z,2025-12-06T23:00:00.000Z,8741,Península
265977.0,2025-12-07T01:00:00.000+01:00,2025-12-07T00:00:00Z,2025-12-07T00:00:00.000Z,8741,Península
252543.0,2025-12-07T02:00:00.000+01:00,2025-12-07T01:00:00Z,2025-12-07T01:00:00.000Z,8741,Península
243091.0,2025-12-07T03:00:00.000+01:00,2025-12-07T02:00:00Z,2025-12-07T02:00:00.000Z,8741,Península
239299.0,2025-12-07T04:00:00.000+01:00,2025-12-07T03:00:00Z,2025-12-07T03:00:00.000Z,8741,Península
240475.0,2025-12-07T05:00:00.000+01:00,2025-12-07T04:00:00Z,2025-12-07T04:00:00.000Z,8741,Península
247759.0,2025-12-07T06:00:00.000+01:00,2025-12-07T05:00:00Z,2025-12-07T05:00:00.000Z,8741,Península
258401.0,2025-12-07T07:00:00.000+01:00,2025-12-07T06:00:00Z,2025-12-07T06:00:00.000Z,8741,Península
267051.0,2025-12-07T08:00:00.000+01:00,2025-12-07T07:00:00Z,2025-12-07T07:00:00.000Z,8741,Península
282682.0,2025-12-07T09:00:00.000+01:00,2025-12-07T08:00:00Z,2025-12-07T08:00:00.000Z,8741,Península
293125.0,2025-12-07T10:00:00.000+01:00,2025-12-07T09:00:00Z,2025-12-07T09:00:00.000Z,8741,Península
290326.0,2025-12-07T11:00:00.000+01:00,2025-12-07T10:00:00Z,2025-12-07T10:00:00.000Z,8741,Península
289400.0,2025-12-07T12:00:00.000+01:00,2025-12-07T11:00:00Z,2025-12-07T11:00:00.000Z,8741,Península
296571.0,2025-12-07T13:00:00.000+01:00,2025-12-07T12:00:00Z,2025-12-07T12:00:00.000Z,8741,Península
299818.0,2025-12-07T14:00:00.000+01:00,2025-12-07T13:00:00Z,2025-12-07T13:00:00.000Z,8741,Península
295027.0,2025-12-07T15:00:00.000+01:00,2025-12-07T14:00:00Z,2025-12-07T14:00:00.000Z,8741,Península
297255.0,2025-12-07T16:00:00.000+01:00,2025-12-07T15:00:00Z,2025-12-07T15:00:00.000Z,8741,Península
308347.0,2025-12-07T17:00:00.000+01:00,2025-12-07T16:00:00Z,2025-12-07T16:00:00.000Z,8741,Península
330190.0,2025-12-07T18:00:00.000+01:00,2025-12-07T17:00:00Z,2025-12-07T17:00:00.000Z,8741,Península
335263.0,2025-12-07T19:00:00.000+01:00,2025-12-07T18:00:00Z,2025-12-07T18:00:00.000Z,8741,Península
342234.0,2025-12-07T20:00:00.000+01:00,2025-12-07T19:00:00Z,2025-12-07T19:00:00.000Z,8741,Península
343272.0,2025-12-07T21:00:00.000+01:00,2025-12-07T20:00:00Z,2025-12-07T20:00:00.000Z,8741,Península
327256.0,2025-12-07T22:00:00.000+01:00,2025-12-07T21:00:00Z,2025-12-07T21:00:00.000Z,8741,Península
303114.0,2025-12-07T23:00:00.000+01:00,2025-12-07T22:00:00Z,2025-12-07T22:00:00.000Z,8741,Península
284279.0,2025-12-08T00:00:00.000+01:00,2025-12-07T23:00:00Z,2025-12-07T23:00:00.000Z,8741,Península
264164.0,2025-12-08T01:00:00.000+01:00,2025-12-08T00:00:00Z,2025-12-08T00:00:00.000Z,8741,Península
257494.0,2025-12-08T02:00:00.000+01:00,2025-12-08T01:00:00Z,2025-12-08T01:00:00.000Z,8741,Península
249962.0,2025-12-08T03:00:00.000+01:00,2025-12-08T02:00:00Z,2025-12-08T02:00:00.000Z,8741,Península
247675.0,2025-12-08T04:00:00.000+01:00,2025-12-08T03:00:00Z,2025-12-08T03:00:00.000Z,8741,Península
250414.0,2025-12-08T05:00:00.000+01:00,2025-12-08T04:00:00Z,2025-12-08T04:00:00.000Z,8741,Península
262500.0,2025-12-08T06:00:00.000+01:00,2025-12-08T05:00:00Z,2025-12-08T05:00:00.000Z,8741,Península
278738.0,2025-12-08T07:00:00.000+01:00,2025-12-08T06:00:00Z,2025-12-08T06:00:00.000Z,8741,Península
290323.0,2025-12-08T08:00:00.000+01:00,2025-12-08T07:00:00Z,2025-12-08T07:00:00.000Z,8741,Península
302398.0,2025-12-08T09:00:00.000+01:00,2025-12-08T08:00:00Z,2025-12-08T08:00:00.000Z,8741,Península
312483.0,2025-12-08T10:00:00.000+01:00,2025-12-08T09:00:00Z,2025-12-08T09:00:00.000Z,8741,Península
307806.0,2025-12-08T11:00:00.000+01:00,2025-12-08T10:00:00Z,2025-12-08T10:00:00.000Z,8741,Península
304399.0,2025-12-08T12:00:00.000+01:00,2025-12-08T11:00:00Z,2025-12-08T11:00:00.000Z,8741,Península
311403.0,2025-12-08T13:00:00.000+01:00,2025-12-08T12:00:00Z,2025-12-08T12:00:00.000Z,8741,Península
316431.0,2025-12-08T14:00:00.000+01:00,2025-12-08T13:00:00Z,2025-12-08T13:00:00.000Z,8741,Península
313530.0,2025-12-08T15:00:00.000+01:00,2025-12-08T14:00:00Z,2025-12-08T14:00:00.000Z,8741,Península
318091.0,2025-12-08T16:00:00.000+01:00,2025-12-08T15:00:00Z,2025-12-08T15:00:00.000Z,8741,Península
330264.0,2025-12-08T17:00:00.000+01:00,2025-12-08T16:00:00Z,2025-12-08T16:00:00.000Z,8741,Península
357653.0,2025-12-08T18:00:00.000+01:00,2025-12-08T17:00:00Z,2025-12-08T17:00:00.000Z,8741,Península
364606.0,2025-12-08T19:00:00.000+01:00,2025-12-08T18:00:00Z,2025-12-08T18:00:00.000Z,8741,Península
375468.0,2025-12-08T20:00:00.000+01:00,2025-12-08T19:00:00Z,2025-12-08T19:00:00.000Z,8741,Península
371300.0,2025-12-08T21:00:00.000+01:00,2025-12-08T20:00:00Z,2025-12-08T20:00:00.000Z,8741,Península
345380.0,2025-12-08T22:00:00.000+01:00,2025-12-08T21:00:00Z,2025-12-08T21:00:00.000Z,8741,Península
314996.0,2025-12-08T23:00:00.000+01:00,2025-12-08T22:00:00Z,2025-12-08T22:00:00.000Z,8741,Península
288410.0,2025-12-09T00:00:00.000+01:00,2025-12-08T23:00:00Z,2025-12-08T23:00:00.000Z,8741,Península
269512.0,2025-12-09T01:00:00.000+01:00,2025-12-09T00:00:00Z,2025-12-09T00:00:00.000Z,8741,Península
259548.0,2025-12-09T02:00:00.000+01:00,2025-12-09T01:00:00Z,2025-12-09T01:00:00.000Z,8741,Península
254584.0,2025-12-09T03:00:00.000+01:00,2025-12-09T02:00:00Z,2025-12-09T02:00:00.000Z,8741,Península
254733.0,2025-12-09T04:00:00.000+01:00,2025-12-09T03:00:00Z,2025-12-09T03:00:00.000Z,8741,Península
267135.0,2025-12-09T05:00:00.000+01:00,2025-12-09T04:00:00Z,2025-12-09T04:00:00.000Z,8741,Península
307112.0,2025-12-09T06:00:00.000+01:00,2025-12-09T05:00:00Z,2025-12-09T05:00:00.000Z,8741,Península
366951.0,2025-12-09T07:00:00.000+01:00,2025-12-09T06:00:00Z,2025-12-09T06:00:00.000Z,8741,Península
398633.0,2025-12-09T08:00:00.000+01:00,2025-12-09T07:00:00Z,2025-12-09T07:00:00.000Z,8741,Península
400363.0,2025-12-09T09:00:00.000+01:00,2025-12-09T08:00:00Z,2025-12-09T08:00:00.000Z,8741,Península
390583.0,2025-12-09T10:00:00.000+01:00,2025-12-09T09:00:00Z,2025-12-09T09:00:00.000Z,8741,Península
382432.0,2025-12-09T11:00:00.000+01:00,2025-12-09T10:00:00Z,2025-12-09T10:00:00.000Z,8741,Península
377784.0,2025-12-09T12:00:00.000+01:00,2025-12-09T11:00:00Z,2025-12-09T11:00:00.000Z,8741,Península
380776.0,2025-12-09T13:00:00.000+01:00,2025-12-09T12:00:00Z,2025-12-09T12:00:00.000Z,8741,Península
382757.0,2025-12-09T14:00:00.000+01:00,2025-12-09T13:00:00Z,2025-12-09T13:00:00.000Z,8741,Península
383216.0,2025-12-09T15:00:00.000+01:00,2025-12-09T14:00:00Z,2025-12-09T14:00:00.000Z,8741,Península
388171.0,2025-12-09T16:00:00.000+01:00,2025-12-09T15:00:00Z,2025-12-09T15:00:00.000Z,8741,Península
402569.0,2025-12-09T17:00:00.000+01:00,2025-12-09T16:00:00Z,2025-12-09T16:00:00.000Z,8741,Península
419773.0,2025-12-09T18:00:00.000+01:00,2025-12-09T17:00:00Z,2025-12-09T17:00:00.000Z,8741,Península
426859.0,2025-12-09T19:00:00.000+01:00,2025-12-09T18:00:00Z,2025-12-09T18:00:00.000Z,8741,Península
437586.0,2025-12-09T20:00:00.000+01:00,2025-12-09T19:00:00Z,2025-12-09T19:00:00.000Z,8741,Península
426899.0,2025-12-09T21:00:00.000+01:00,2025-12-09T20:00:00Z,2025-12-09T20:00:00.000Z,8741,Península
385619.0,2025-12-09T22:00:00.000+01:00,2025-12-09T21:00:00Z,2025-12-09T21:00:00.000Z,8741,Península
341540.0,2025-12-09T23:00:00.000+01:00,2025-12-09T22:00:00Z,2025-12-09T22:00:00.000Z,8741,Península
316923.0,2025-12-10T00:00:00.000+01:00,2025-12-09T23:00:00Z,2025-12-09T23:00:00.000Z,8741,Península
296191.0,2025-12-10T01:00:00.000+01:00,2025-12-10T00:00:00Z,2025-12-10T00:00:00.000Z,8741,Península
283556.0,2025-12-10T02:00:00.000+01:00,2025-12-10T01:00:00Z,2025-12-10T01:00:00.000Z,8741,Península
278733.0,2025-12-10T03:00:00.000+01:00,2025-12-10T02:00:00Z,2025-12-10T02:00:00.000Z,8741,Península
277672.0,2025-12-10T04:00:00.000+01:00,2025-12-10T03:00:00Z,2025-12-10T03:00:00.000Z,8741,Península
285383.0,2025-12-10T05:00:00.000+01:00,2025-12-10T04:00:00Z,2025-12-10T04:00:00.000Z,8741,Península
321339.0,2025-12-10T06:00:00.000+01:00,2025-12-10T05:00:00Z,2025-12-10T05:00:00.000Z,8741,Península
376495.0,2025-12-10T07:00:00.000+01:00,2025-12-10T06:00:00Z,2025-12-10T06:00:00.000Z,8741,Península
406652.0,2025-12-10T08:00:00.000+01:00,2025-12-10T07:00:00Z,2025-12-10T07:00:00.000Z,8741,Península
411556.0,2025-12-10T09:00:00.000+01:00,2025-12-10T08:00:00Z,2025-12-10T08:00:00.000Z,8741,Península
412570.0,2025-12-10T10:00:00.000+01:00,2025-12-10T09:00:00Z,2025-12-10T09:00:00.000Z,8741,Península
407996.0,2025-12-10T11:00:00.000+01:00,2025-12-10T10:00:00Z,2025-12-10T10:00:00.000Z,8741,Península
406900.0,2025-12-10T12:00:00.000+01:00,2025-12-10T11:00:00Z,2025-12-10T11:00:00.000Z,8741,Península
410327.0,2025-12-10T13:00:00.000+01:00,2025-12-10T12:00:00Z,2025-12-10T12:00:00.000Z,8741,Península
406964.0,2025-12-10T14:00:00.000+01:00,2025-12-10T13:00:00Z,2025-12-10T13:00:00.000Z,8741,Península
403493.0,2025-12-10T15:00:00.000+01:00,2025-12-10T14:00:00Z,2025-12-10T14:00:00.000Z,8741,Península
403346.0,2025-12-10T16:00:00.000+01:00,2025-12-10T15:00:00Z,2025-12-10T15:00:00.000Z,8741,Península
410609.0,2025-12-10T17:00:00.000+01:00,2025-12-10T16:00:00Z,2025-12-10T16:00:00.000Z,8741,Península
425259.0,2025-12-10T18:00:00.000+01:00,2025-12-10T17:00:00Z,2025-12-10T17:00:00.000Z,8741,Península
433168.0,2025-12-10T19:00:00.000+01:00,2025-12-10T18:00:00Z,2025-12-10T18:00:00.000Z,8741,Península
441506.0,2025-12-10T20:00:00.000+01:00,2025-12-10T19:00:00Z,2025-12-10T19:00:00.000Z,8741,Península
429339.0,2025-12-10T21:00:00.000+01:00,2025-12-10T20:00:00Z,2025-12-10T20:00:00.000Z,8741,Península
389697.0,2025-12-10T22:00:00.000+01:00,2025-12-10T21:00:00Z,2025-12-10T21:00:00.000Z,8741,Península
349513.0,2025-12-10T23:00:00.000+01:00,2025-12-10T22:00:00Z,2025-12-10T22:00:00.000Z,8741,Península
321226.0,2025-12-11T00:00:00.000+01:00,2025-12-10T23:00:00Z,2025-12-10T23:00:00.000Z,8741,Península
298184.0,2025-12-11T01:00:00.000+01:00,2025-12-11T00:00:00Z,2025-12-11T00:00:00.000Z,8741,Península
285548.0,2025-12-11T02:00:00.000+01:00,2025-12-11T01:00:00Z,2025-12-11T01:00:00.000Z,8741,Península
280370.0,2025-12-11T03:00:00.000+01:00,2025-12-11T02:00:00Z,2025-12-11T02:00:00.000Z,8741,Península
280827.0,2025-12-11T04:00:00.000+01:00,2025-12-11T03:00:00Z,2025-12-11T03:00:00.000Z,8741,Península
289379.0,2025-12-11T05:00:00.000+01:00,2025-12-11T04:00:00Z,2025-12-11T04:00:00.000Z,8741,Península
325569.0,2025-12-11T06:00:00.000+01:00,2025-12-11T05:00:00Z,2025-12-11T05:00:00.000Z,8741,Península
379566.0,2025-12-11T07:00:00.000+01:00,2025-12-11T06:00:00Z,2025-12-11T06:00:00.000Z,8741,Península
409917.0,2025-12-11T08:00:00.000+01:00,2025-12-11T07:00:00Z,2025-12-11T07:00:00.000Z,8741,Península
419978.0,2025-12-11T09:00:00.000+01:00,2025-12-11T08:00:00Z,2025-12-11T08:00:00.000Z,8741,Península
429401.0,2025-12-11T10:00:00.000+01:00,2025-12-11T09:00:00Z,2025-12-11T09:00:00.000Z,8741,Península
431240.0,2025-12-11T11:00:00.000+01:00,2025-12-11T10:00:00Z,2025-12-11T10:00:00.000Z,8741,Península
427212.0,2025-12-11T12:00:00.000+01:00,2025-12-11T11:00:00Z,2025-12-11T11:00:00.000Z,8741,Península
424045.0,2025-12-11T13:00:00.000+01:00,2025-12-11T12:00:00Z,2025-12-11T12:00:00.000Z,8741,Península
420579.0,2025-12-11T14:00:00.000+01:00,2025-12-11T13:00:00Z,2025-12-11T13:00:00.000Z,8741,Península
418258.0,2025-12-11T15:00:00.000+01:00,2025-12-11T14:00:00Z,2025-12-11T14:00:00.000Z,8741,Península
412469.0,2025-12-11T16:00:00.000+01:00,2025-12-11T15:00:00Z,2025-12-11T15:00:00.000Z,8741,Península
411047.0,2025-12-11T17:00:00.000+01:00,2025-12-11T16:00:00Z,2025-12-11T16:00:00.000Z,8741,Península
425756.0,2025-12-11T18:00:00.000+01:00,2025-12-11T17:00:00Z,2025-12-11T17:00:00.000Z,8741,Península
434049.0,2025-12-11T19:00:00.000+01:00,2025-12-11T18:00:00Z,2025-12-11T18:00:00.000Z,8741,Península
441689.0,2025-12-11T20:00:00.000+01:00,2025-12-11T19:00:00Z,2025-12-11T19:00:00.000Z,8741,Península
431046.0,2025-12-11T21:00:00.000+01:00,2025-12-11T20:00:00Z,2025-12-11T20:00:00.000Z,8741,Península
391069.0,2025-12-11T22:00:00.000+01:00,2025-12-11T21:00:00Z,2025-12-11T21:00:00.000Z,8741,Península
348301.0,2025-12-11T23:00:00.000+01:00,2025-12-11T22:00:00Z,2025-12-11T22:00:00.000Z,8741,Península
321454.0,2025-12-12T00:00:00.000+01:00,2025-12-11T23:00:00Z,2025-12-11T23:00:00.000Z,8741,Península
302568.0,2025-12-12T01:00:00.000+01:00,2025-12-12T00:00:00Z,2025-12-12T00:00:00.000Z,8741,Península
287778.0,2025-12-12T02:00:00.000+01:00,2025-12-12T01:00:00Z,2025-12-12T01:00:00.000Z,8741,Península
281743.0,2025-12-12T03:00:00.000+01:00,2025-12-12T02:00:00Z,2025-12-12T02:00:00.000Z,8741,Península
279292.0,2025-12-12T04:00:00.000+01:00,2025-12-12T03:00:00Z,2025-12-12T03:00:00.000Z,8741,Península
289511.0,2025-12-12T05:00:00.000+01:00,2025-12-12T04:00:00Z,2025-12-12T04:00:00.000Z,8741,Península
323616.0,2025-12-12T06:00:00.000+01:00,2025-12-12T05:00:00Z,2025-12-12T05:00:00.000Z,8741,Península
376893.0,2025-12-12T07:00:00.000+01:00,2025-12-12T06:00:00Z,2025-12-12T06:00:00.000Z,8741,Península
405291.0,2025-12-12T08:00:00.000+01:00,2025-12-12T07:00:00Z,2025-12-12T07:00:00.000Z,8741,Península
413852.0,2025-12-12T09:00:00.000+01:00,2025-12-12T08:00:00Z,2025-12-12T08:00:00.000Z,8741,Península
423562.0,2025-12-12T10:00:00.000+01:00,2025-12-12T09:00:00Z,2025-12-12T09:00:00.000Z,8741,Península
428531.0,2025-12-12T11:00:00.000+01:00,2025-12-12T10:00:00Z,2025-12-12T10:00:00.000Z,8741,Península
427827.0,2025-12-12T12:00:00.000+01:00,2025-12-12T11:00:00Z,2025-12-12T11:00:00.000Z,8741,Península
428751.0,2025-12-12T13:00:00.000+01:00,2025-12-12T12:00:00Z,2025-12-12T12:00:00.000Z,8741,Península
423929.0,2025-12-12T14:00:00.000+01:00,2025-12-12T13:00:00Z,2025-12-12T13:00:00.000Z,8741,Península
416667.0,2025-12-12T15:00:00.000+01:00,2025-12-12T14:00:00Z,2025-12-12T14:00:00.000Z,8741,Península
405624.0,2025-12-12T16:00:00.000+01:00,2025-12-12T15:00:00Z,2025-12-12T15:00:00.000Z,8741,Península
404463.0,2025-12-12T17:00:00.000+01:00,2025-12-12T16:00:00Z,2025-12-12T16:00:00.000Z,8741,Península
416239.0,2025-12-12T18:00:00.000+01:00,2025-12-12T17:00:00Z,2025-12-12T17:00:00.000Z,8741,Península
417802.0,2025-12-12T19:00:00.000+01:00,2025-12-12T18:00:00Z,2025-12-12T18:00:00.000Z,8741,Península
418385.0,2025-12-12T20:00:00.000+01:00,2025-12-12T19:00:00Z,2025-12-12T19:00:00.000Z,8741,Península
406381.0,2025-12-12T21:00:00.000+01:00,2025-12-12T20:00:00Z,2025-12-12T20:00:00.000Z,8741,Península
373037.0,2025-12-12T22:00:00.000+01:00,2025-12-12T21:00:00Z,2025-12-12T21:00:00.000Z,8741,Península
341282.0,2025-12-12T23:00:00.000+01:00,2025-12-12T22:00:00Z,2025-12-12T22:00:00.000Z,8741,Península
318507.0,2025-12-13T00:00:00.000+01:00,2025-12-12T23:00:00Z,2025-12-12T23:00:00.000Z,8741,Península
295846.0,2025-12-13T01:00:00.000+01:00,2025-12-13T00:00:00Z,2025-12-13T00:00:00.000Z,8741,Península
278548.0,2025-12-13T02:00:00.000+01:00,2025-12-13T01:00:00Z,2025-12-13T01:00:00.000Z,8741,Península
268596.0,2025-12-13T03:00:00.000+01:00,2025-12-13T02:00:00Z,2025-12-13T02:00:00.000Z,8741,Península
263942.0,2025-12-13T04:00:00.000+01:00,2025-12-13T03:00:00Z,2025-12-13T03:00:00.000Z,8741,Península
262892.0,2025-12-13T05:00:00.000+01:00,2025-12-13T04:00:00Z,2025-12-13T04:00:00.000Z,8741,Península
273519.0,2025-12-13T06:00:00.000+01:00,2025-12-13T05:00:00Z,2025-12-13T05:00:00.000Z,8741,Península
291273.0,2025-12-13T07:00:00.000+01:00,2025-12-13T06:00:00Z,2025-12-13T06:00:00.000Z,8741,Península
310746.0,2025-12-13T08:00:00.000+01:00,2025-12-13T07:00:00Z,2025-12-13T07:00:00.000Z,8741,Península
340592.0,2025-12-13T09:00:00.000+01:00,2025-12-13T08:00:00Z,2025-12-13T08:00:00.000Z,8741,Península
366826.0,2025-12-13T10:00:00.000+01:00,2025-12-13T09:00:00Z,2025-12-13T09:00:00.000Z,8741,Península
371819.0,2025-12-13T11:00:00.000+01:00,2025-12-13T10:00:00Z,2025-12-13T10:00:00.000Z,8741,Península
370582.0,2025-12-13T12:00:00.000+01:00,2025-12-13T11:00:00Z,2025-12-13T11:00:00.000Z,8741,Península
372986.0,2025-12-13T13:00:00.000+01:00,2025-12-13T12:00:00Z,2025-12-13T12:00:00.000Z,8741,Península
372510.0,2025-12-13T14:00:00.000+01:00,2025-12-13T13:00:00Z,2025-12-13T13:00:00.000Z,8741,Península
363872.0,2025-12-13T15:00:00.000+01:00,2025-12-13T14:00:00Z,2025-12-13T14:00:00.000Z,8741,Península
350535.0,2025-12-13T16:00:00.000+01:00,2025-12-13T15:00:00Z,2025-12-13T15:00:00.000Z,8741,Península
342815.0,2025-12-13T17:00:00.000+01:00,2025-12-13T16:00:00Z,2025-12-13T16:00:00.000Z,8741,Península
355739.0,2025-12-13T18:00:00.000+01:00,2025-12-13T17:00:00Z,2025-12-13T17:00:00.000Z,8741,Península
360235.0,2025-12-13T19:00:00.000+01:00,2025-12-13T18:00:00Z,2025-12-13T18:00:00.000Z,8741,Península
366105.0,2025-12-13T20:00:00.000+01:00,2025-12-13T19:00:00Z,2025-12-13T19:00:00.000Z,8741,Península
364369.0,2025-12-13T21:00:00.000+01:00,2025-12-13T20:00:00Z,2025-12-13T20:00:00.000Z,8741,Península
341482.0,2025-12-13T22:00:00.000+01:00,2025-12-13T21:00:00Z,2025-12-13T21:00:00.000Z,8741,Península
316853.0,2025-12-13T23:00:00.000+01:00,2025-12-13T22:00:00Z,2025-12-13T22:00:00.000Z,8741,Península
292345.0,2025-12-14T00:00:00.000+01:00,2025-12-13T23:00:00Z,2025-12-13T23:00:00.000Z,8741,Península
270192.0,2025-12-14T01:00:00.000+01:00,2025-12-14T00:00:00Z,2025-12-14T00:00:00.000Z,8741,Península
256259.0,2025-12-14T02:00:00.000+01:00,2025-12-14T01:00:00Z,2025-12-14T01:00:00.000Z,8741,Península
248153.0,2025-12-14T03:00:00.000+01:00,2025-12-14T02:00:00Z,2025-12-14T02:00:00.000Z,8741,Península
242784.0,2025-12-14T04:00:00.000+01:00,2025-12-14T03:00:00Z,2025-12-14T03:00:00.000Z,8741,Península
243583.0,2025-12-14T05:00:00.000+01:00,2025-12-14T04:00:00Z,2025-12-14T04:00:00.000Z,8741,Península
251808.0,2025-12-14T06:00:00.000+01:00,2025-12-14T05:00:00Z,2025-12-14T05:00:00.000Z,8741,Península
264712.0,2025-12-14T07:00:00.000+01:00,2025-12-14T06:00:00Z,2025-12-14T06:00:00.000Z,8741,Península
277314.0,2025-12-14T08:00:00.000+01:00,2025-12-14T07:00:00Z,2025-12-14T07:00:00.000Z,8741,Península
304267.0,2025-12-14T09:00:00.000+01:00,2025-12-14T08:00:00Z,2025-12-14T08:00:00.000Z,8741,Península
340399.0,2025-12-14T10:00:00.000+01:00,2025-12-14T09:00:00Z,2025-12-14T09:00:00.000Z,8741,Península
355806.0,2025-12-14T11:00:00.000+01:00,2025-12-14T10:00:00Z,2025-12-14T10:00:00.000Z,8741,Península
361328.0,2025-12-14T12:00:00.000+01:00,2025-12-14T11:00:00Z,2025-12-14T11:00:00.000Z,8741,Península
369666.0,2025-12-14T13:00:00.000+01:00,2025-12-14T12:00:00Z,2025-12-14T12:00:00.000Z,8741,Península
370106.0,2025-12-14T14:00:00.000+01:00,2025-12-14T13:00:00Z,2025-12-14T13:00:00.000Z,8741,Península
358387.0,2025-12-14T15:00:00.000+01:00,2025-12-14T14:00:00Z,2025-12-14T14:00:00.000Z,8741,Península
342833.0,2025-12-14T16:00:00.000+01:00,2025-12-14T15:00:00Z,2025-12-14T15:00:00.000Z,8741,Península
336239.0,2025-12-14T17:00:00.000+01:00,2025-12-14T16:00:00Z,2025-12-14T16:00:00.000Z,8741,Península
353325.0,2025-12-14T18:00:00.000+01:00,2025-12-14T17:00:00Z,2025-12-14T17:00:00.000Z,8741,Península
364626.0,2025-12-14T19:00:00.000+01:00,2025-12-14T18:00:00Z,2025-12-14T18:00:00.000Z,8741,Península
375576.0,2025-12-14T20:00:00.000+01:00,2025-12-14T19:00:00Z,2025-12-14T19:00:00.000Z,8741,Península
372299.0,2025-12-14T21:00:00.000+01:00,2025-12-14T20:00:00Z,2025-12-14T20:00:00.000Z,8741,Península
347329.0,2025-12-14T22:00:00.000+01:00,2025-12-14T21:00:00Z,2025-12-14T21:00:00.000Z,8741,Península
313470.0,2025-12-14T23:00:00.000+01:00,2025-12-14T22:00:00Z,2025-12-14T22:00:00.000Z,8741,Península
286334.0,2025-12-15T00:00:00.000+01:00,2025-12-14T23:00:00Z,2025-12-14T23:00:00.000Z,8741,Península
269337.0,2025-12-15T01:00:00.000+01:00,2025-12-15T00:00:00Z,2025-12-15T00:00:00.000Z,8741,Península
256656.0,2025-12-15T02:00:00.000+01:00,2025-12-15T01:00:00Z,2025-12-15T01:00:00.000Z,8741,Península
252387.0,2025-12-15T03:00:00.000+01:00,2025-12-15T02:00:00Z,2025-12-15T02:00:00.000Z,8741,Península
251544.0,2025-12-15T04:00:00.000+01:00,2025-12-15T03:00:00Z,2025-12-15T03:00:00.000Z,8741,Península
262977.0,2025-12-15T05:00:00.000+01:00,2025-12-15T04:00:00Z,2025-12-15T04:00:00.000Z,8741,Península
305173.0,2025-12-15T06:00:00.000+01:00,2025-12-15T05:00:00Z,2025-12-15T05:00:00.000Z,8741,Península
361603.0,2025-12-15T07:00:00.000+01:00,2025-12-15T06:00:00Z,2025-12-15T06:00:00.000Z,8741,Península
398175.0,2025-12-15T08:00:00.000+01:00,2025-12-15T07:00:00Z,2025-12-15T07:00:00.000Z,8741,Península
411296.0,2025-12-15T09:00:00.000+01:00,2025-12-15T08:00:00Z,2025-12-15T08:00:00.000Z,8741,Península
422318.0,2025-12-15T10:00:00.000+01:00,2025-12-15T09:00:00Z,2025-12-15T09:00:00.000Z,8741,Península
423095.0,2025-12-15T11:00:00.000+01:00,2025-12-15T10:00:00Z,2025-12-15T10:00:00.000Z,8741,Península
423985.0,2025-12-15T12:00:00.000+01:00,2025-12-15T11:00:00Z,2025-12-15T11:00:00.000Z,8741,Península
427106.0,2025-12-15T13:00:00.000+01:00,2025-12-15T12:00:00Z,2025-12-15T12:00:00.000Z,8741,Península
423430.0,2025-12-15T14:00:00.000+01:00,2025-12-15T13:00:00Z,2025-12-15T13:00:00.000Z,8741,Península
417306.0,2025-12-15T15:00:00.000+01:00,2025-12-15T14:00:00Z,2025-12-15T14:00:00.000Z,8741,Península
409908.0,2025-12-15T16:00:00.000+01:00,2025-12-15T15:00:00Z,2025-12-15T15:00:00.000Z,8741,Península
413036.0,2025-12-15T17:00:00.000+01:00,2025-12-15T16:00:00Z,2025-12-15T16:00:00.000Z,8741,Península
425370.0,2025-12-15T18:00:00.000+01:00,2025-12-15T17:00:00Z,2025-12-15T17:00:00.000Z,8741,Península
429706.0,2025-12-15T19:00:00.000+01:00,2025-12-15T18:00:00Z,2025-12-15T18:00:00.000Z,8741,Península
436008.0,2025-12-15T20:00:00.000+01:00,2025-12-15T19:00:00Z,2025-12-15T19:00:00.000Z,8741,Península
425662.0,2025-12-15T21:00:00.000+01:00,2025-12-15T20:00:00Z,2025-12-15T20:00:00.000Z,8741,Península
382563.0,2025-12-15T22:00:00.000+01:00,2025-12-15T21:00:00Z,2025-12-15T21:00:00.000Z,8741,Península
340969.0,2025-12-15T23:00:00.000+01:00,2025-12-15T22:00:00Z,2025-12-15T22:00:00.000Z,8741,Península
313160.0,2025-12-16T00:00:00.000+01:00,2025-12-15T23:00:00Z,2025-12-15T23:00:00.000Z,8741,Península
295141.0,2025-12-16T01:00:00.000+01:00,2025-12-16T00:00:00Z,2025-12-16T00:00:00.000Z,8741,Península
280399.0,2025-12-16T02:00:00.000+01:00,2025-12-16T01:00:00Z,2025-12-16T01:00:00.000Z,8741,Península
272883.0,2025-12-16T03:00:00.000+01:00,2025-12-16T02:00:00Z,2025-12-16T02:00:00.000Z,8741,Península
272315.0,2025-12-16T04:00:00.000+01:00,2025-12-16T03:00:00Z,2025-12-16T03:00:00.000Z,8741,Península
280285.0,2025-12-16T05:00:00.000+01:00,2025-12-16T04:00:00Z,2025-12-16T04:00:00.000Z,8741,Península
317576.0,2025-12-16T06:00:00.000+01:00,2025-12-16T05:00:00Z,2025-12-16T05:00:00.000Z,8741,Península
371592.0,2025-12-16T07:00:00.000+01:00,2025-12-16T06:00:00Z,2025-12-16T06:00:00.000Z,8741,Península
404191.0,2025-12-16T08:00:00.000+01:00,2025-12-16T07:00:00Z,2025-12-16T07:00:00.000Z,8741,Península
415744.0,2025-12-16T09:00:00.000+01:00,2025-12-16T08:00:00Z,2025-12-16T08:00:00.000Z,8741,Península
425080.0,2025-12-16T10:00:00.000+01:00,2025-12-16T09:00:00Z,2025-12-16T09:00:00.000Z,8741,Península
429686.0,2025-12-16T11:00:00.000+01:00,2025-12-16T10:00:00Z,2025-12-16T10:00:00.000Z,8741,Península
431040.0,2025-12-16T12:00:00.000+01:00,2025-12-16T11:00:00Z,2025-12-16T11:00:00.000Z,8741,Península
432650.0,2025-12-16T13:00:00.000+01:00,2025-12-16T12:00:00Z,2025-12-16T12:00:00.000Z,8741,Península
430877.0,2025-12-16T14:00:00.000+01:00,2025-12-16T13:00:00Z,2025-12-16T13:00:00.000Z,8741,Península
424219.0,2025-12-16T15:00:00.000+01:00,2025-12-16T14:00:00Z,2025-12-16T14:00:00.000Z,8741,Península
418828.0,2025-12-16T16:00:00.000+01:00,2025-12-16T15:00:00Z,2025-12-16T15:00:00.000Z,8741,Península
420272.0,2025-12-16T17:00:00.000+01:00,2025-12-16T16:00:00Z,2025-12-16T16:00:00.000Z,8741,Península
432758.0,2025-12-16T18:00:00.000+01:00,2025-12-16T17:00:00Z,2025-12-16T17:00:00.000Z,8741,Península
439811.0,2025-12-16T19:00:00.000+01:00,2025-12-16T18:00:00Z,2025-12-16T18:00:00.000Z,8741,Península
444765.0,2025-12-16T20:00:00.000+01:00,2025-12-16T19:00:00Z,2025-12-16T19:00:00.000Z,8741,Península
433328.0,2025-12-16T21:00:00.000+01:00,2025-12-16T20:00:00Z,2025-12-16T20:00:00.000Z,8741,Península
390065.0,2025-12-16T22:00:00.000+01:00,2025-12-16T21:00:00Z,2025-12-16T21:00:00.000Z,8741,Península
345314.0,2025-12-16T23:00:00.000+01:00,2025-12-16T22:00:00Z,2025-12-16T22:00:00.000Z,8741,Península
313292.0,2025-12-17T00:00:00.000+01:00,2025-12-16T23:00:00Z,2025-12-16T23:00:00.000Z,8741,Península
289895.0,2025-12-17T01:00:00.000+01:00,2025-12-17T00:00:00Z,2025-12-17T00:00:00.000Z,8741,Península
277997.0,2025-12-17T02:00:00.000+01:00,2025-12-17T01:00:00Z,2025-12-17T01:00:00.000Z,8741,Península
272016.0,2025-12-17T03:00:00.000+01:00,2025-12-17T02:00:00Z,2025-12-17T02:00:00.000Z,8741,Península
272042.0,2025-12-17T04:00:00.000+01:00,2025-12-17T03:00:00Z,2025-12-17T03:00:00.000Z,8741,Península
280787.0,2025-12-17T05:00:00.000+01:00,2025-12-17T04:00:00Z,2025-12-17T04:00:00.000Z,8741,Península
316921.0,2025-12-17T06:00:00.000+01:00,2025-12-17T05:00:00Z,2025-12-17T05:00:00.000Z,8741,Península
372099.0,2025-12-17T07:00:00.000+01:00,2025-12-17T06:00:00Z,2025-12-17T06:00:00.000Z,8741,Península
407125.0,2025-12-17T08:00:00.000+01:00,2025-12-17T07:00:00Z,2025-12-17T07:00:00.000Z,8741,Península
416688.0,2025-12-17T09:00:00.000+01:00,2025-12-17T08:00:00Z,2025-12-17T08:00:00.000Z,8741,Península
428313.0,2025-12-17T10:00:00.000+01:00,2025-12-17T09:00:00Z,2025-12-17T09:00:00.000Z,8741,Península
428219.0,2025-12-17T11:00:00.000+01:00,2025-12-17T10:00:00Z,2025-12-17T10:00:00.000Z,8741,Península
423218.0,2025-12-17T12:00:00.000+01:00,2025-12-17T11:00:00Z,2025-12-17T11:00:00.000Z,8741,Península
422320.0,2025-12-17T13:00:00.000+01:00,2025-12-17T12:00:00Z,2025-12-17T12:00:00.000Z,8741,Península
421536.0,2025-12-17T14:00:00.000+01:00,2025-12-17T13:00:00Z,2025-12-17T13:00:00.000Z,8741,Península
419422.0,2025-12-17T15:00:00.000+01:00,2025-12-17T14:00:00Z,2025-12-17T14:00:00.000Z,8741,Península
414016.0,2025-12-17T16:00:00.000+01:00,2025-12-17T15:00:00Z,2025-12-17T15:00:00.000Z,8741,Península
410389.0,2025-12-17T17:00:00.000+01:00,2025-12-17T16:00:00Z,2025-12-17T16:00:00.000Z,8741,Península
424150.0,2025-12-17T18:00:00.000+01:00,2025-12-17T17:00:00Z,2025-12-17T17:00:00.000Z,8741,Península
432067.0,2025-12-17T19:00:00.000+01:00,2025-12-17T18:00:00Z,2025-12-17T18:00:00.000Z,8741,Península
439213.0,2025-12-17T20:00:00.000+01:00,2025-12-17T19:00:00Z,2025-12-17T19:00:00.000Z,8741,Península
429717.0,2025-12-17T21:00:00.000+01:00,2025-12-17T20:00:00Z,2025-12-17T20:00:00.000Z,8741,Península
390547.0,2025-12-17T22:00:00.000+01:00,2025-12-17T21:00:00Z,2025-12-17T21:00:00.000Z,8741,Península
348795.0,2025-12-17T23:00:00.000+01:00,2025-12-17T22:00:00Z,2025-12-17T22:00:00.000Z,8741,Península
318273.0,2025-12-18T00:00:00.000+01:00,2025-12-17T23:00:00Z,2025-12-17T23:00:00.000Z,8741,Península
296497.0,2025-12-18T01:00:00.000+01:00,2025-12-18T00:00:00Z,2025-12-18T00:00:00.000Z,8741,Península
282297.0,2025-12-18T02:00:00.000+01:00,2025-12-18T01:00:00Z,2025-12-18T01:00:00.000Z,8741,Península
275566.0,2025-12-18T03:00:00.000+01:00,2025-12-18T02:00:00Z,2025-12-18T02:00:00.000Z,8741,Península
274398.0,2025-12-18T04:00:00.000+01:00,2025-12-18T03:00:00Z,2025-12-18T03:00:00.000Z,8741,Península
282182.0,2025-12-18T05:00:00.000+01:00,2025-12-18T04:00:00Z,2025-12-18T04:00:00.000Z,8741,Península
318339.0,2025-12-18T06:00:00.000+01:00,2025-12-18T05:00:00Z,2025-12-18T05:00:00.000Z,8741,Península
374773.0,2025-12-18T07:00:00.000+01:00,2025-12-18T06:00:00Z,2025-12-18T06:00:00.000Z,8741,Península
410116.0,2025-12-18T08:00:00.000+01:00,2025-12-18T07:00:00Z,2025-12-18T07:00:00.000Z,8741,Península
416010.0,2025-12-18T09:00:00.000+01:00,2025-12-18T08:00:00Z,2025-12-18T08:00:00.000Z,8741,Península
425483.0,2025-12-18T10:00:00.000+01:00,2025-12-18T09:00:00Z,2025-12-18T09:00:00.000Z,8741,Península
424090.0,2025-12-18T11:00:00.000+01:00,2025-12-18T10:00:00Z,2025-12-18T10:00:00.000Z,8741,Península
419376.0,2025-12-18T12:00:00.000+01:00,2025-12-18T11:00:00Z,2025-12-18T11:00:00.000Z,8741,Península
412400.0,2025-12-18T13:00:00.000+01:00,2025-12-18T12:00:00Z,2025-12-18T12:00:00.000Z,8741,Península
410571.0,2025-12-18T14:00:00.000+01:00,2025-12-18T13:00:00Z,2025-12-18T13:00:00.000Z,8741,Península
409610.0,2025-12-18T15:00:00.000+01:00,2025-12-18T14:00:00Z,2025-12-18T14:00:00.000Z,8741,Península
407118.0,2025-12-18T16:00:00.000+01:00,2025-12-18T15:00:00Z,2025-12-18T15:00:00.000Z,8741,Península
407345.0,2025-12-18T17:00:00.000+01:00,2025-12-18T16:00:00Z,2025-12-18T16:00:00.000Z,8741,Península
418424.0,2025-12-18T18:00:00.000+01:00,2025-12-18T17:00:00Z,2025-12-18T17:00:00.000Z,8741,Península
424796.0,2025-12-18T19:00:00.000+01:00,2025-12-18T18:00:00Z,2025-12-18T18:00:00.000Z,8741,Península
433939.0,2025-12-18T20:00:00.000+01:00,2025-12-18T19:00:00Z,2025-12-18T19:00:00.000Z,8741,Península
424996.0,2025-12-18T21:00:00.000+01:00,2025-12-18T20:00:00Z,2025-12-18T20:00:00.000Z,8741,Península
386796.0,2025-12-18T22:00:00.000+01:00,2025-12-18T21:00:00Z,2025-12-18T21:00:00.000Z,8741,Península
347099.0,2025-12-18T23:00:00.000+01:00,2025-12-18T22:00:00Z,2025-12-18T22:00:00.000Z,8741,Península
317793.0,2025-12-19T00:00:00.000+01:00,2025-12-18T23:00:00Z,2025-12-18T23:00:00.000Z,8741,Península
296784.0,2025-12-19T01:00:00.000+01:00,2025-12-19T00:00:00Z,2025-12-19T00:00:00.000Z,8741,Península
282211.0,2025-12-19T02:00:00.000+01:00,2025-12-19T01:00:00Z,2025-12-19T01:00:00.000Z,8741,Península
274127.0,2025-12-19T03:00:00.000+01:00,2025-12-19T02:00:00Z,2025-12-19T02:00:00.000Z,8741,Península
274990.0,2025-12-19T04:00:00.000+01:00,2025-12-19T03:00:00Z,2025-12-19T03:00:00.000Z,8741,Península
282248.0,2025-12-19T05:00:00.000+01:00,2025-12-19T04:00:00Z,2025-12-19T04:00:00.000Z,8741,Península
316127.0,2025-12-19T06:00:00.000+01:00,2025-12-19T05:00:00Z,2025-12-19T05:00:00.000Z,8741,Península
369556.0,2025-12-19T07:00:00.000+01:00,2025-12-19T06:00:00Z,2025-12-19T06:00:00.000Z,8741,Península
402115.0,2025-12-19T08:00:00.000+01:00,2025-12-19T07:00:00Z,2025-12-19T07:00:00.000Z,8741,Península
412078.0,2025-12-19T09:00:00.000+01:00,2025-12-19T08:00:00Z,2025-12-19T08:00:00.000Z,8741,Península
417979.0,2025-12-19T10:00:00.000+01:00,2025-12-19T09:00:00Z,2025-12-19T09:00:00.000Z,8741,Península
416906.0,2025-12-19T11:00:00.000+01:00,2025-12-19T10:00:00Z,2025-12-19T10:00:00.000Z,8741,Península
414771.0,2025-12-19T12:00:00.000+01:00,2025-12-19T11:00:00Z,2025-12-19T11:00:00.000Z,8741,Península
417742.0,2025-12-19T13:00:00.000+01:00,2025-12-19T12:00:00Z,2025-12-19T12:00:00.000Z,8741,Península
415707.0,2025-12-19T14:00:00.000+01:00,2025-12-19T13:00:00Z,2025-12-19T13:00:00.000Z,8741,Península
408156.0,2025-12-19T15:00:00.000+01:00,2025-12-19T14:00:00Z,2025-12-19T14:00:00.000Z,8741,Península
401730.0,2025-12-19T16:00:00.000+01:00,2025-12-19T15:00:00Z,2025-12-19T15:00:00.000Z,8741,Península
403440.0,2025-12-19T17:00:00.000+01:00,2025-12-19T16:00:00Z,2025-12-19T16:00:00.000Z,8741,Península
412885.0,2025-12-19T18:00:00.000+01:00,2025-12-19T17:00:00Z,2025-12-19T17:00:00.000Z,8741,Península
415058.0,2025-12-19T19:00:00.000+01:00,2025-12-19T18:00:00Z,2025-12-19T18:00:00.000Z,8741,Península
415562.0,2025-12-19T20:00:00.000+01:00,2025-12-19T19:00:00Z,2025-12-19T19:00:00.000Z,8741,Península
403285.0,2025-12-19T21:00:00.000+01:00,2025-12-19T20:00:00Z,2025-12-19T20:00:00.000Z,8741,Península
371571.0,2025-12-19T22:00:00.000+01:00,2025-12-19T21:00:00Z,2025-12-19T21:00:00.000Z,8741,Península
341475.0,2025-12-19T23:00:00.000+01:00,2025-12-19T22:00:00Z,2025-12-19T22:00:00.000Z,8741,Península
315617.0,2025-12-20T00:00:00.000+01:00,2025-12-19T23:00:00Z,2025-12-19T23:00:00.000Z,8741,Península
291607.0,2025-12-20T01:00:00.000+01:00,2025-12-20T00:00:00Z,2025-12-20T00:00:00.000Z,8741,Península
272576.0,2025-12-20T02:00:00.000+01:00,2025-12-20T01:00:00Z,2025-12-20T01:00:00.000Z,8741,Península
261647.0,2025-12-20T03:00:00.000+01:00,2025-12-20T02:00:00Z,2025-12-20T02:00:00.000Z,8741,Península
255734.0,2025-12-20T04:00:00.000+01:00,2025-12-20T03:00:00Z,2025-12-20T03:00:00.000Z,8741,Península
255682.0,2025-12-20T05:00:00.000+01:00,2025-12-20T04:00:00Z,2025-12-20T04:00:00.000Z,8741,Península
266789.0,2025-12-20T06:00:00.000+01:00,2025-12-20T05:00:00Z,2025-12-20T05:00:00.000Z,8741,Península
285223.0,2025-12-20T07:00:00.000+01:00,2025-12-20T06:00:00Z,2025-12-20T06:00:00.000Z,8741,Península
307320.0,2025-12-20T08:00:00.000+01:00,2025-12-20T07:00:00Z,2025-12-20T07:00:00.000Z,8741,Península
336500.0,2025-12-20T09:00:00.000+01:00,2025-12-20T08:00:00Z,2025-12-20T08:00:00.000Z,8741,Península
361170.0,2025-12-20T10:00:00.000+01:00,2025-12-20T09:00:00Z,2025-12-20T09:00:00.000Z,8741,Península
369046.0,2025-12-20T11:00:00.000+01:00,2025-12-20T10:00:00Z,2025-12-20T10:00:00.000Z,8741,Península
370330.0,2025-12-20T12:00:00.000+01:00,2025-12-20T11:00:00Z,2025-12-20T11:00:00.000Z,8741,Península
373186.0,2025-12-20T13:00:00.000+01:00,2025-12-20T12:00:00Z,2025-12-20T12:00:00.000Z,8741,Península
372066.0,2025-12-20T14:00:00.000+01:00,2025-12-20T13:00:00Z,2025-12-20T13:00:00.000Z,8741,Península
361233.0,2025-12-20T15:00:00.000+01:00,2025-12-20T14:00:00Z,2025-12-20T14:00:00.000Z,8741,Península
349584.0,2025-12-20T16:00:00.000+01:00,2025-12-20T15:00:00Z,2025-12-20T15:00:00.000Z,8741,Península
346168.0,2025-12-20T17:00:00.000+01:00,2025-12-20T16:00:00Z,2025-12-20T16:00:00.000Z,8741,Península
359879.0,2025-12-20T18:00:00.000+01:00,2025-12-20T17:00:00Z,2025-12-20T17:00:00.000Z,8741,Península
363761.0,2025-12-20T19:00:00.000+01:00,2025-12-20T18:00:00Z,2025-12-20T18:00:00.000Z,8741,Península
368908.0,2025-12-20T20:00:00.000+01:00,2025-12-20T19:00:00Z,2025-12-20T19:00:00.000Z,8741,Península
365660.0,2025-12-20T21:00:00.000+01:00,2025-12-20T20:00:00Z,2025-12-20T20:00:00.000Z,8741,Península
341901.0,2025-12-20T22:00:00.000+01:00,2025-12-20T21:00:00Z,2025-12-20T21:00:00.000Z,8741,Península
315364.0,2025-12-20T23:00:00.000+01:00,2025-12-20T22:00:00Z,2025-12-20T22:00:00.000Z,8741,Península
288699.0,2025-12-21T00:00:00.000+01:00,2025-12-20T23:00:00Z,2025-12-20T23:00:00.000Z,8741,Península
267821.0,2025-12-21T01:00:00.000+01:00,2025-12-21T00:00:00Z,2025-12-21T00:00:00.000Z,8741,Península
251348.0,2025-12-21T02:00:00.000+01:00,2025-12-21T01:00:00Z,2025-12-21T01:00:00.000Z,8741,Península
240372.0,2025-12-21T03:00:00.000+01:00,2025-12-21T02:00:00Z,2025-12-21T02:00:00.000Z,8741,Península
237657.0,2025-12-21T04:00:00.000+01:00,2025-12-21T03:00:00Z,2025-12-21T03:00:00.000Z,8741,Península
237368.0,2025-12-21T05:00:00.000+01:00,2025-12-21T04:00:00Z,2025-12-21T04:00:00.000Z,8741,Península
242815.0,2025-12-21T06:00:00.000+01:00,2025-12-21T05:00:00Z,2025-12-21T05:00:00.000Z,8741,Península
253200.0,2025-12-21T07:00:00.000+01:00,2025-12-21T06:00:00Z,2025-12-21T06:00:00.000Z,8741,Península
268905.0,2025-12-21T08:00:00.000+01:00,2025-12-21T07:00:00Z,2025-12-21T07:00:00.000Z,8741,Península
297341.0,2025-12-21T09:00:00.000+01:00,2025-12-21T08:00:00Z,2025-12-21T08:00:00.000Z,8741,Península
328205.0,2025-12-21T10:00:00.000+01:00,2025-12-21T09:00:00Z,2025-12-21T09:00:00.000Z,8741,Península
345001.0,2025-12-21T11:00:00.000+01:00,2025-12-21T10:00:00Z,2025-12-21T10:00:00.000Z,8741,Península
351071.0,2025-12-21T12:00:00.000+01:00,2025-12-21T11:00:00Z,2025-12-21T11:00:00.000Z,8741,Península
361328.0,2025-12-21T13:00:00.000+01:00,2025-12-21T12:00:00Z,2025-12-21T12:00:00.000Z,8741,Península
363602.0,2025-12-21T14:00:00.000+01:00,2025-12-21T13:00:00Z,2025-12-21T13:00:00.000Z,8741,Península
350459.0,2025-12-21T15:00:00.000+01:00,2025-12-21T14:00:00Z,2025-12-21T14:00:00.000Z,8741,Península
343092.0,2025-12-21T16:00:00.000+01:00,2025-12-21T15:00:00Z,2025-12-21T15:00:00.000Z,8741,Península
342618.0,2025-12-21T17:00:00.000+01:00,2025-12-21T16:00:00Z,2025-12-21T16:00:00.000Z,8741,Península
358568.0,2025-12-21T18:00:00.000+01:00,2025-12-21T17:00:00Z,2025-12-21T17:00:00.000Z,8741,Península
367871.0,2025-12-21T19:00:00.000+01:00,2025-12-21T18:00:00Z,2025-12-21T18:00:00.000Z,8741,Península
378780.0,2025-12-21T20:00:00.000+01:00,2025-12-21T19:00:00Z,2025-12-21T19:00:00.000Z,8741,Península
378172.0,2025-12-21T21:00:00.000+01:00,2025-12-21T20:00:00Z,2025-12-21T20:00:00.000Z,8741,Península
354412.0,2025-12-21T22:00:00.000+01:00,2025-12-21T21:00:00Z,2025-12-21T21:00:00.000Z,8741,Península
321220.0,2025-12-21T23:00:00.000+01:00,2025-12-21T22:00:00Z,2025-12-21T22:00:00.000Z,8741,Península
291563.0,2025-12-22T00:00:00.000+01:00,2025-12-21T23:00:00Z,2025-12-21T23:00:00.000Z,8741,Península
268334.0,2025-12-22T01:00:00.000+01:00,2025-12-22T00:00:00Z,2025-12-22T00:00:00.000Z,8741,Península
253421.0,2025-12-22T02:00:00.000+01:00,2025-12-22T01:00:00Z,2025-12-22T01:00:00.000Z,8741,Península
245513.0,2025-12-22T03:00:00.000+01:00,2025-12-22T02:00:00Z,2025-12-22T02:00:00.000Z,8741,Península
245596.0,2025-12-22T04:00:00.000+01:00,2025-12-22T03:00:00Z,2025-12-22T03:00:00.000Z,8741,Península
254750.0,2025-12-22T05:00:00.000+01:00,2025-12-22T04:00:00Z,2025-12-22T04:00:00.000Z,8741,Península
289175.0,2025-12-22T06:00:00.000+01:00,2025-12-22T05:00:00Z,2025-12-22T05:00:00.000Z,8741,Península
337301.0,2025-12-22T07:00:00.000+01:00,2025-12-22T06:00:00Z,2025-12-22T06:00:00.000Z,8741,Península
379847.0,2025-12-22T08:00:00.000+01:00,2025-12-22T07:00:00Z,2025-12-22T07:00:00.000Z,8741,Península
407548.0,2025-12-22T09:00:00.000+01:00,2025-12-22T08:00:00Z,2025-12-22T08:00:00.000Z,8741,Península
423810.0,2025-12-22T10:00:00.000+01:00,2025-12-22T09:00:00Z,2025-12-22T09:00:00.000Z,8741,Península
423384.0,2025-12-22T11:00:00.000+01:00,2025-12-22T10:00:00Z,2025-12-22T10:00:00.000Z,8741,Península
421113.0,2025-12-22T12:00:00.000+01:00,2025-12-22T11:00:00Z,2025-12-22T11:00:00.000Z,8741,Península
421401.0,2025-12-22T13:00:00.000+01:00,2025-12-22T12:00:00Z,2025-12-22T12:00:00.000Z,8741,Península
421227.0,2025-12-22T14:00:00.000+01:00,2025-12-22T13:00:00Z,2025-12-22T13:00:00.000Z,8741,Península
418001.0,2025-12-22T15:00:00.000+01:00,2025-12-22T14:00:00Z,2025-12-22T14:00:00.000Z,8741,Península
409673.0,2025-12-22T16:00:00.000+01:00,2025-12-22T15:00:00Z,2025-12-22T15:00:00.000Z,8741,Península
406255.0,2025-12-22T17:00:00.000+01:00,2025-12-22T16:00:00Z,2025-12-22T16:00:00.000Z,8741,Península
416180.0,2025-12-22T18:00:00.000+01:00,2025-12-22T17:00:00Z,2025-12-22T17:00:00.000Z,8741,Península
420734.0,2025-12-22T19:00:00.000+01:00,2025-12-22T18:00:00Z,2025-12-22T18:00:00.000Z,8741,Península
428125.0,2025-12-22T20:00:00.000+01:00,2025-12-22T19:00:00Z,2025-12-22T19:00:00.000Z,8741,Península
420595.0,2025-12-22T21:00:00.000+01:00,2025-12-22T20:00:00Z,2025-12-22T20:00:00.000Z,8741,Península
383894.0,2025-12-22T22:00:00.000+01:00,2025-12-22T21:00:00Z,2025-12-22T21:00:00.000Z,8741,Península
342012.0,2025-12-22T23:00:00.000+01:00,2025-12-22T22:00:00Z,2025-12-22T22:00:00.000Z,8741,Península
308851.0,2025-12-23T00:00:00.000+01:00,2025-12-22T23:00:00Z,2025-12-22T23:00:00.000Z,8741,Península
283033.0,2025-12-23T01:00:00.000+01:00,2025-12-23T00:00:00Z,2025-12-23T00:00:00.000Z,8741,Península
266469.0,2025-12-23T02:00:00.000+01:00,2025-12-23T01:00:00Z,2025-12-23T01:00:00.000Z,8741,Península
258249.0,2025-12-23T03:00:00.000+01:00,2025-12-23T02:00:00Z,2025-12-23T02:00:00.000Z,8741,Península
257225.0,2025-12-23T04:00:00.000+01:00,2025-12-23T03:00:00Z,2025-12-23T03:00:00.000Z,8741,Península
265812.0,2025-12-23T05:00:00.000+01:00,2025-12-23T04:00:00Z,2025-12-23T04:00:00.000Z,8741,Península
296794.0,2025-12-23T06:00:00.000+01:00,2025-12-23T05:00:00Z,2025-12-23T05:00:00.000Z,8741,Península
339765.0,2025-12-23T07:00:00.000+01:00,2025-12-23T06:00:00Z,2025-12-23T06:00:00.000Z,8741,Península
379169.0,2025-12-23T08:00:00.000+01:00,2025-12-23T07:00:00Z,2025-12-23T07:00:00.000Z,8741,Península
406278.0,2025-12-23T09:00:00.000+01:00,2025-12-23T08:00:00Z,2025-12-23T08:00:00.000Z,8741,Península
420237.0,2025-12-23T10:00:00.000+01:00,2025-12-23T09:00:00Z,2025-12-23T09:00:00.000Z,8741,Península
422556.0,2025-12-23T11:00:00.000+01:00,2025-12-23T10:00:00Z,2025-12-23T10:00:00.000Z,8741,Península
422009.0,2025-12-23T12:00:00.000+01:00,2025-12-23T11:00:00Z,2025-12-23T11:00:00.000Z,8741,Península
425870.0,2025-12-23T13:00:00.000+01:00,2025-12-23T12:00:00Z,2025-12-23T12:00:00.000Z,8741,Península
422871.0,2025-12-23T14:00:00.000+01:00,2025-12-23T13:00:00Z,2025-12-23T13:00:00.000Z,8741,Península
414353.0,2025-12-23T15:00:00.000+01:00,2025-12-23T14:00:00Z,2025-12-23T14:00:00.000Z,8741,Península
407370.0,2025-12-23T16:00:00.000+01:00,2025-12-23T15:00:00Z,2025-12-23T15:00:00.000Z,8741,Península
407837.0,2025-12-23T17:00:00.000+01:00,2025-12-23T16:00:00Z,2025-12-23T16:00:00.000Z,8741,Península
417196.0,2025-12-23T18:00:00.000+01:00,2025-12-23T17:00:00Z,2025-12-23T17:00:00.000Z,8741,Península
417681.0,2025-12-23T19:00:00.000+01:00,2025-12-23T18:00:00Z,2025-12-23T18:00:00.000Z,8741,Península
421541.0,2025-12-23T20:00:00.000+01:00,2025-12-23T19:00:00Z,2025-12-23T19:00:00.000Z,8741,Península
414103.0,2025-12-23T21:00:00.000+01:00,2025-12-23T20:00:00Z,2025-12-23T20:00:00.000Z,8741,Península
379676.0,2025-12-23T22:00:00.000+01:00,2025-12-23T21:00:00Z,2025-12-23T21:00:00.000Z,8741,Península
342045.0,2025-12-23T23:00:00.000+01:00,2025-12-23T22:00:00Z,2025-12-23T22:00:00.000Z,8741,Península
307821.0,2025-12-24T00:00:00.000+01:00,2025-12-23T23:00:00Z,2025-12-23T23:00:00.000Z,8741,Península
282662.0,2025-12-24T01:00:00.000+01:00,2025-12-24T00:00:00Z,2025-12-24T00:00:00.000Z,8741,Península
264633.0,2025-12-24T02:00:00.000+01:00,2025-12-24T01:00:00Z,2025-12-24T01:00:00.000Z,8741,Península
253995.0,2025-12-24T03:00:00.000+01:00,2025-12-24T02:00:00Z,2025-12-24T02:00:00.000Z,8741,Península
249408.0,2025-12-24T04:00:00.000+01:00,2025-12-24T03:00:00Z,2025-12-24T03:00:00.000Z,8741,Península
252274.0,2025-12-24T05:00:00.000+01:00,2025-12-24T04:00:00Z,2025-12-24T04:00:00.000Z,8741,Península
271075.0,2025-12-24T06:00:00.000+01:00,2025-12-24T05:00:00Z,2025-12-24T05:00:00.000Z,8741,Península
300127.0,2025-12-24T07:00:00.000+01:00,2025-12-24T06:00:00Z,2025-12-24T06:00:00.000Z,8741,Península
330701.0,2025-12-24T08:00:00.000+01:00,2025-12-24T07:00:00Z,2025-12-24T07:00:00.000Z,8741,Península
361384.0,2025-12-24T09:00:00.000+01:00,2025-12-24T08:00:00Z,2025-12-24T08:00:00.000Z,8741,Península
378887.0,2025-12-24T10:00:00.000+01:00,2025-12-24T09:00:00Z,2025-12-24T09:00:00.000Z,8741,Península
377776.0,2025-12-24T11:00:00.000+01:00,2025-12-24T10:00:00Z,2025-12-24T10:00:00.000Z,8741,Península
371668.0,2025-12-24T12:00:00.000+01:00,2025-12-24T11:00:00Z,2025-12-24T11:00:00.000Z,8741,Península
369299.0,2025-12-24T13:00:00.000+01:00,2025-12-24T12:00:00Z,2025-12-24T12:00:00.000Z,8741,Península
367866.0,2025-12-24T14:00:00.000+01:00,2025-12-24T13:00:00Z,2025-12-24T13:00:00.000Z,8741,Península
362236.0,2025-12-24T15:00:00.000+01:00,2025-12-24T14:00:00Z,2025-12-24T14:00:00.000Z,8741,Península
353886.0,2025-12-24T16:00:00.000+01:00,2025-12-24T15:00:00Z,2025-12-24T15:00:00.000Z,8741,Península
354719.0,2025-12-24T17:00:00.000+01:00,2025-12-24T16:00:00Z,2025-12-24T16:00:00.000Z,8741,Península
375289.0,2025-12-24T18:00:00.000+01:00,2025-12-24T17:00:00Z,2025-12-24T17:00:00.000Z,8741,Península
371468.0,2025-12-24T19:00:00.000+01:00,2025-12-24T18:00:00Z,2025-12-24T18:00:00.000Z,8741,Península
357571.0,2025-12-24T20:00:00.000+01:00,2025-12-24T19:00:00Z,2025-12-24T19:00:00.000Z,8741,Península
332619.0,2025-12-24T21:00:00.000+01:00,2025-12-24T20:00:00Z,2025-12-24T20:00:00.000Z,8741,Península
296370.0,2025-12-24T22:00:00.000+01:00,2025-12-24T21:00:00Z,2025-12-24T21:00:00.000Z,8741,Península
280463.0,2025-12-24T23:00:00.000+01:00,2025-12-24T22:00:00Z,2025-12-24T22:00:00.000Z,8741,Península
271574.0,2025-12-25T00:00:00.000+01:00,2025-12-24T23:00:00Z,2025-12-24T23:00:00.000Z,8741,Península
259796.0,2025-12-25T01:00:00.000+01:00,2025-12-25T00:00:00Z,2025-12-25T00:00:00.000Z,8741,Península
243473.0,2025-12-25T02:00:00.000+01:00,2025-12-25T01:00:00Z,2025-12-25T01:00:00.000Z,8741,Península
229631.0,2025-12-25T03:00:00.000+01:00,2025-12-25T02:00:00Z,2025-12-25T02:00:00.000Z,8741,Península
222156.0,2025-12-25T04:00:00.000+01:00,2025-12-25T03:00:00Z,2025-12-25T03:00:00.000Z,8741,Península
220390.0,2025-12-25T05:00:00.000+01:00,2025-12-25T04:00:00Z,2025-12-25T04:00:00.000Z,8741,Península
225444.0,2025-12-25T06:00:00.000+01:00,2025-12-25T05:00:00Z,2025-12-25T05:00:00.000Z,8741,Península
231703.0,2025-12-25T07:00:00.000+01:00,2025-12-25T06:00:00Z,2025-12-25T06:00:00.000Z,8741,Península
241162.0,2025-12-25T08:00:00.000+01:00,2025-12-25T07:00:00Z,2025-12-25T07:00:00.000Z,8741,Península
265643.0,2025-12-25T09:00:00.000+01:00,2025-12-25T08:00:00Z,2025-12-25T08:00:00.000Z,8741,Península
303507.0,2025-12-25T10:00:00.000+01:00,2025-12-25T09:00:00Z,2025-12-25T09:00:00.000Z,8741,Península
329249.0,2025-12-25T11:00:00.000+01:00,2025-12-25T10:00:00Z,2025-12-25T10:00:00.000Z,8741,Península
342949.0,2025-12-25T12:00:00.000+01:00,2025-12-25T11:00:00Z,2025-12-25T11:00:00.000Z,8741,Península
347443.0,2025-12-25T13:00:00.000+01:00,2025-12-25T12:00:00Z,2025-12-25T12:00:00.000Z,8741,Península
340283.0,2025-12-25T14:00:00.000+01:00,2025-12-25T13:00:00Z,2025-12-25T13:00:00.000Z,8741,Península
320895.0,2025-12-25T15:00:00.000+01:00,2025-12-25T14:00:00Z,2025-12-25T14:00:00.000Z,8741,Península
309812.0,2025-12-25T16:00:00.000+01:00,2025-12-25T15:00:00Z,2025-12-25T15:00:00.000Z,8741,Península
306242.0,2025-12-25T17:00:00.000+01:00,2025-12-25T16:00:00Z,2025-12-25T16:00:00.000Z,8741,Península
324863.0,2025-12-25T18:00:00.000+01:00,2025-12-25T17:00:00Z,2025-12-25T17:00:00.000Z,8741,Península
337505.0,2025-12-25T19:00:00.000+01:00,2025-12-25T18:00:00Z,2025-12-25T18:00:00.000Z,8741,Península
347125.0,2025-12-25T20:00:00.000+01:00,2025-12-25T19:00:00Z,2025-12-25T19:00:00.000Z,8741,Península
350550.0,2025-12-25T21:00:00.000+01:00,2025-12-25T20:00:00Z,2025-12-25T20:00:00.000Z,8741,Península
333505.0,2025-12-25T22:00:00.000+01:00,2025-12-25T21:00:00Z,2025-12-25T21:00:00.000Z,8741,Península
301866.0,2025-12-25T23:00:00.000+01:00,2025-12-25T22:00:00Z,2025-12-25T22:00:00.000Z,8741,Península
275144.0,2025-12-26T00:00:00.000+01:00,2025-12-25T23:00:00Z,2025-12-25T23:00:00.000Z,8741,Península
252462.0,2025-12-26T01:00:00.000+01:00,2025-12-26T00:00:00Z,2025-12-26T00:00:00.000Z,8741,Península
237919.0,2025-12-26T02:00:00.000+01:00,2025-12-26T01:00:00Z,2025-12-26T01:00:00.000Z,8741,Península
228457.0,2025-12-26T03:00:00.000+01:00,2025-12-26T02:00:00Z,2025-12-26T02:00:00.000Z,8741,Península
226482.0,2025-12-26T04:00:00.000+01:00,2025-12-26T03:00:00Z,2025-12-26T03:00:00.000Z,8741,Península
233329.0,2025-12-26T05:00:00.000+01:00,2025-12-26T04:00:00Z,2025-12-26T04:00:00.000Z,8741,Península
255911.0,2025-12-26T06:00:00.000+01:00,2025-12-26T05:00:00Z,2025-12-26T05:00:00.000Z,8741,Península
287166.0,2025-12-26T07:00:00.000+01:00,2025-12-26T06:00:00Z,2025-12-26T06:00:00.000Z,8741,Península
317474.0,2025-12-26T08:00:00.000+01:00,2025-12-26T07:00:00Z,2025-12-26T07:00:00.000Z,8741,Península
351114.0,2025-12-26T09:00:00.000+01:00,2025-12-26T08:00:00Z,2025-12-26T08:00:00.000Z,8741,Península
379667.0,2025-12-26T10:00:00.000+01:00,2025-12-26T09:00:00Z,2025-12-26T09:00:00.000Z,8741,Península
388289.0,2025-12-26T11:00:00.000+01:00,2025-12-26T10:00:00Z,2025-12-26T10:00:00.000Z,8741,Península
387609.0,2025-12-26T12:00:00.000+01:00,2025-12-26T11:00:00Z,2025-12-26T11:00:00.000Z,8741,Península
390127.0,2025-12-26T13:00:00.000+01:00,2025-12-26T12:00:00Z,2025-12-26T12:00:00.000Z,8741,Península
385284.0,2025-12-26T14:00:00.000+01:00,2025-12-26T13:00:00Z,2025-12-26T13:00:00.000Z,8741,Península
373749.0,2025-12-26T15:00:00.000+01:00,2025-12-26T14:00:00Z,2025-12-26T14:00:00.000Z,8741,Península
366521.0,2025-12-26T16:00:00.000+01:00,2025-12-26T15:00:00Z,2025-12-26T15:00:00.000Z,8741,Península
364409.0,2025-12-26T17:00:00.000+01:00,2025-12-26T16:00:00Z,2025-12-26T16:00:00.000Z,8741,Península
376881.0,2025-12-26T18:00:00.000+01:00,2025-12-26T17:00:00Z,2025-12-26T17:00:00.000Z,8741,Península
384563.0,2025-12-26T19:00:00.000+01:00,2025-12-26T18:00:00Z,2025-12-26T18:00:00.000Z,8741,Península
390603.0,2025-12-26T20:00:00.000+01:00,2025-12-26T19:00:00Z,2025-12-26T19:00:00.000Z,8741,Península
384695.0,2025-12-26T21:00:00.000+01:00,2025-12-26T20:00:00Z,2025-12-26T20:00:00.000Z,8741,Península
357738.0,2025-12-26T22:00:00.000+01:00,2025-12-26T21:00:00Z,2025-12-26T21:00:00.000Z,8741,Península
329869.0,2025-12-26T23:00:00.000+01:00,2025-12-26T22:00:00Z,2025-12-26T22:00:00.000Z,8741,Península
300424.0,2025-12-27T00:00:00.000+01:00,2025-12-26T23:00:00Z,2025-12-26T23:00:00.000Z,8741,Península
275372.0,2025-12-27T01:00:00.000+01:00,2025-12-27T00:00:00Z,2025-12-27T00:00:00.000Z,8741,Península
256115.0,2025-12-27T02:00:00.000+01:00,2025-12-27T01:00:00Z,2025-12-27T01:00:00.000Z,8741,Península
244654.0,2025-12-27T03:00:00.000+01:00,2025-12-27T02:00:00Z,2025-12-27T02:00:00.000Z,8741,Península
239362.0,2025-12-27T04:00:00.000+01:00,2025-12-27T03:00:00Z,2025-12-27T03:00:00.000Z,8741,Península
240057.0,2025-12-27T05:00:00.000+01:00,2025-12-27T04:00:00Z,2025-12-27T04:00:00.000Z,8741,Península
251021.0,2025-12-27T06:00:00.000+01:00,2025-12-27T05:00:00Z,2025-12-27T05:00:00.000Z,8741,Península
267434.0,2025-12-27T07:00:00.000+01:00,2025-12-27T06:00:00Z,2025-12-27T06:00:00.000Z,8741,Península
288356.0,2025-12-27T08:00:00.000+01:00,2025-12-27T07:00:00Z,2025-12-27T07:00:00.000Z,8741,Península
317886.0,2025-12-27T09:00:00.000+01:00,2025-12-27T08:00:00Z,2025-12-27T08:00:00.000Z,8741,Península
348889.0,2025-12-27T10:00:00.000+01:00,2025-12-27T09:00:00Z,2025-12-27T09:00:00.000Z,8741,Península
363662.0,2025-12-27T11:00:00.000+01:00,2025-12-27T10:00:00Z,2025-12-27T10:00:00.000Z,8741,Península
366091.0,2025-12-27T12:00:00.000+01:00,2025-12-27T11:00:00Z,2025-12-27T11:00:00.000Z,8741,Península
374266.0,2025-12-27T13:00:00.000+01:00,2025-12-27T12:00:00Z,2025-12-27T12:00:00.000Z,8741,Península
382477.0,2025-12-27T14:00:00.000+01:00,2025-12-27T13:00:00Z,2025-12-27T13:00:00.000Z,8741,Península
369820.0,2025-12-27T15:00:00.000+01:00,2025-12-27T14:00:00Z,2025-12-27T14:00:00.000Z,8741,Península
353911.0,2025-12-27T16:00:00.000+01:00,2025-12-27T15:00:00Z,2025-12-27T15:00:00.000Z,8741,Península
349874.0,2025-12-27T17:00:00.000+01:00,2025-12-27T16:00:00Z,2025-12-27T16:00:00.000Z,8741,Península
361544.0,2025-12-27T18:00:00.000+01:00,2025-12-27T17:00:00Z,2025-12-27T17:00:00.000Z,8741,Península
365797.0,2025-12-27T19:00:00.000+01:00,2025-12-27T18:00:00Z,2025-12-27T18:00:00.000Z,8741,Península
372846.0,2025-12-27T20:00:00.000+01:00,2025-12-27T19:00:00Z,2025-12-27T19:00:00.000Z,8741,Península
368014.0,2025-12-27T21:00:00.000+01:00,2025-12-27T20:00:00Z,2025-12-27T20:00:00.000Z,8741,Península
342724.0,2025-12-27T22:00:00.000+01:00,2025-12-27T21:00:00Z,2025-12-27T21:00:00.000Z,8741,Península
311821.0,2025-12-27T23:00:00.000+01:00,2025-12-27T22:00:00Z,2025-12-27T22:00:00.000Z,8741,Península
283570.0,2025-12-28T00:00:00.000+01:00,2025-12-27T23:00:00Z,2025-12-27T23:00:00.000Z,8741,Península
261573.0,2025-12-28T01:00:00.000+01:00,2025-12-28T00:00:00Z,2025-12-28T00:00:00.000Z,8741,Península
244614.0,2025-12-28T02:00:00.000+01:00,2025-12-28T01:00:00Z,2025-12-28T01:00:00.000Z,8741,Península
235175.0,2025-12-28T03:00:00.000+01:00,2025-12-28T02:00:00Z,2025-12-28T02:00:00.000Z,8741,Península
229892.0,2025-12-28T04:00:00.000+01:00,2025-12-28T03:00:00Z,2025-12-28T03:00:00.000Z,8741,Península
228267.0,2025-12-28T05:00:00.000+01:00,2025-12-28T04:00:00Z,2025-12-28T04:00:00.000Z,8741,Península
233286.0,2025-12-28T06:00:00.000+01:00,2025-12-28T05:00:00Z,2025-12-28T05:00:00.000Z,8741,Península
244644.0,2025-12-28T07:00:00.000+01:00,2025-12-28T06:00:00Z,2025-12-28T06:00:00.000Z,8741,Península
258455.0,2025-12-28T08:00:00.000+01:00,2025-12-28T07:00:00Z,2025-12-28T07:00:00.000Z,8741,Península
283791.0,2025-12-28T09:00:00.000+01:00,2025-12-28T08:00:00Z,2025-12-28T08:00:00.000Z,8741,Península
314060.0,2025-12-28T10:00:00.000+01:00,2025-12-28T09:00:00Z,2025-12-28T09:00:00.000Z,8741,Península
329455.0,2025-12-28T11:00:00.000+01:00,2025-12-28T10:00:00Z,2025-12-28T10:00:00.000Z,8741,Península
334464.0,2025-12-28T12:00:00.000+01:00,2025-12-28T11:00:00Z,2025-12-28T11:00:00.000Z,8741,Península
343434.0,2025-12-28T13:00:00.000+01:00,2025-12-28T12:00:00Z,2025-12-28T12:00:00.000Z,8741,Península
348697.0,2025-12-28T14:00:00.000+01:00,2025-12-28T13:00:00Z,2025-12-28T13:00:00.000Z,8741,Península
339899.0,2025-12-28T15:00:00.000+01:00,2025-12-28T14:00:00Z,2025-12-28T14:00:00.000Z,8741,Península
333702.0,2025-12-28T16:00:00.000+01:00,2025-12-28T15:00:00Z,2025-12-28T15:00:00.000Z,8741,Península
330939.0,2025-12-28T17:00:00.000+01:00,2025-12-28T16:00:00Z,2025-12-28T16:00:00.000Z,8741,Península
346668.0,2025-12-28T18:00:00.000+01:00,2025-12-28T17:00:00Z,2025-12-28T17:00:00.000Z,8741,Península
356034.0,2025-12-28T19:00:00.000+01:00,2025-12-28T18:00:00Z,2025-12-28T18:00:00.000Z,8741,Península
364804.0,2025-12-28T20:00:00.000+01:00,2025-12-28T19:00:00Z,2025-12-28T19:00:00.000Z,8741,Península
363864.0,2025-12-28T21:00:00.000+01:00,2025-12-28T20:00:00Z,2025-12-28T20:00:00.000Z,8741,Península
341917.0,2025-12-28T22:00:00.000+01:00,2025-12-28T21:00:00Z,2025-12-28T21:00:00.000Z,8741,Península
311685.0,2025-12-28T23:00:00.000+01:00,2025-12-28T22:00:00Z,2025-12-28T22:00:00.000Z,8741,Península
284755.0,2025-12-29T00:00:00.000+01:00,2025-12-28T23:00:00Z,2025-12-28T23:00:00.000Z,8741,Península
261684.0,2025-12-29T01:00:00.000+01:00,2025-12-29T00:00:00Z,2025-12-29T00:00:00.000Z,8741,Península
248270.0,2025-12-29T02:00:00.000+01:00,2025-12-29T01:00:00Z,2025-12-29T01:00:00.000Z,8741,Península
240599.0,2025-12-29T03:00:00.000+01:00,2025-12-29T02:00:00Z,2025-12-29T02:00:00.000Z,8741,Península
238943.0,2025-12-29T04:00:00.000+01:00,2025-12-29T03:00:00Z,2025-12-29T03:00:00.000Z,8741,Península
246016.0,2025-12-29T05:00:00.000+01:00,2025-12-29T04:00:00Z,2025-12-29T04:00:00.000Z,8741,Península
270036.0,2025-12-29T06:00:00.000+01:00,2025-12-29T05:00:00Z,2025-12-29T05:00:00.000Z,8741,Península
308628.0,2025-12-29T07:00:00.000+01:00,2025-12-29T06:00:00Z,2025-12-29T06:00:00.000Z,8741,Península
345748.0,2025-12-29T08:00:00.000+01:00,2025-12-29T07:00:00Z,2025-12-29T07:00:00.000Z,8741,Península
374927.0,2025-12-29T09:00:00.000+01:00,2025-12-29T08:00:00Z,2025-12-29T08:00:00.000Z,8741,Península
393530.0,2025-12-29T10:00:00.000+01:00,2025-12-29T09:00:00Z,2025-12-29T09:00:00.000Z,8741,Península
397052.0,2025-12-29T11:00:00.000+01:00,2025-12-29T10:00:00Z,2025-12-29T10:00:00.000Z,8741,Península
396173.0,2025-12-29T12:00:00.000+01:00,2025-12-29T11:00:00Z,2025-12-29T11:00:00.000Z,8741,Península
397846.0,2025-12-29T13:00:00.000+01:00,2025-12-29T12:00:00Z,2025-12-29T12:00:00.000Z,8741,Península
396993.0,2025-12-29T14:00:00.000+01:00,2025-12-29T13:00:00Z,2025-12-29T13:00:00.000Z,8741,Península
391644.0,2025-12-29T15:00:00.000+01:00,2025-12-29T14:00:00Z,2025-12-29T14:00:00.000Z,8741,Península
386262.0,2025-12-29T16:00:00.000+01:00,2025-12-29T15:00:00Z,2025-12-29T15:00:00.000Z,8741,Península
384094.0,2025-12-29T17:00:00.000+01:00,2025-12-29T16:00:00Z,2025-12-29T16:00:00.000Z,8741,Península
397478.0,2025-12-29T18:00:00.000+01:00,2025-12-29T17:00:00Z,2025-12-29T17:00:00.000Z,8741,Península
403550.0,2025-12-29T19:00:00.000+01:00,2025-12-29T18:00:00Z,2025-12-29T18:00:00.000Z,8741,Península
411467.0,2025-12-29T20:00:00.000+01:00,2025-12-29T19:00:00Z,2025-12-29T19:00:00.000Z,8741,Península
407045.0,2025-12-29T21:00:00.000+01:00,2025-12-29T20:00:00Z,2025-12-29T20:00:00.000Z,8741,Península
375964.0,2025-12-29T22:00:00.000+01:00,2025-12-29T21:00:00Z,2025-12-29T21:00:00.000Z,8741,Península
337018.0,2025-12-29T23:00:00.000+01:00,2025-12-29T22:00:00Z,2025-12-29T22:00:00.000Z,8741,Península
305295.0,2025-12-30T00:00:00.000+01:00,2025-12-29T23:00:00Z,2025-12-29T23:00:00.000Z,8741,Península
278796.0,2025-12-30T01:00:00.000+01:00,2025-12-30T00:00:00Z,2025-12-30T00:00:00.000Z,8741,Península
261400.0,2025-12-30T02:00:00.000+01:00,2025-12-30T01:00:00Z,2025-12-30T01:00:00.000Z,8741,Península
252774.0,2025-12-30T03:00:00.000+01:00,2025-12-30T02:00:00Z,2025-12-30T02:00:00.000Z,8741,Península
250212.0,2025-12-30T04:00:00.000+01:00,2025-12-30T03:00:00Z,2025-12-30T03:00:00.000Z,8741,Península
256578.0,2025-12-30T05:00:00.000+01:00,2025-12-30T04:00:00Z,2025-12-30T04:00:00.000Z,8741,Península
282358.0,2025-12-30T06:00:00.000+01:00,2025-12-30T05:00:00Z,2025-12-30T05:00:00.000Z,8741,Península
319252.0,2025-12-30T07:00:00.000+01:00,2025-12-30T06:00:00Z,2025-12-30T06:00:00.000Z,8741,Península
354998.0,2025-12-30T08:00:00.000+01:00,2025-12-30T07:00:00Z,2025-12-30T07:00:00.000Z,8741,Península
382026.0,2025-12-30T09:00:00.000+01:00,2025-12-30T08:00:00Z,2025-12-30T08:00:00.000Z,8741,Península
401099.0,2025-12-30T10:00:00.000+01:00,2025-12-30T09:00:00Z,2025-12-30T09:00:00.000Z,8741,Península
400090.0,2025-12-30T11:00:00.000+01:00,2025-12-30T10:00:00Z,2025-12-30T10:00:00.000Z,8741,Península
393086.0,2025-12-30T12:00:00.000+01:00,2025-12-30T11:00:00Z,2025-12-30T11:00:00.000Z,8741,Península
394410.0,2025-12-30T13:00:00.000+01:00,2025-12-30T12:00:00Z,2025-12-30T12:00:00.000Z,8741,Península
395965.0,2025-12-30T14:00:00.000+01:00,2025-12-30T13:00:00Z,2025-12-30T13:00:00.000Z,8741,Península
391582.0,2025-12-30T15:00:00.000+01:00,2025-12-30T14:00:00Z,2025-12-30T14:00:00.000Z,8741,Península
386010.0,2025-12-30T16:00:00.000+01:00,2025-12-30T15:00:00Z,2025-12-30T15:00:00.000Z,8741,Península
380959.0,2025-12-30T17:00:00.000+01:00,2025-12-30T16:00:00Z,2025-12-30T16:00:00.000Z,8741,Península
394310.0,2025-12-30T18:00:00.000+01:00,2025-12-30T17:00:00Z,2025-12-30T17:00:00.000Z,8741,Península
401578.0,2025-12-30T19:00:00.000+01:00,2025-12-30T18:00:00Z,2025-12-30T18:00:00.000Z,8741,Península
407477.0,2025-12-30T20:00:00.000+01:00,2025-12-30T19:00:00Z,2025-12-30T19:00:00.000Z,8741,Península
404860.0,2025-12-30T21:00:00.000+01:00,2025-12-30T20:00:00Z,2025-12-30T20:00:00.000Z,8741,Península
377877.0,2025-12-30T22:00:00.000+01:00,2025-12-30T21:00:00Z,2025-12-30T21:00:00.000Z,8741,Península
340436.0,2025-12-30T23:00:00.000+01:00,2025-12-30T22:00:00Z,2025-12-30T22:00:00.000Z,8741,Península
306988.0,2025-12-31T00:00:00.000+01:00,2025-12-30T23:00:00Z,2025-12-30T23:00:00.000Z,8741,Península
279819.0,2025-12-31T01:00:00.000+01:00,2025-12-31T00:00:00Z,2025-12-31T00:00:00.000Z,8741,Península
262183.0,2025-12-31T02:00:00.000+01:00,2025-12-31T01:00:00Z,2025-12-31T01:00:00.000Z,8741,Península
251482.0,2025-12-31T03:00:00.000+01:00,2025-12-31T02:00:00Z,2025-12-31T02:00:00.000Z,8741,Península
247967.0,2025-12-31T04:00:00.000+01:00,2025-12-31T03:00:00Z,2025-12-31T03:00:00.000Z,8741,Península
250159.0,2025-12-31T05:00:00.000+01:00,2025-12-31T04:00:00Z,2025-12-31T04:00:00.000Z,8741,Península
267477.0,2025-12-31T06:00:00.000+01:00,2025-12-31T05:00:00Z,2025-12-31T05:00:00.000Z,8741,Península
296378.0,2025-12-31T07:00:00.000+01:00,2025-12-31T06:00:00Z,2025-12-31T06:00:00.000Z,8741,Península
324427.0,2025-12-31T08:00:00.000+01:00,2025-12-31T07:00:00Z,2025-12-31T07:00:00.000Z,8741,Península
353689.0,2025-12-31T09:00:00.000+01:00,2025-12-31T08:00:00Z,2025-12-31T08:00:00.000Z,8741,Península
375984.0,2025-12-31T10:00:00.000+01:00,2025-12-31T09:00:00Z,2025-12-31T09:00:00.000Z,8741,Península
377749.0,2025-12-31T11:00:00.000+01:00,2025-12-31T10:00:00Z,2025-12-31T10:00:00.000Z,8741,Península
373094.0,2025-12-31T12:00:00.000+01:00,2025-12-31T11:00:00Z,2025-12-31T11:00:00.000Z,8741,Península
368834.0,2025-12-31T13:00:00.000+01:00,2025-12-31T12:00:00Z,2025-12-31T12:00:00.000Z,8741,Península
368055.0,2025-12-31T14:00:00.000+01:00,2025-12-31T13:00:00Z,2025-12-31T13:00:00.000Z,8741,Península
364549.0,2025-12-31T15:00:00.000+01:00,2025-12-31T14:00:00Z,2025-12-31T14:00:00.000Z,8741,Península
360239.0,2025-12-31T16:00:00.000+01:00,2025-12-31T15:00:00Z,2025-12-31T15:00:00.000Z,8741,Península
361598.0,2025-12-31T17:00:00.000+01:00,2025-12-31T16:00:00Z,2025-12-31T16:00:00.000Z,8741,Península
382616.0,2025-12-31T18:00:00.000+01:00,2025-12-31T17:00:00Z,2025-12-31T17:00:00.000Z,8741,Península
386368.0,2025-12-31T19:00:00.000+01:00,2025-12-31T18:00:00Z,2025-12-31T18:00:00.000Z,8741,Península
376425.0,2025-12-31T20:00:00.000+01:00,2025-12-31T19:00:00Z,2025-12-31T19:00:00.000Z,8741,Península
355618.0,2025-12-31T21:00:00.000+01:00,2025-12-31T20:00:00Z,2025-12-31T20:00:00.000Z,8741,Península
321674.0,2025-12-31T22:00:00.000+01:00,2025-12-31T21:00:00Z,2025-12-31T21:00:00.000Z,8741,Península
301317.0,2025-12-31T23:00:00.000+01:00,2025-12-31T22:00:00Z,2025-12-31T22:00:00.000Z,8741,Península
